# F1LEFT = 4899.999999999991 Hz. F1RIGHT = -4999.999999999991 Hz.
# F2LEFT = 26700.000000000007 Hz. F2RIGHT = -26800.000000000007 Hz.
#NROWS = 100
#NCOLS = 536
99098815.15445612
117829990.28133978
101043495.0195212
71906492.22771364
83605527.17025328
123078618.54725942
133590722.25619212
142591157.19794893
128921789.75418013
119331279.06807908
119280006.41554746
102537304.20990397
69711902.22551472
89193651.47251935
110725723.40654881
85384879.63022259
134456770.5915489
107847489.45100677
77134979.0827912
110600974.69348375
101572500.81293498
106419237.81825511
160539204.71988004
131855773.88526395
140095647.69574943
132125595.86986539
139342358.0855333
174015500.11026743
153994017.21654284
177734031.77504975
153836603.43507153
180712718.6560143
196974117.2556001
148302708.16455346
151519116.6470943
169474034.36353272
186173970.71349064
172675074.10974902
205958344.66938454
213105082.50819382
215580450.96606088
218598933.3656699
242716276.98879275
256295517.63154876
209848332.04986143
259585364.5586571
241673953.56619585
263296214.67709416
246727540.44354853
264871722.0307535
288115792.3811374
241342070.85542846
255359526.57936049
239120191.61801142
235629695.27649188
171673881.56627333
219823866.8371241
259395336.91243568
212608854.62981373
230124960.89330736
213325362.81948146
190302016.91941643
217928303.47959518
240821407.16215378
228634222.88527828
224567962.63318756
183977176.60381943
175814469.56200287
186706403.3426542
164302656.31549028
160414093.87441793
145281501.07489738
120717877.52685796
107052448.61198634
171145274.57911053
160831421.8904145
99030101.91944343
82504469.94448304
119340201.54498877
101682456.77860236
40454462.24143319
83667791.56345508
92512880.46772276
78607188.84565331
64375788.68540903
42027467.89915798
51901100.09669077
57877419.90695982
26794598.48226396
52693322.1196858
37854612.1488569
39403220.915289104
43255103.74912216
18931045.440957062
2840303.7010919973
33149779.936592408
79038437.64566308
32144175.797759496
21576691.816266168
11693680.276681788
40507045.10430968
20304853.95845206
5155609.758957583
37268770.62834146
17779383.981561076
-6144470.815615786
-9139304.804289272
717944.0507984608
26075144.232411273
24681470.080699164
34777316.83838681
49729186.651654184
29789233.56899468
56008287.032712206
31891351.333152197
6286291.729387736
3044437.092705586
41732917.49781422
38914122.294240735
-622465.6576536633
24093988.416401092
-47781291.92547242
2807188.403138679
30788267.30404774
-3307459.3411315395
7756689.166497102
-6558508.039043879
15639130.441327272
-7704090.334383488
30384576.056003645
-4198637.889495265
6705721.815079862
-30842872.79289847
-22852578.214591276
42823388.89711332
-7567403.643627606
-31941718.878015786
-6390979.439530693
18529718.380693965
2927228.7420597114
16428670.813100751
-25571398.991575845
5975638.510206446
-20107282.281763397
-19903934.66141441
-26684408.609391026
-2545522.1863204893
36599550.85203414
14662040.658242045
15526579.498806981
3834675.497199569
29986886.243105635
5772178.078776915
-12575481.268706884
25919485.065442666
31415007.417375244
-2915759.297912186
-27226530.311097763
-28445106.549509905
11986123.23909326
13547039.714876924
44678501.352815986
21647818.957505625
25770006.505023655
8229477.98440143
42974293.42412013
33760208.30267211
6463932.324542787
5226521.925403798
13316786.386554584
12496747.269218054
-7562910.8805616405
21980064.861276258
-59147851.173542686
57214301.70286296
32255274.215202052
49665909.53808616
53862962.79150496
9504345.246388346
36720172.38889488
-27000476.573599342
12737799.978599794
43322753.47237218
37360308.434790865
37262286.65625797
29599384.730546694
13156490.977684576
41794246.04701255
33243748.202264212
70111376.77678768
24755011.369994342
26521128.11809549
49370285.04216246
56186122.00483697
71991440.30300665
70252529.13923922
128375651.16325828
81669644.22120386
60446986.601989836
84771485.27632344
110031250.98098615
138800351.05457783
143108307.03938606
189015779.49146354
222640851.17415696
236228828.96144217
290740912.258277
328182269.5617143
377053058.6588948
455083568.16241515
478007440.29052126
507538942.1591343
537995836.9505788
464494270.8243511
434406426.91341585
387124136.30043256
342297798.1050942
290587624.63821423
293397730.2864858
298395280.65973496
252356206.9007883
282791963.6374631
339590117.3705855
368782426.5648553
337393737.5163406
412602850.2968861
441728366.826658
510833197.2930808
550167823.7028627
607165077.2582202
632403770.9409028
632641549.3837091
641323571.6561717
585586757.9522039
638580290.4025443
586651720.5356419
605506401.4293602
584606539.9609442
620861538.8077757
714992585.4618578
786943978.2678118
874245453.514252
989656591.763091
1140873959.6752005
1193053208.9616618
1334401863.3752892
1473250700.0058777
1577555933.7749674
1606235102.6308224
1606409726.64907
1610029088.5451102
1548675395.559235
1505932354.8017802
1444670941.4035997
1361341742.9877148
1323755664.2914844
1205276835.6786287
1173954166.6724114
1119233303.4029193
1055097582.7490816
1071753717.3169616
997821684.0534887
1002168970.0692153
974945093.945081
941630296.1160419
931466350.939007
910745627.388824
923828917.2048745
894304657.8924108
845079920.7353587
924061300.3990068
864216576.5210081
826055454.1588376
814305704.9216318
770426936.9057965
753235425.9031193
685227884.1391633
730475736.9876549
686487260.8808509
636667262.5038383
594897485.8680261
559768022.3629811
528809609.16040266
512536956.9093222
460248653.02212346
418136375.3169839
398648984.5728394
383337607.8963805
377332742.06557995
360979576.6088098
326195345.46014494
289853074.63753843
275361589.29412013
266658921.21949208
272929282.5313956
227187494.8376975
209993156.9996321
217541168.6805758
246439415.8058065
137031011.96308616
160125328.29589328
177702182.02674234
105381636.92725231
145710590.43310466
155850246.40427035
142152482.96202794
114084875.92135802
125411828.76713811
129519471.6475742
81186227.08333787
90300122.00619408
134024667.23571715
66303707.647058055
92214370.2159849
73744498.79777825
87116221.73686753
117939024.35617866
98719943.47576973
96546317.96457276
55231083.30942134
68521637.84423782
81913234.49689145
67990835.83086318
47379360.869697385
50736624.917004585
62031137.52095329
84508189.66700351
29429438.915910088
55825935.12002334
50698534.522557974
36662941.636288814
64891691.15959173
18525629.68719381
22604468.09348117
34406071.1426614
51842043.820860185
59156447.27328105
26698244.61215035
40714824.70646914
44205094.88864945
28478488.57503497
30145479.337966137
1749287.9141692296
54811908.68077184
-978502.0104252547
10079539.585883101
19193773.023446888
22262021.362187997
59278613.61163502
16127442.933403578
9636992.035931867
10884774.943550747
22305434.547433738
21162592.453148372
65152718.386633776
23620610.596373342
26664578.687637977
17196435.077534314
37261959.00683206
-14063607.991229363
14276509.28876723
32764906.506177064
30180480.83626289
86182146.1874613
-2054326.5146751218
11819800.860379528
18252391.020105638
11379123.566359233
-34813376.081094615
16643239.829368243
25673661.25105174
36743580.35313089
50523603.14546747
20274395.62368814
26401347.932250567
-31277323.14835604
-41327371.74802261
-245521.75000533462
32047685.225291435
-7665622.632014599
-17380932.244281612
25252353.03442408
23898849.789197046
53932283.61492428
42112308.38526683
9603326.00041373
17053048.006442852
8477855.811712708
-56322545.63047499
-10819884.06033248
84664458.706475
23265477.074460015
53350102.05330141
11708658.795730943
2599282.629121501
-10025377.111513264
-2193479.1629831186
28376564.302929975
18185654.105098397
42016023.26975046
25726921.14904629
15385009.985284282
42094842.61077841
10633898.042443812
-15183424.604925428
1519268.4439615197
-1172141.2316532666
35911951.72588502
42395539.16208358
87338152.50347546
16762795.218526512
40850961.93851223
35133414.18939412
56123988.49311296
49977851.61380786
38028569.94929819
46148930.843509234
40703452.91172925
80770804.97106564
53331255.44838782
73596847.62559253
47658800.954084724
48732517.49350903
61970322.11838922
63550751.28287275
37391375.81077476
76762195.28770524
95531576.0081231
111827809.31872714
59402258.44143172
60994630.69601378
77871542.25740796
129361227.94004278
75046030.67198293
78485982.2857546
103053471.48041372
46188494.78049448
114597480.3818658
81547514.58726709
86749282.9004443
97896473.3367884
114478819.30353284
88912092.67005533
153074802.21006453
165705296.54859075
185230531.9253414
181063239.41193664
179486036.4290766
193841801.03587365
212585354.2750585
216151008.79774398
182040656.89654088
194083500.5295667
195838796.91728374
233933570.1423853
226775443.32599303
217015049.97173607
244621557.5780676
262289875.14259362
216883770.2406416
285337373.4797485
246017157.64245364
270444009.11003083
281464385.3557127
259958811.78328726
276010726.9191468
248508329.46723595
311558625.62260216
260665918.79872835
241051934.64998624
232789496.8012258
259545019.36848417
247697490.06151608
219156031.0049451
222800124.68988645
201884567.22526836
213616097.14819682
208992261.65225947
233147162.61074695
234124513.32133502
212202480.6570804
211162921.4671479
207066566.01393712
154434507.6881723
212603264.30252248
241638199.4019619
206107908.63446718
190559788.1802847
161034460.7670331
180539100.82415116
190696464.03429455
181705178.55943188
184235719.09210142
187129689.6886062
124228760.76002255
162602068.87966955
125673912.06301759
143222119.88777196
159425630.43558726
111400734.0461294
101552510.36273417
173039309.59290895
167806957.08045775
72066319.67766759
105194367.94903189
80920034.10722119
127817783.56428367
117052103.4545524
110798528.43020801
45261026.740103886
81099340.04051957
117479284.35325596
45455677.66706635
46843244.01945573
88908664.4751292
81394505.96783084
69703115.59001175
104600843.27522828
68754949.16357867
93310198.35570928
74883435.26246251
69776885.05593494
64077928.45736961
39487082.90028085
34590895.2640239
49884860.75618991
82491885.30977312
75856786.08023621
50215090.5641063
45367353.64402242
41386956.212442905
27213589.200640276
20991461.19781305
66198865.470884636
40763918.71574491
48089897.786910966
66096686.89944053
79201185.22681415
90688933.11566162
104642721.73001204
117326416.74499674
74728240.84313585
123325003.20479426
109764709.5243818
64893497.965959586
158435247.09770083
118490114.09346175
129998724.26366338
150415166.87735832
141054758.77437848
77475043.80997671
103929738.47118583
128577771.20555076
147191591.54900774
124480282.10412721
114623114.85907355
151722449.3081117
73923449.42711744
129890764.71094155
151847544.98299208
126487181.3135527
150672516.96594533
177690763.11626148
137103414.457822
142904440.06756097
182608982.58516848
167785008.99494565
164605232.9904612
190928978.22155195
201774851.96892297
202537316.14904925
149058564.05264613
156312203.377748
209489124.1766
200359928.8932393
205801270.4159863
228973629.11254486
248338642.4628101
242448410.42445216
218437775.458098
234953837.24980366
238287237.69121832
233871173.3368625
244729898.29322234
272564245.39613265
264555014.518241
232383634.8928609
275774239.4659574
221640754.35450068
256617432.0880586
282234782.45500743
285699173.5942366
270617185.8705181
235151558.23773718
228165056.61799854
228892985.02162856
254919692.69395852
231721155.05716807
226042891.96530017
180184979.549001
220254146.81386322
193323365.99147314
182691258.68720552
217860657.04805535
187821246.34772044
210403439.108198
157433483.1135157
142505139.6283544
166260697.44481257
133979428.49692945
162601012.3683347
146474908.82814872
96349221.77765387
148834672.67741922
117454324.45684452
85936317.05543105
91219469.62945122
78125327.19572408
106142176.52460462
61280726.61418424
56850704.226655476
87485107.07601966
74057765.83430201
82893417.51145202
70388961.87141718
42842843.01431754
69392503.1502458
37352279.781441495
46570383.53692524
61226026.442061245
73606115.81451662
44758463.275602534
6727674.638614669
13267586.772965144
24102501.73082892
28911677.436255068
-3213265.151058282
25828942.96086365
43952309.04602182
10219161.817615079
5864503.788447968
47360709.8818902
-11506129.200006116
39875623.12986163
-2136469.7907919027
15445917.957075259
13976969.213712757
-6967416.360999737
10787985.97875255
15154034.050974183
54187346.82085362
-539007.4460160481
12453865.175933942
2470511.437627908
20840869.729113307
22557655.77702555
33181139.632568657
-25024218.915243104
-4826848.410178069
1154643.9530150928
-4324132.350342169
11541031.384099338
12359523.00843469
-5219534.207256207
23325606.85495712
-2997065.993949258
-8049117.181900986
8998261.327210585
18362326.356915444
21869319.693323255
-17151894.412284855
-1436050.94543178
-31770599.309089992
26885407.953406066
-2806017.135892447
-8618046.602719493
9776082.909344222
30449085.4203803
-14006839.6481727
-2775619.0668131467
-2474777.928722579
-11422127.948058715
20974720.749733243
15807007.704590444
-4001682.5306882355
-17610876.773571182
-1465958.8005549759
20186021.730459884
6265912.640551373
-14527554.011315156
-19783342.20094998
-22136885.06809639
31335925.30248632
128761.38333215797
28714077.045036905
7035572.716754233
-24577420.518262632
-29738657.75275783
-26906744.848091274
-10275912.931279585
16366278.846830677
2771206.6868040664
-23599781.269413084
-31422853.528798465
17962548.085305337
19359387.66675527
14971911.126128023
5951386.765943238
-2231021.629350947
20755774.941673156
-4200857.336578507
29492885.981134314
-12736138.484315071
33960295.26034155
64999689.12754965
-2306326.8905359153
10490464.870887384
17461807.696923558
12786546.668619916
59343752.581883304
18749892.648120016
25692256.319044515
47377243.37405064
33459157.59207225
51034002.93637069
68538108.396563
73563000.69386366
80577841.68856499
31503483.27334243
61486235.867817625
68394299.3304112
42517742.54862667
47871193.92806068
72330715.87440577
115333467.18933752
113526291.50024787
157456963.35316712
131356867.05892983
178476546.39196387
173790766.01605293
213310651.28369957
230949306.45538324
294547266.77230716
314602065.3295698
373640815.93697345
421371688.02542734
436184335.6888753
505145699.2304392
437152087.3620028
446534770.36357826
430967608.41053224
401490094.0799211
353954660.02226245
347628655.79596376
316771852.19845855
274635405.6661835
283099293.4260644
336771292.6064915
292340929.0572939
337428700.0325375
394214041.632769
389624099.77981794
479563552.23719084
516093473.24250937
548072418.6815734
615324371.8419428
665345066.7382066
612970522.5121975
619340906.4676343
640682207.0670216
597167883.4569943
596099406.8744547
618722484.2973323
657937373.136042
664293869.622746
702854256.3730683
806618077.3594567
873760854.1829517
996695803.1027515
1091990562.8389375
1203275120.5231977
1360011743.9834847
1480548482.7375536
1553268504.9363728
1597789690.1804094
1617349987.2325482
1601502961.4052916
1600598620.7459598
1539362330.1897764
1441389090.759088
1380789041.4066243
1319859517.1511502
1234543709.7553883
1200494014.692344
1170079035.496775
1103948253.0135994
1086391883.2641149
1021359110.3800118
996284181.1363878
999290665.6173586
975718578.0921669
1008109182.0266595
915958910.6131468
891047606.4734138
941613180.701891
930083246.4570649
875662446.5759114
829824449.0778446
859539893.1631392
833853497.5883257
761213092.182106
736015482.3376067
691094090.771573
622215661.0206355
656242975.9334371
637186290.2768823
572999575.9402046
557073967.7825471
517368164.5372355
475828157.8915075
431519255.4005815
384772190.4041601
386499802.6758342
408511520.32648134
352522895.76406085
310047321.7343669
324089415.9686041
304534270.2161434
289955465.0413944
258117677.99738318
250929563.47159624
287153247.80245525
217382384.55892062
209877381.03764182
195734828.13829213
168053886.91775358
223601666.0583972
163297908.4607798
157007821.7429223
168729958.2178856
161063345.07896215
149908986.79185018
109645108.88300906
105629727.374851
110820056.87107041
140407625.1098173
125510194.09551638
109589694.2742464
114595701.3705656
115272240.58223438
142724228.3170471
91377666.50640354
82175207.38733074
61481225.67177141
90181513.95815855
108065472.95077315
22973587.10928483
124410364.99547091
103868684.36820358
50343609.0587292
54254331.80300103
42162718.23452314
51994214.46099618
53041065.38862825
37507491.72937696
55001179.87461831
53600627.496572636
40192735.976489946
87733844.00939283
46732773.132923834
23217188.468785785
27640595.199308276
28764066.736210734
29365930.09827773
36729217.51609293
18242802.318296447
26981259.44295419
36021870.94865218
46566656.7619753
58569542.17260921
43250912.25352991
24898265.649839956
10718879.371630292
-11089661.83236061
33586360.40561501
50717723.92662737
1519537.877698766
36906002.81309379
28148822.921442635
35364357.028891206
32553295.387381528
-922518.166249074
11257450.323912686
23309113.007514454
27598215.91510683
45503743.46654549
23856314.022295333
903621.0852770656
20340330.229495443
46212327.68329596
10152791.016700424
-1251238.478757564
24261087.087476723
18879009.876969896
29011793.76399252
-11473149.703027636
5871286.19886545
-4337914.919025242
4954427.311776999
-6234627.198347893
-17344094.86825658
47369225.51110023
4472661.547415874
38312695.116545066
16830336.43283531
7286588.1089470405
6590749.59057918
-13003057.014493924
5513394.363602202
-38134699.74746285
3919550.7442051843
42492199.30467428
29658388.58085973
11058384.564784378
14694985.963084454
18846192.88662686
29337143.96607382
28052303.765120614
5254574.754716177
23101359.481016427
34367497.888718896
21484398.423770487
26592427.09422101
-7914623.256099135
11178446.12954833
26934521.873877805
10375545.60269127
16888338.14690309
12090522.418890959
16832360.06481076
58350658.81490771
7941345.556945059
24399669.864331968
61929832.914030485
15297762.215667149
23859082.909672625
14931612.782639522
76994333.48455167
22435984.92795582
37071517.572452545
31680088.834965773
46168267.22641163
56927285.1631996
41025638.67608927
48410880.861326054
31358349.19248324
46360286.38517906
45227685.829677194
75548763.83823508
20900763.325527385
44446377.40970833
67041343.67178308
108545036.19920652
73856088.29865834
50179845.43294005
105151850.02117208
101241082.99791361
91342255.52901892
78353671.03299044
87006155.46268235
85913931.75409853
95173049.9187716
151652062.05824775
116045246.54670134
69551042.31015214
102445734.0208137
148448907.56894386
131838903.71754164
133087999.55110769
124300946.12330773
121237583.278366
146764321.9550621
120443159.62149
196691042.0029605
217203272.15585488
215680994.86653766
205354592.08783996
261523908.79185703
260161008.2162924
248307426.14132875
252757059.19182998
254770179.3960157
254191634.69791463
252404044.64791122
285033792.9677356
221230356.40646097
220794353.45529816
258913934.14304465
271036128.3745331
267299889.07778
265388926.4830963
254927746.3683784
259470945.3268265
248137432.72820985
259173728.66185567
232464324.88141456
234656563.51723418
248822848.38204157
243179849.4859725
194005093.1019473
214026527.800941
215025990.9104481
223621523.54676887
249980886.0737568
169081094.66720086
197934507.09546906
172042663.66445285
181968031.1405895
197736686.54964814
208942279.90959585
173185000.44831964
164129366.5274698
198884508.42375717
189202012.66718414
183851774.47739106
182390212.38544288
187523432.09249943
171634518.95230007
187277465.28538567
134430304.50239006
177478733.5803081
155053857.9038153
128909012.4386827
182323317.69790968
128902377.09454042
131497040.38131443
139790382.83434734
124122653.88207102
138027622.1123215
106893405.48114553
91062024.42130736
102941838.24129483
63246546.47513383
107190588.20141587
90283945.06021616
122132682.76471482
108797038.38458796
57884392.07392235
107208240.88190693
72563355.08769722
69477632.27037172
56118596.765227124
49877815.088377535
65518621.90618339
56161824.598208696
37807974.07483563
71132200.50980245
63942515.27273522
33845861.147322685
58494455.446002595
82301292.39015552
27420509.886464514
64666756.81414715
56639319.20395179
8918602.905835092
59162464.93987099
46628688.27841998
21731906.872403465
42059291.387845576
82987056.49761939
66779447.17044331
55571249.41752425
77676805.01668975
81328940.61803597
95404592.39397678
101173771.5998522
97225327.16205347
114295478.3722994
141154855.84527427
116923474.19664642
182939809.52970052
123148426.47795093
122287665.87820685
108197828.18367876
91875637.92142497
128409723.69792698
150882768.35764518
100689932.94939631
131205737.41110927
101953276.19371775
96480332.56314205
144845233.74780896
128334625.91749448
150205652.5604705
147251861.24528018
109834745.59464853
129371226.93096942
141381231.0314143
159875735.96516967
183554893.94442803
152043890.55430254
188908776.32378668
155469161.15765265
185317640.0166183
185947251.0224666
213634163.08224398
199309842.1430529
183619399.340324
216375457.1230567
210605168.76610696
247606976.39522386
232859126.0267991
219770857.336705
247887106.87839723
261807837.32769126
261980871.48075363
272052923.70967084
283571115.3375395
294653606.46650445
248134693.07051805
266257920.09195742
311683146.0075037
278470656.9760569
269789728.2168654
261750722.7808546
260480446.9063692
260939667.09434614
245347455.60272905
289246260.9522014
269260866.42914945
208919256.94519144
218884562.46213466
226598300.77929524
231123863.93965304
220372271.486709
230273580.92755657
247505351.29898947
246789016.8566799
195192269.28503916
147194680.66535753
195891717.64600393
166091217.38344997
226087984.88425627
175408045.41179535
125344803.55391084
177400237.0659058
133947598.9247332
136263825.63786173
122119133.07231043
115518845.02613007
107111279.31515789
98512146.64779699
90157134.45543611
85431776.65142728
60681970.85716604
106683304.8322867
79909148.19988823
28377951.855942577
60875683.85375668
70571817.02367438
43629260.97054948
45594677.089310415
68470793.75873886
82789368.64828503
49663968.09837441
77582621.7646396
74301231.36668324
53907345.75241586
72647537.73430553
32965085.77585617
14703196.778705899
42253288.35178313
56026602.83770826
5419053.603095144
70629368.01834172
33011284.00490392
34153240.9732891
43754913.76301564
2834210.8665900733
20276903.84020319
24421526.914415333
15272675.360030197
17767162.077910244
12561550.54369475
181620.52235510573
44776353.02962094
-12714394.107143104
23815889.9093446
49985425.2860647
-6758906.032536779
33427404.330385823
31378704.476462603
28045682.267100908
-4764479.989251088
21778748.227186043
24849292.328956023
-2826149.062864501
31762716.727011476
33054877.14796213
32484337.53749032
-28056424.929389954
9247630.960160501
40596675.436186895
5097274.047571398
-29585080.537426665
-11872619.958690122
-5755420.865425471
-1049764.7100027427
1432470.4181322725
17048423.991024755
23106459.018448737
179161.6654056036
-20815756.120199043
-29615460.863688454
-22312947.78315379
1854040.5089055225
10639037.205237448
-849546.1508923955
5938470.150808675
-5315489.112913757
5498926.748866096
-15481334.723241236
34979786.140656084
-24327933.97694715
24422071.439551227
51264168.83998036
19377816.621739652
34286312.95571748
-4327167.580567073
16300647.164679836
32983987.542102233
15942391.93608576
56396353.98596673
28635207.067756917
15416346.321919775
20619869.780406
-6410593.913610473
33593155.6714724
-152569.4534254521
31500753.49211654
7767581.317089155
21241429.258601576
4531553.824890552
32655125.100272283
-5592131.4820979
30186170.22085095
42324652.14049427
16427624.98922624
22008908.97459113
9607107.729852118
62735687.63924183
25615367.551237755
10646708.547060356
39537046.48497797
39945008.123405404
-11730396.955508418
43850225.80834563
3607594.6503739506
89670931.60827398
53228766.80067471
23409239.167465895
43710783.30318472
24042518.351637825
85774777.55753581
57027663.89915816
87802455.73218897
87160194.98184633
112120981.6783625
73580282.70709428
91000731.18906456
122285027.40835655
65950641.599680156
125928330.56625763
161747966.0793162
163084492.6856304
197699416.2563272
244857264.25898126
260253299.2017645
285649691.3093516
336460678.9943559
398830857.13753164
472884294.7074317
487739127.04174614
510701086.6320054
497954001.5918763
489199245.5189719
444101167.26742005
416702926.75826645
357824211.4184317
342702597.0108579
302753001.42098904
296288736.5370332
337719319.84292275
301124529.1702305
332143984.61006075
291267663.6372776
386090837.5240769
455601911.08459747
466100597.1787905
544149356.6593026
551440421.8715256
645952583.54034
659760225.7040906
666626840.37602
680486329.240562
589860346.4514935
620119824.8214254
620304883.3105432
625817476.660363
654631044.5693327
684950007.1328651
745201268.9941386
813903470.29725
872947230.6271713
979445529.1442325
1143553198.2356203
1277476486.5988026
1353696677.5869393
1481507647.8647594
1579455756.0309834
1591915559.5754237
1639732094.3569522
1632980199.6031466
1576789164.681065
1534006090.5172145
1514375716.9624352
1418519666.3852208
1350324656.791772
1263897734.501645
1166272117.9475965
1137606308.224649
1112159626.2559094
1063305181.6707852
1043331168.0495691
1031040868.2905202
1008059260.5130253
949691010.8548665
959072071.5574682
926552542.3455822
910597090.9016939
918009039.2528989
883060379.1648965
888410093.7202911
852439728.9825673
831690089.1310041
801099967.2703842
806195847.0469584
788637977.5792966
768096011.55014
711776842.6124098
689818516.7321471
602210722.207169
566017449.9848969
558183401.3784094
533321165.79658985
499907882.6486801
440528436.37110996
427369174.7035692
406007427.51186395
386014726.14098984
365075141.4867954
339587370.11033404
340753312.01989716
308612214.2918514
258655894.96371767
257797787.9624995
206607596.47563106
240217239.19235784
207781890.94373056
204165329.2532135
201428418.5335624
194669702.129373
159755446.1288583
170879465.9507836
147699375.46564364
141654980.62297624
173320086.86991382
129973542.71496093
152755816.8410949
149476816.12455064
151707222.4639951
133926849.1434085
124987252.65307322
135130654.84595874
138568073.65538907
77249435.28075032
118322719.94219278
106701801.49645631
76041286.9941999
71476062.79050618
76930942.93068033
87643910.63605472
109960021.44135019
77476467.45874193
93464381.16878735
99951483.07997113
52981537.81704275
66217500.1942325
76174597.46070248
85509788.29298101
-2494022.112413496
84403160.21376568
54526814.576185554
60361338.91042782
50373031.55379715
3166765.933235474
72564244.87323013
28935083.808355168
59508944.26975818
57432191.22977105
63550240.38619533
103585613.66348958
34520758.14252928
32694158.600826837
37572201.5385448
47257003.9826792
53611159.601715304
20381864.09886302
58386667.437525615
47430770.55613686
83454086.61257264
50404470.81283759
53939634.07072936
23428926.169608947
-410580.20300357044
50424171.22854945
40632672.38479069
58082508.020975165
21650286.003208518
30655135.727973
49363163.17617568
33903875.66342372
-10103364.225492094
-10353519.43675924
20962245.74120501
33846993.37122198
54608589.91746661
18285790.103276476
-11439107.977888264
36646381.754428595
32606066.26041191
15586985.273893679
64275024.426709354
76297920.94378734
10451308.91578927
71743299.46605861
58953960.99503539
41379845.252186134
68109645.56718369
10940154.18073732
69160002.31614736
27784141.372852787
31348311.535158686
27070321.34924776
23700810.82463675
35446506.18542938
18731828.056447525
16324286.685985873
15662280.423127262
29799054.330485865
16624069.814087633
11036581.50839101
55627709.25633647
20650847.06408931
4597039.539219867
-837778.4761471804
-17796775.202417098
30926723.9271416
-7773423.317263015
27233145.36230145
-8236683.77523613
40603085.40711748
2109031.163080588
9543706.881895151
26342095.22544577
18695695.07317423
41160122.84652627
18724058.354521416
16690529.245077543
23726747.20841463
48473196.94063042
408019.1464536041
56516925.585266575
55188934.1766491
108627627.2698662
56135101.92413231
59490662.32703745
46755989.81363794
50188591.539052844
42579717.83662954
64712432.74760122
72093105.96403761
30561627.314334024
47597858.77508173
12736319.901853252
72828788.46920681
72958574.26862137
77236798.7402547
18958760.949916758
81965309.18603083
139005935.45193896
81100824.9676251
61708237.39089687
116471091.1019563
100782285.39146037
75979026.94177723
74893924.49129167
102605117.77638346
87116869.70552716
101389751.65174973
125676243.98462793
132192218.63996977
116532977.9405274
105701394.69514349
183694569.19405586
142835723.8158693
165799367.35345796
174218884.20864585
204419512.2270844
182098864.44533354
214522806.3697769
187488478.37809387
227607597.81014633
232347772.88211644
213392567.4265967
238796519.5405401
182023044.86660504
256067693.69727334
245047704.95368972
275367171.2772601
253351857.8611063
251862361.85240346
261681793.45992506
268586672.3547629
272956493.9163139
305666364.5235323
246383932.03421414
234346737.3641057
323240991.0218421
268986354.10911334
298211304.5360255
279683624.50586915
244935099.55966002
245175605.03712037
299582816.0445906
276158594.2231689
258725184.9909748
244168477.81306598
234726266.6257295
241300359.9736008
189246202.65903106
261643178.94626528
205895271.9689237
221788351.9570887
220653519.507218
184316099.36058292
228289568.26474717
197092691.8100523
187385877.87622273
185264918.7342716
198808833.5814435
162669898.81800482
179112112.91884404
181582348.97372037
160447087.61204553
171760534.01979768
161864312.02322885
180494066.37034565
188542654.92353788
161585824.4185019
154973530.3112139
125265017.98073229
94010262.33170228
129292744.78658359
136922462.3822503
133853718.72253852
145199993.3145293
134961277.64754707
120376657.02679509
109609602.55091473
126956704.85562684
93594240.38145323
71956204.75378138
110275816.88435696
79406557.82094073
103199555.47757873
111137057.01066558
76591450.52640274
66535779.99784964
67064527.22541174
65411072.80346117
54258698.33765906
77608761.70743439
60623645.618287034
95622486.53374627
43059307.07785735
7700616.989899121
86053913.19940712
50074297.040544644
52262271.22552234
63498563.259409145
51940738.75426255
51341716.652001135
85971521.52878647
56765814.46579034
-198299.69440459833
14237998.546052665
15244949.44595151
96877941.76809652
83964364.60569692
143607190.62005243
121574655.85272816
123741724.8330851
90778290.5142837
137543702.57223728
163727836.79954004
106893903.66519877
111734739.22117028
125108981.57898314
147348890.00985283
150845847.84246495
139790086.73401144
101929748.57993506
111361378.48837996
146654503.84263974
122286917.35736267
118640436.3623268
132044440.97474268
132295099.74321982
132579728.83737668
156173118.3153505
177960062.6935036
122754986.16941008
178106070.08318418
160656296.25407076
163969716.77803126
153055651.2426011
142143844.08457556
200737627.941522
164134207.42463148
152968297.5058377
140703295.29882118
192184376.88337436
172637684.85784575
153367145.60894296
200132764.4480611
191797806.407463
236126101.59971514
224143598.57352304
218589854.59513566
287720056.8683195
224257019.47737917
277492303.9950863
269417219.7659585
229151188.3214301
265528311.1357961
284504714.8292879
269884548.1744672
238983674.84858006
264149506.1296299
241748675.63659182
253837646.4371152
262357586.54304573
294770532.09622073
246766050.13736826
251579538.91079646
236033202.05213824
228866287.7399307
224826134.0091422
202796817.08987463
251567751.1561345
221458429.4543712
223741824.85369343
197095032.89476976
230353258.53086472
256077827.40592813
207176830.1080644
200660414.90172333
167908650.42213878
164525598.4978743
165575024.1221541
179260736.02180105
194178044.80827528
135635138.55775058
83256449.38046041
119759819.82112004
121453776.43185376
88746305.1037534
140613389.88173047
111653252.08324167
68646157.98230155
99562701.76234831
103313992.23186922
92611993.33635764
105409576.26315345
99294563.63517696
137605249.8749575
79233950.2313849
73756709.26458587
101288722.27861288
62195191.211268656
98603090.35570495
55678282.29738654
36338485.95139586
51363287.903353356
88184837.53521782
116126827.08911878
56465625.519021906
19953947.425890476
51409073.78325113
31282470.337708484
47576756.58166817
20100935.014042668
19197998.319119096
14166132.027926277
16202196.988757305
35684912.49321392
27854392.097636584
63968796.37563629
17128542.928934034
52403101.03270357
19246961.794138644
15492921.258684454
56219378.61791443
7391635.510083131
27395165.872499265
14949096.903469574
14193884.943935167
26292844.807099707
-8239016.223065901
-22565863.360934407
9870516.980777822
17375345.216929328
13595741.141336627
37020460.06521638
10348960.033027466
51191888.96613392
29706790.53504465
1711665.5396243148
37449059.4881785
6814538.886522869
-1380691.6226337338
6686852.249290373
-4771771.897351354
15385775.26494392
16260624.37118151
10857474.520414192
-3345596.3819843624
-1380260.0579367233
40502879.99419704
33790864.037379235
23275432.951228507
-19372395.261093434
31092007.605852954
22566020.245781217
5364955.8494614605
15963766.572065717
11536097.584992364
-25837104.24872804
-13755407.88093191
38049717.50330335
29048842.862053208
45184242.09478905
16628913.965704985
18064664.515497483
20217818.250389118
61152181.641040325
17731834.38446343
-37925980.801236555
23092620.94672042
17005228.09639199
-16673286.06741629
-14573150.54856228
21793613.77464412
56105936.892022505
-6956337.283326197
13713332.555717465
28911089.298635893
24611939.474360842
12716678.41817939
39468843.54050322
45915115.35974017
29500281.15068917
78239100.71235523
33536979.821420014
13619671.232158411
19944289.60821728
41961657.745700866
50737848.25536265
49235533.63940291
19972870.215787888
56494479.31429759
52300119.24744082
43554804.00626247
34843424.0187747
42688383.764670104
59411977.26991303
43650337.38170614
86717607.16372058
60039037.540669456
49429721.00383237
91650920.86905095
105586911.34493494
78225473.51766519
110091839.06519493
130023575.9220216
120171209.1636261
128600532.97631395
126089799.97135182
154701843.84820265
165796478.8167146
220114882.2224097
226764426.40520117
224092587.70189238
262633901.6502105
329037190.2129791
431748306.9300711
397165691.7266876
474791773.8462812
504234315.3782081
530204971.32712024
507757022.188795
422193606.384904
404714721.5498549
364957029.4958035
302235860.1853304
320189008.0031797
311464251.59320635
269952921.0636001
349883971.2746892
284773400.45293844
381356307.9825587
409075772.0034969
464425850.0563618
486910815.50280535
496310749.31084967
584399849.0308173
613554050.7289257
662934991.0830902
606573438.9994891
639737882.6268508
636240531.4403768
586105564.3969305
585409663.4163969
663320590.1119326
632908553.624402
673258068.5633025
755609291.6133988
806317481.5145037
930738628.8752534
999055415.8918557
1118582000.2214658
1240329979.0778508
1360613036.8633988
1494059016.5214617
1617402407.9856262
1646779828.5682669
1619487638.0937343
1626097793.2377155
1615371389.9045877
1554951803.2592537
1450412812.1139636
1407274164.0928104
1335195940.1976774
1281928578.8692505
1214768663.3211782
1138969103.3466282
1105728396.7326891
1066040500.2941973
1053713856.0612048
1044133506.320532
1025442399.3426992
973351693.3492675
961893289.6262407
963799093.6332469
944213826.2360582
886396287.1727552
905100318.3579652
909468746.6075704
890233166.9423953
886208477.2928588
836659087.2513121
819387342.0907335
782547160.2640618
719977259.716037
740961162.1377324
696838230.231877
621486468.9202588
607168636.0909765
575519401.4584979
533248622.94571126
481223674.0219418
462074805.0864985
454304604.67670226
391338461.30250716
369930707.46626794
401265097.9878912
317332071.49889934
340771323.4188526
329461020.22094524
273077982.9736053
280280792.6467159
294071058.4600934
261002041.12946305
281262176.7366397
223688641.2942377
179522401.8816554
198246714.53763342
173594536.98481685
190175583.48000932
143844413.48942557
170786531.87333408
148683665.68259865
181836454.2088721
128365145.42764254
130795668.5732696
139736769.86657754
101924877.04964413
116225780.44384927
114989241.63660848
80704601.70132041
92746390.31264383
107513751.15470415
105240018.0285777
153565806.7865503
85908254.73610242
109493082.87541497
72607423.76554027
59831584.77318525
80740411.97022624
69099008.25101958
54622910.76848942
73258353.90959603
106066888.43211049
112207735.78174275
65062578.91664998
48930069.49352662
69015739.10299481
64432892.274797134
50646663.20600442
58210949.794061184
69389163.19961157
50228354.09995589
91104103.38649927
-11819046.722660456
49486306.21500631
59179353.20483754
17544058.42637232
74256217.94653997
58589973.56477082
63406321.903098755
28612913.32993058
69713722.5702568
44629937.02232391
22558925.238897398
-610855.5666605402
16376819.01544069
50416305.22800639
30799449.39267464
35694818.39378995
17994885.604293663
35206962.262882516
27222017.89506364
14606770.448800303
44767732.6991703
84378267.44071451
23462040.5195289
32905254.97764963
37468636.46504932
17398690.329813488
57693090.21991491
14076495.515900534
45330902.507638454
57119661.06863974
29039430.59989436
21986842.64595805
24620448.207464322
35341459.15890594
591610.0194452833
28194624.16148758
30612346.65369103
-27882552.14023756
25595635.39684887
47216394.32006827
18292277.78890952
14307163.272759063
6024800.142374381
32749163.10807758
23089110.939825602
-15129146.76885887
11514511.786918417
26132057.4798602
18300003.16789776
20094699.907342423
5501944.981654895
4232687.731360963
16291873.974211931
980801.0569131537
17723229.9720435
33673929.44596797
34149902.54503521
52519381.68027314
12551120.634813286
1522493.1324503366
9875259.501987169
5865230.988818955
-23835278.21263878
24062261.478470884
61353283.80014278
48831361.49535409
56300719.085528046
70580716.19232412
39872058.04511097
33691111.062464416
40757662.606482334
38836666.373443395
71734981.40411735
34459121.19272346
57657119.42222166
67247971.98550269
73415928.10954873
30615374.316077545
34143216.72577218
44709564.31916754
77628819.53310579
59495884.14279507
10832123.321054935
64932643.905764796
18563643.594994828
54236363.464130685
88778569.59181368
56422089.4204002
62725776.64178954
68228137.19028813
94361833.70241465
84889967.25372614
46628714.49121591
82206349.0470729
77613434.12651213
118729791.60902274
115848841.28249681
74585922.27777897
104946410.32195628
96400780.57092093
83308338.68960506
78003605.25352773
94641870.92129514
110314182.97921114
133794024.15344287
130303081.0611864
144817417.11799797
174929139.99803004
169175462.78948238
175913380.436257
192646187.8891056
183622747.66127846
165766323.76324058
207932546.09417084
211024982.7992916
225178965.0415734
226282247.99655044
222472323.66954377
231812239.63167816
226488184.40890235
276454970.46038586
193594488.9981212
246639957.41252783
235500795.95666057
229019502.50847068
277219693.5592196
242464778.5882057
270854498.1646121
277837974.58181167
301143846.9955188
264676621.40163958
255909482.6583502
236470075.795249
299846290.6691486
225689164.52063736
252368531.5190903
262161105.2725903
211899952.50374672
265581133.0768794
245134743.92688116
251675180.51860762
240022389.84835222
231577613.40957144
186042512.7891659
258393767.77693555
243678059.16303587
227772273.8842249
198091485.1861509
204238869.15084922
185707587.2003529
160783395.0762108
215745696.41957378
185461200.81067196
193344603.11833254
145364430.01542634
165139113.01216462
186280906.02220622
140391817.25358573
175549573.3598302
192717974.7671064
132343812.898691
117681748.08176063
132642720.8179983
137035869.8523451
91665473.51872355
126489949.49472976
110337239.56688012
83444011.55329718
96716205.61887665
116157647.0485
123892610.46031454
61899835.58955777
122809397.2495487
120173849.38149123
112014411.72896521
84035407.45212793
94239747.13008052
120911227.35128112
79353075.37612712
54865623.813073166
47506938.392192304
63640416.82726501
53599225.91586833
87566655.1034624
74157905.18610238
60697031.23308709
79596535.54425415
53372946.09090086
84525445.72508821
29034141.76821931
48197013.25051634
88902814.67093594
9797309.152949192
58542203.08864545
57726334.41252744
-671521.0107361451
51881581.56751491
97626596.7899645
45132633.960643806
61359817.410410985
62909027.925852865
70010033.09982717
74833977.99398835
99234940.23628978
100972861.60786764
122890838.55930643
144943441.1235842
117987981.9752474
155262329.4282333
110622424.2653563
129883123.21362941
99842978.88659477
109468134.52862117
111758993.47623822
142609308.62255654
134737801.32485762
108547755.77128097
131732315.86832757
66824771.3438465
137787129.27098426
114991865.13803065
120731810.93958312
126877954.66035287
111318744.45379321
163148406.66600153
143733955.23278677
190692940.94547275
181518586.00785035
207341362.7033503
230674009.84072828
133560766.2114612
185121796.7666594
164425708.7124893
216674564.7786648
243421104.81521434
182173585.0563889
195912357.96243063
158918099.04317883
219144263.76995102
228584097.6801117
210610928.25540572
246184679.16388008
198490101.30002517
237705452.13749307
253252310.17170212
244425420.08936137
292159825.0111978
274862343.5491358
285999645.85772645
274484570.3429541
283185884.09108794
253644823.23665
282147158.50451577
254472902.9814578
227893765.26493028
269104478.6628086
246855162.13180712
218683418.46742877
262782995.43096304
246298075.21975216
220892904.22820625
279671914.0711093
202838209.60901192
220481667.0497244
227937219.48958424
208972426.30068317
194695341.50410938
217812791.76882148
190871177.38002196
165725443.713937
194688948.04541737
160699734.76478082
196082392.8105755
141756271.10782138
130376478.48616733
160583540.1671906
108638722.51665317
97569408.03513408
155993123.49835643
122229154.15319234
101633441.6398238
82431933.05241096
50370086.31098887
101377565.96009842
78890725.17912574
67071171.46873505
68049435.78018425
81108955.62995312
48072045.70606978
96885359.23001301
25622064.108155057
19176879.802842684
41046511.11654014
-2563865.3554382175
68173048.13577506
41257547.48732938
75867766.51277153
16000083.094955161
36878887.60010769
9677001.914757943
12829404.925588928
-5912419.216330221
34526134.29994498
84045034.11655948
10905441.587832168
32294175.140994616
15541398.132508142
26476078.4290879
8347804.443006495
31214151.54509122
3708345.110440336
29924958.13645173
21201053.58272711
-1938459.183314301
-4266359.4167412175
14633422.031313559
43308543.253145464
-29985317.29333012
13404361.63603406
23124132.470664497
-7500486.032665774
34823402.66473428
-22493871.872644633
7784897.462153
-359371.6052540913
-3616442.7253349978
37082603.705316424
8600883.011836965
-39399818.426932916
5626952.552572204
80462102.78570256
17195512.342006214
26268317.570810176
28369586.026294254
56803931.612637356
1367609.5577475093
1544429.437118441
13396446.506490596
12253760.443529516
-3899572.0142515823
15824159.000424435
24427771.902798098
-6083104.345791413
-2366524.3119156435
-1905246.376932742
7620211.395483773
-5315629.116591031
60994853.233499326
-6723952.676173646
-35217651.92597094
754511.1225741487
13288610.904996186
30514760.563719016
9178669.52554856
-8800491.475004924
36901494.846365124
6959394.32923901
5449341.112593664
-14988692.181437215
7452545.313747829
26378710.513401117
-38705071.29546405
6546201.667814451
14284842.273507532
20262371.68527846
32063235.466438845
24200250.959355883
22938855.545326404
23935839.476451274
25841274.89960552
12042162.539877828
11525202.012881454
20536437.05338742
9924101.312073506
32762207.949717764
28017605.443593524
20657886.33975683
26917834.72958757
76336564.16868739
29015480.288809508
65149416.86803825
50216609.30068933
29497588.199589044
52643338.4973262
50522592.697840594
85117454.37934819
60198761.64290004
35963966.472168356
-5809167.43029898
42888754.35945642
12142563.823227838
20764063.424183015
18686140.885237537
63766743.72041093
71837091.19286905
103289549.9686945
85846206.97408643
93788868.95632243
75005855.06644806
58384539.63676218
143232091.43973726
108490402.04202586
200705919.90949005
180303233.4581844
205151004.41349316
253674267.4394948
291765718.45810896
345042132.99109626
368683927.5720498
427316399.5987234
477219957.20155346
525882374.6785693
528066413.6632848
519472568.21376395
484114107.98213446
362634164.5251972
334592297.00838864
346295296.20383143
308701627.5308517
327674827.4970096
301643437.2909037
331274973.7420024
349888080.07278705
326901037.2601369
399052269.27115464
474375262.81241316
491821471.8598168
553286017.1275066
595257024.9294814
610231031.2672849
657863642.5336035
663758943.0935675
637310569.2657422
637537740.0973922
616887114.3030888
578178533.7610321
644059719.9688876
678449428.9674938
681638238.5592822
758524329.3826663
826552445.2189705
901690738.1132209
1014217292.622264
1139361249.735493
1300624901.1813545
1432476043.3281689
1486946297.7419932
1583599371.0741107
1577611307.2048652
1678310205.5408106
1676993538.5298474
1568249270.3049946
1607481048.1185224
1508245664.134802
1435542001.5467467
1338528532.297071
1270347390.7535472
1219025774.0624392
1191604880.92942
1152812308.5611033
1113364643.377343
1091197116.1791272
1036939871.855451
994104587.1472688
935795183.4635541
905078196.3312339
952020271.5327351
971621423.8371191
923199842.622077
920008212.7983072
893349227.5925996
880440293.1165295
865281049.4557059
842684121.3412064
809453136.7806256
788736789.5604639
727981544.7255003
707039158.2378055
674262092.6065924
653708618.4875402
592064958.1510558
513768675.2349067
533909162.94951546
513463003.051054
455543941.0931689
401381861.7591748
400251454.0074116
370629290.5502511
358103779.70676863
320167700.14649
304769071.0901757
278108241.7093334
307404515.2412312
288784930.7390064
231252982.46623653
238609688.83195612
172434944.42274374
199498594.64788815
204831874.0338953
199185552.5759654
187387701.4178476
157646632.282117
169956511.81228262
132914926.47772357
152538523.92554498
140900001.06231043
132677621.15785137
151117419.85510895
143932438.45595068
153708968.3524582
93611824.57463275
115310142.83363791
110502096.27942315
94664857.75917032
115611233.38045049
67511037.54436263
83876329.2655713
91010921.53482933
55980532.536674306
82297145.22433615
94541016.23708336
47068280.347041294
85833181.51828136
72986326.5255054
56130832.1995908
86782965.42397405
31774960.175981753
54935546.28368031
70679014.31878284
58040960.038191944
62286692.71287721
49261010.63546714
62376006.89775099
30873849.38232658
17409492.916245073
55331663.513645455
100712322.03551431
65634957.917977385
20687296.76538297
64745087.718730405
11992475.952074688
32324555.187419407
48248400.64061333
61833003.80275409
84354939.30078599
26067090.432602897
61141723.629361436
53956150.26202634
88617778.49749437
53567059.20197114
14478574.953142371
15458691.398406489
41815143.518243015
59891186.872711964
23342290.563052244
9267942.672720438
-12715353.64646751
32889682.758738823
30302281.182445552
26881467.360613864
33095832.502176158
26262782.03432888
20027843.474818353
27049786.832010347
25564312.299738523
-244234.19869614113
-5047987.654839162
29147986.483061787
14912011.392676605
17940621.03601783
25731710.107798856
32002544.681585032
16430983.129320715
-9418333.578166157
-4600631.656447105
-52910809.306800835
25882259.212962925
18373050.48136219
-8862006.927703012
51418100.04191783
6549966.8291233275
29439727.24018628
56375130.47766455
38615104.630560696
44991596.76947274
20511258.022849474
15739926.821663126
42232163.46553997
48683068.60579628
-20036416.180220146
4006471.5257348157
-29646125.344846092
-1421051.1275471076
74325301.24087167
-12123221.17928059
41801826.91912066
18214699.68531922
27557923.169857863
56699801.05449815
-9625702.156056605
34381937.338742666
50015917.68992363
24693921.15440777
5693374.169853061
24586076.25919195
43489613.511736766
37735340.608804055
67434974.38442726
61606866.21014632
17744538.726586454
67082488.167910345
79298971.82610548
25627110.24915908
72760747.92754063
52584912.7317921
74267690.12641501
30108398.29310778
43717790.34906081
76117098.97057712
76602847.01083332
65736093.58721942
17684959.266335152
84022638.0014427
10490157.111341745
47616645.7471666
37505425.048899494
49246292.106575295
45684952.50699879
88219305.04636723
98554422.11824259
62679067.23514602
93618886.91916554
68665120.28442843
104235840.6643202
108972260.13669516
138405903.7141442
116237811.85477716
119508208.73758566
125214012.24185827
151835821.39189586
127371329.21231706
127917337.28462599
118383356.6531736
111906802.50811401
173805613.91099373
207009507.81961334
168475206.93864924
202236445.52328748
213673656.10319415
190381687.52166122
213228918.58871388
207754340.02386656
234486672.68003026
222424336.96778986
225068046.7229761
234503439.50276184
219866387.29479825
247706792.90887803
280758894.24359065
266980896.06635505
278928553.24922734
233913347.9107512
296780961.9297894
264728709.85088998
250378536.14327812
230386099.65647686
246331302.61595187
306744699.35605127
241730950.34416783
247974572.38645402
283268191.1956371
239253405.85070452
207180407.41610426
294820877.4488311
265969376.0583062
234964105.88616797
228725290.56273857
254814178.44939783
229244331.06883225
238007095.39877957
193047213.07129923
188586207.02687293
230369455.42178482
234033220.1143914
206715509.60891974
201629981.60070556
202758281.4771552
186194651.54100868
205740641.91939595
183527611.64051443
198288005.35455975
173744396.29291913
165552060.05980694
151906300.85786346
200141280.7611391
176985599.94497907
167964083.9620054
139363365.79613766
152248822.98543167
158543665.29446885
108422959.71994293
124929773.2840994
127456602.00257768
152413768.29583037
136427682.9061864
91512935.68746108
149510624.58780846
111969247.80151713
75304044.99908671
134482201.85195768
110171519.39050148
124756418.47912684
80696087.35698228
106639791.26478848
97052715.90663545
125784408.98242354
101239162.5225975
72720944.7784635
76730074.7252032
29663032.971432652
52521414.230549656
48214120.504050754
97221607.80300675
48826251.740349576
22099479.113252673
79728794.32093534
41588061.96167047
39956834.75912422
34192969.87926726
42422754.0896838
49360892.83508993
61579682.09386899
83119876.64344874
28328120.725310534
51729819.047159225
21551957.31517494
73841522.71185328
109074833.2344844
98619146.76859282
132270649.2126328
108106276.67746612
129822376.87868346
150534634.49623826
84800084.05735993
137205358.13491178
135727924.73211062
130396042.571383
146768325.75567606
143530300.87999907
109289760.65647112
102612057.88623443
113789087.98071836
146016775.47874779
121485054.45342517
80778205.031417
129893807.18588752
101066619.40967795
129203218.05142812
151782295.6281178
149633732.7566789
164930029.46434742
171310047.77606535
159447071.00681156
206631217.88094062
189792880.99596715
151881954.85577637
201894920.38834023
152480760.6439209
195082999.42320073
208397692.7960884
158545813.9067169
190906548.86974987
210870096.48800912
188776593.37090534
217248433.1800755
239504024.64337763
214049746.2755064
216919779.22811818
262749501.62345386
259956077.67559296
262297932.00985032
295819062.8645334
253812079.17192793
304372287.87273335
274497601.7562876
249806738.62199727
261285301.891415
247492337.96056753
295056270.99942625
277155044.6142496
287014978.00972784
271535299.1347279
230178338.4159576
240396944.80536956
218500333.1104038
221023190.823646
250649907.38627598
203467978.8397853
211106154.31296897
215874854.28416738
194142535.32980484
203904203.22435564
198764292.61544737
246378212.96143764
194717370.6401693
151343634.3140522
151895678.9015147
184098986.0256893
175167969.06380808
67892392.96293294
169051791.6480612
129007751.72854012
109505246.2329182
134744494.9635508
109875093.73528351
116216143.91826972
55368113.21665266
114767267.14096686
82764053.7763225
84361091.20187251
97237146.19266504
113863794.6537978
95296604.13391721
41627375.16866295
67738914.48194452
51762063.26453843
50018290.54308467
48728989.26197784
46980561.28945084
78800614.6400203
56772582.59509234
54908447.49076956
62780326.74760753
57788417.64165795
85684260.03016977
28782713.652432382
51955792.11280154
64521113.384524465
13376466.620536227
4598664.046448154
888332.8831687607
25393898.532989904
19883023.32554605
1974029.2594229286
26497493.677103564
11270723.892191125
7199645.435804609
27218771.863650925
33240067.060040236
-10275670.078444738
7757907.261200659
31657352.73797715
-4118554.058355015
31121161.761871517
21022776.238312777
39103753.11943893
2437729.050795516
18706041.82447652
12035988.881915675
-2517001.79642569
37619412.60487923
2320184.4796855617
-1613433.5358190946
6723307.78527522
53287749.67416167
-38324220.23336984
-22971488.98626493
56270814.97823252
-12454187.857290145
-3377267.088747211
4766008.880685619
2383238.21263808
40051587.01133412
40081980.54472923
14173176.067712039
14091098.549694913
-7191230.930388384
25826977.439566396
67057923.531120926
6511300.382140922
-18410079.569564886
10280335.633945048
-5475748.369613734
-455072.8310544826
11507871.415312782
-7549244.604414344
-9871829.015680404
977980.0969265122
26135905.012456268
-19715170.159223624
-13867829.815556334
32731343.47844617
18348884.766870014
25560829.901470266
39742029.74234953
52338315.14889213
10558729.2899099
-7195796.131757993
2263761.2163512064
15959050.582227085
37032407.8895261
28188693.745108236
56709947.07067531
39694841.100204825
16982518.858047374
39375944.96444009
11547096.754801743
29349310.763248354
33392344.847297724
28628601.623715855
37582768.70495275
-3639947.0237684436
46542099.77549061
27626185.21908852
5557614.012037903
44939104.29081105
51947459.48057907
48050033.9201487
25793804.77881161
64829420.73433985
27439701.426054977
7970517.107042637
32079055.071429253
65796641.07518974
100073098.25833526
43281217.89481762
33902985.89120081
73324678.67458144
81321708.9229951
61178799.4528134
68281526.67281316
91289093.86673437
109173722.1761904
119773943.77753581
127455118.37892373
155812229.397185
164721245.029639
181200947.36560646
168173169.9774364
191769760.86868936
225118786.48258212
258586619.11619893
329364648.30477923
343406220.412567
408299617.9728513
445569458.64202183
515169534.1744063
516046491.48262876
495892535.7124147
516442772.26328176
429100526.6220383
400787526.0023682
350896048.6614288
256556631.3966062
271551323.7595138
321994806.3997388
283655252.64814305
332063526.61693454
353287976.3860193
336064355.7219566
383113120.2469022
429742674.8608836
520461472.10949135
550426078.2455683
579750199.1303365
645961421.8799253
676620403.206225
645461576.5272201
651014133.3175967
644420142.374579
592540615.3413029
623972394.496793
605722160.2311603
665721936.1236801
740684719.2820228
760900190.8138497
826129615.571672
925352137.1146688
1029266646.2476321
1125665191.6881132
1254641336.749613
1350820965.0879455
1502281661.9018764
1624429447.5207682
1676872413.514998
1659344577.479365
1679288937.0279958
1665885656.6372442
1549193617.586234
1420389164.6041756
1389876388.625381
1359293722.7544796
1254457339.779195
1196597075.8646226
1128669195.829144
1114281954.4022954
1065349630.3076401
1070010550.0611012
1024812076.1885577
969070194.8247265
1004783867.7835865
959141480.2288035
936538934.2847939
921662150.929626
911659316.1863897
924758192.3677915
894278934.9247105
874864184.2855345
842216502.496386
825287151.9166347
822642452.2465287
787300513.5129952
707825888.2048965
706047792.616924
687162788.6172028
604914256.9719014
605747809.110986
568130860.3905723
518907760.7317803
497442001.20784986
453107034.0825663
407538696.3409105
373512262.1242965
370425536.6684012
398032574.6740449
320809495.86222327
319345820.7711846
319354838.42466736
297545319.9066112
246463582.2135177
228568722.90037817
225935524.8832808
257786921.9032963
231112789.60882667
173356513.09959275
217523155.55121794
153154939.7971123
226193747.02097273
166246001.39665422
163392785.21082762
195456413.9655813
152360028.9658944
140846546.05533174
132603818.64244434
106096785.88441865
104763144.51625125
111141874.54426889
102876369.27258404
114009102.08090658
78396706.8056336
129928187.23107511
85533683.62807225
84766621.42951846
128596492.11327024
108093643.36434239
46108847.40795109
74742592.11766984
81793055.58624662
69754811.02649821
86123194.17981187
97065588.80900869
79501731.05607854
65385638.7923117
75389772.19533294
72814569.1574967
54044687.87230453
43056429.34157509
82520490.08240506
38992096.42980381
47738912.65511958
38356200.78507305
78715357.58367234
46306827.77767335
32849552.123702195
66508037.15317242
33934532.172922716
64106857.4577434
43801548.35206671
34438431.24257777
35670981.79207508
68928753.3912847
45687184.98591559
-12835147.560444238
9115108.54243701
17315532.282305624
29235739.410580017
5567826.166801887
-6998951.672554651
18406101.975012165
30450539.6616963
23889687.90115351
50037878.49870114
72616321.03548554
-5657274.866279922
-4454951.392810486
23468071.467649184
-3972416.312724035
-8266672.863092542
18896623.840050515
12588199.778706882
36183044.89660123
55270768.60727845
61845185.96694188
59025992.456979126
21843958.832210485
36680362.788226016
17339632.204992943
9518487.050370682
41491898.33503489
-3014726.2774419617
24846683.403034464
41243226.34963535
-24645052.614931423
37076353.54492426
7065225.596644865
-22989170.355025277
26038092.1617158
48377728.308909476
25731807.43079941
42104166.30653965
37608196.96360194
-19171380.83625824
41522234.0036663
21060996.33663919
-11113677.582255255
9031480.243476624
29712559.649048105
35513386.48225105
35222390.04866582
41045303.55685728
24511182.137845747
1753885.074793728
-18176843.64805842
27760272.65750456
26111751.337086547
47867857.39570601
20529503.3816704
35734243.069616064
48486062.879346736
-7692295.267832607
66089721.62715977
45209877.41357207
29232254.51773733
30061670.683395736
49419730.71916175
44906375.36597424
39373022.20799947
27505324.617853787
52954100.74331684
81666288.17827223
61428057.05894148
55854645.289784215
38788010.82922638
85155899.0351999
39172963.17068552
55817441.762060255
58001521.552286774
4831674.469857115
53356952.07444896
106611854.05657452
61130209.76186347
28514000.273940053
84323286.69288176
68164374.98454776
25184140.145605136
75843351.900683
73084203.26333538
97988906.1238158
130838597.99893457
92549457.67509544
107435778.4871084
104107123.2203362
94420066.18778907
107018135.97732879
111229735.90969422
110205694.12581375
150159546.08957544
97589245.41528457
103723562.69737023
174971319.22878927
162914435.5815581
172423637.7630771
169441515.2276815
169321882.9569291
181690880.88405225
223870492.89794993
194389324.4865617
191585981.92565906
271547646.6759733
195181308.36754298
232176463.45192075
279210749.85791284
258735087.36630768
234884902.98489565
255423152.70920563
285288034.11943567
256870842.9832434
288901825.2034419
236503685.1402138
270215106.1432049
271366770.6615356
278935825.33089936
277306725.60032237
221917342.9434491
246056547.6814003
268496997.9389326
269284460.87997794
298375249.40325505
254333378.49862772
231060459.44593853
246828342.6167412
241837287.50112453
220572102.52077934
224909353.50891092
263083647.78076202
222749626.17401853
219237125.86228102
223085917.86693615
220008580.32794568
171604367.85410202
218694152.2502839
192576033.94445622
207663848.8632965
210567805.357385
157188981.0088266
212588640.81119972
233264941.19617495
183975860.6019438
153144072.50089434
160910160.88456675
148445464.27435794
138041887.83006558
98659346.76734275
152500437.3672757
113051415.95084149
74252987.42395446
142144434.97942758
127424301.64325781
119457321.88098283
150393762.6804272
112692829.81113802
125076370.63151637
121423351.73599893
88656301.821282
79442024.79503456
121960846.92557944
116837934.14858016
104003186.82765983
82211909.92884605
72692855.1747261
83102264.6032107
43615282.144464776
86037573.4106431
79192793.0754391
78300839.12651968
89174074.8497399
75535986.61328235
66803403.32676184
80322972.68127021
89751706.09942938
86116211.16449383
38897081.99898276
66675513.07494985
38796929.36977963
63315810.12412515
71504933.53971587
41209978.86821736
61551244.47559245
98576839.73726898
76018599.39203432
16048431.354012463
65810104.495933816
78941659.23653968
99048923.46094511
77066156.75518578
85559652.37891328
114508900.95181347
144840073.49082598
98786540.38380729
132926342.0167494
146055938.30645654
141421098.26341316
120362622.09368244
110291476.6182524
149064310.70099062
165420294.8191868
121994495.94666968
93469671.20187376
126590178.18373777
105874933.64223032
140188140.57200176
114827216.82350148
153595522.50107476
149153290.570441
160736958.03487182
157849184.74707693
152558522.83413723
144175584.72288698
176643619.1795991
150081501.83687663
151761503.30760366
234809807.9353543
161901014.76139027
157537745.96982008
191399601.54195997
198979850.45470905
174323175.99070963
211719013.43690744
223194074.98755878
207864953.5354399
209227360.52169645
213349413.01630396
205910221.7907478
239516951.54263568
238503905.81444135
237915392.4595545
241086131.73853922
231034351.98791525
247397444.56968185
279132433.4703333
257020879.0254844
297696545.7621905
262170260.28720614
223523634.2088549
286663143.6902156
243040926.97342053
276357736.5291606
265817131.80739683
250748923.9983309
248150553.74381644
249244460.05034876
216895615.85763657
209165264.7589171
210353861.3523966
211065025.71722397
227287899.20733207
243213147.07107818
224125047.5540117
190107242.96218976
180353301.9874263
191387348.74940217
182500888.9953275
176431517.643119
169834116.8992068
153266826.6416637
153105390.87333837
88780265.4400208
130177531.11162932
147668555.1303563
139207182.07090703
110104421.27904584
96231607.39312518
113264566.23413455
105653990.30706282
91392789.84928861
77337840.45697522
71779835.43243217
32737794.386001386
51820010.13912313
52084978.737404555
46217586.75422742
64205356.36908954
80129764.7699216
95520140.11660436
67629346.65080272
62137161.07687993
48148232.29677114
36837664.38030282
4691174.324073054
17057137.143167686
24664466.444449402
41845008.52333658
42563836.63279897
26739185.952746347
34437316.65450764
31959027.436760727
47424084.61267485
12969725.001153834
29395204.266432684
6758019.909664031
7918930.891122896
11258730.026931753
69750662.12699182
19288967.254684467
7633964.479740435
17654691.212242123
-13286955.1427815
-9537025.322311867
-45421134.01526962
-4402764.961237494
-451533.3526236452
6338750.027728474
28624133.6573135
43061818.83722469
1474142.3986464795
49999434.40973802
21786618.167931892
-23349063.01609149
101098.57138182223
32378233.085879102
12238308.531346027
2121357.8108322956
-5582456.346673116
-8877285.600286772
3401500.8061576914
-11757917.83677486
-15985713.619354593
-4367633.412862233
5446843.687726961
-22153153.072420727
25884923.580965802
1035904.3885678751
-6564753.166907597
27348337.778129663
21831160.296957605
-6554619.211447109
24819143.427577052
3736151.5235224497
-26303579.070231836
19577459.937887274
29608609.16276013
3595694.922015783
-3140430.7652576254
-18461079.745207027
15263776.53650209
29575447.45791277
14324772.11879983
18308524.85145362
-8235877.819239339
24518202.506012276
21161407.353500027
15585934.82654657
-7204673.99743494
24850394.461274914
-799196.5970284082
-15547605.00133631
23190351.5097762
1742836.9588415995
-428754.37365936954
19986861.97957876
26990808.549188294
-15728031.591169951
29723615.456741594
57385194.241703235
40158706.57080666
44769431.35188696
-17905283.590930626
-17955400.59076088
-4000714.089925531
-2684546.013350252
61348690.21043581
9969155.11673966
30960570.713406056
57042200.878760576
34739519.41458785
58225674.666175865
35985312.75681152
54735560.80965651
37876290.68511838
49015208.29320989
50604752.75112672
57879801.50081408
41378958.13311731
34993936.75523999
71719640.73872535
66796016.343274824
60961320.36727616
100211460.52281478
100779399.83919491
105180009.04765108
117162534.0435562
102843777.98743951
179143998.39376348
132433649.82773578
169832768.26423603
201332610.5913053
286408115.8584082
265999294.0767958
290264368.523263
378477839.08045095
391932781.64340436
479603496.3483704
483405688.28164583
578028386.6998454
505337658.1342777
505956817.75341064
468396468.35572225
383809958.44212395
343362065.75377876
338615649.4616984
297804738.04381704
283414181.851797
331309156.58867925
326298355.87932944
338497053.3949775
324565094.6837646
399653744.6969377
465092949.01237565
514207389.9192159
512343047.41950595
637950429.6076163
690461974.6222866
658144138.260115
706243109.53944
685010077.1128359
667125481.36021
640473952.7499361
640891078.5255535
627408673.0145687
615569452.854299
705137565.8663757
762260283.6801707
839157315.4729036
933287999.6682564
1051512692.292006
1175883956.6427035
1332202792.3436928
1450892073.3734639
1531879698.4978695
1630927656.945756
1671072596.8437846
1712154570.6105208
1663406547.8360722
1635416479.9133122
1600908636.3701694
1536566375.1361272
1414815117.4897938
1329572775.6137846
1309650386.0943694
1221572774.7951596
1200372210.7134721
1135820998.4258418
1074726765.4919696
1100494058.9499023
1002717811.4530325
1001490407.4756835
990424442.785995
965606954.0371598
964327072.9949144
914263146.0068772
912949421.7415899
910731502.72023
919091491.3397586
897644646.3017983
893761932.3272893
851614661.8711827
828652334.5116738
813628149.6242832
736991056.4843909
692755126.8591301
717790598.1081976
682897756.1534204
623282877.8762931
542304786.1013912
519547980.18639046
485178114.5574182
486589034.9012457
427376971.26766664
423383112.98402643
408795563.77181095
348536983.98509365
385817505.5761486
323983661.0161798
323168369.345229
280412083.4646356
280750987.14484173
253098680.48758152
240006828.36891174
202607480.36540437
250577717.5352866
231359178.1138568
198839945.87579167
191854725.78382063
184334785.33004317
197714979.87230805
140641578.21201932
176850642.50575686
143980223.57804754
145025274.85511065
115795289.00204062
132555054.97239316
114489483.13905409
129651272.62480558
128546451.95816661
127307428.27595513
124640613.1348367
85805335.58303025
60786146.5620214
36376194.476492696
69154639.75390728
73938378.59921384
128101363.87944385
91343267.92732398
82661907.31472357
78593649.23545209
39307387.099593505
48766090.68158172
27835596.11961177
41371555.52599935
46788553.48365218
24137353.511172503
58594969.86241068
85910475.1254794
53396253.78302683
68432069.82435758
25357573.062005747
9626275.127375886
53675606.684393264
59715048.748106405
55801832.02732408
-28294981.059454367
28408805.350725528
40317018.145876154
4160552.640149758
29122251.192256138
41957368.50264218
-9125257.259425405
-12450465.069670852
62403958.62855975
44552696.339256555
29688901.521022573
10934786.991069343
10901416.116426677
36168817.836796746
86981343.26368856
27058436.95704154
26670790.052974567
-2957915.4479369484
45968628.86415971
67944180.55363864
4995739.852982949
39672893.751423255
52893344.32519623
53301049.49156971
20916054.590119377
38662687.35861712
12991153.228453657
11658505.720124012
-42644769.54546984
-19195230.60580664
-22114895.444871128
-6225669.828194957
31616138.764228914
2771996.0519712893
-6309966.755980028
5663785.697263862
21473834.209353074
-32111496.932100803
15622923.915346395
15373379.427503824
-13080777.260578837
36963808.66931894
14722462.148290493
15314958.564449534
40661732.66957305
1937711.7474121796
35621645.91983365
16947155.284249555
-2271048.398389496
-10985237.478281893
38517194.344681665
35284054.711966895
25789235.858518094
20009642.47651507
9442428.955676615
55460173.760900676
4561248.932829604
42823474.24140505
1914846.188569747
-6388464.414158041
55586302.32102612
34960679.89014731
38340329.22013295
54636524.32917011
21657990.20860756
43411342.364266574
42741355.55439767
18796408.37265567
44746841.02799471
28648654.588935778
38330215.171844535
54375959.49134621
30080749.622812774
47970177.60752501
30747250.767258614
38827172.80292355
75589167.84621294
49156357.624822795
45471289.96352114
41168992.49671604
20837829.000079
-3932207.118394915
65626040.91542244
77853970.77798155
38370649.8607093
2459226.812199399
55881498.41072677
62350253.38636671
60566186.40932566
61169304.216249324
47723607.74555535
95204655.13481742
71471445.54519941
86407785.38109852
66071927.88155732
111475039.12359469
123347953.53195612
108039090.89824706
96555252.75223906
118099196.66867262
101609430.40510197
75236610.6094245
133838859.43742524
104588306.54655443
152419547.8527396
154123885.2323502
154959245.04495087
191653954.9171209
123869899.30700754
165992434.36590403
213313801.50734943
194678312.90486658
230619718.85719526
255731113.44917414
200836572.66921923
188817967.89017573
227375754.68045026
251234185.31943166
247633092.57064492
240552215.40685076
240570697.21948403
268822053.035015
285063342.9896082
238132154.3627079
248893239.41772735
229936103.5590915
282816057.2461077
272900688.62559736
263144955.0986671
276739194.28583705
255460496.20375362
278507427.621877
232594138.62347102
213917032.97354543
229956351.5429272
273177338.28215605
248195454.98083794
235462050.7981685
232222703.21800196
194725159.42840672
223112559.74123704
245536365.22885412
241169819.2566924
206960069.1640461
200326694.94135457
210108101.78710088
162766417.6597004
211460865.065445
230023498.67057186
187238405.29450804
186924639.63991195
181636059.17404857
143388535.60020018
130428099.56667522
147623247.50435755
211028784.400256
177766264.56944603
130261255.63035816
140050212.68990755
108223645.0485061
159268654.66468185
144739015.55090016
139501072.60226205
114280750.3335429
102210071.47062713
120959210.50610794
122338874.73292498
85147959.90907943
106201285.73352486
117701292.31942253
86563804.72701928
115384372.01695088
93411275.01630867
61777414.207038805
83353539.76344024
125146371.47602302
106981407.99684133
89162312.54758221
64078804.22490199
40751470.7843658
61233402.728275955
65586831.78918014
50087444.84273038
67522047.7206139
32143386.740011953
57717609.2698875
70053704.16945003
55394151.50560989
38255568.87711046
19316866.483859513
17270680.91969441
36129236.17872777
49493565.90899501
45996332.94089787
33669875.680609815
5273630.321493678
46284453.81289582
31592312.582731716
109211308.77936293
90405957.534115
51056365.160086945
92722381.10679336
87254119.16398962
113646705.9950858
111536663.50230756
144631192.38291204
167833458.4215934
118796770.69164592
152938561.56475335
141303080.35026467
100484894.30402836
130544367.06048872
126020673.69355217
129736590.12850296
147500335.5793598
91386724.24403048
122982649.09970888
124313963.03160845
82306102.36205466
100944917.39393723
148684944.81575805
162771290.47184533
151210661.88849348
185672460.696144
138748896.07050008
166760562.84419063
197685521.339975
159019233.99336514
171104188.48440003
192132239.380375
182287656.7433056
154883854.49779925
196159202.03764898
192315225.8551456
177337649.03069037
213902934.96155915
250286755.29434437
226048690.3256825
236799906.06103954
220174126.0295941
233252484.3788492
297879365.05414486
276024467.9137511
249553866.58333942
267265862.05113134
283815201.82282263
293435342.28526735
259031018.7832685
247307755.3541705
271545864.79553187
218888797.24386066
258265925.9927132
223598267.59625813
220512531.45485488
264859464.7362393
245501689.48345467
225008012.50898087
224459931.90916866
233759760.4392561
224857126.68622184
233893003.39246842
238354222.11152694
229149208.14226022
239163723.4991528
191322339.08059824
171305074.4968199
156324700.7636302
140161308.41468242
191041122.51587313
146028334.63256097
194566832.77168563
168395714.61408335
137054129.169266
118731147.92550094
173227154.81547076
121401174.87845075
77700076.94965544
140929610.18167812
137075291.88967282
113949442.16683334
41993836.263907
84298877.07074355
119602488.31382447
121560510.02225617
74232123.65365018
131213215.84579341
101867596.12787496
104074940.51189809
78332426.73413476
56209115.11077106
43730682.60445733
26275831.188806027
51613258.30518146
27147679.212388996
63561040.888437495
64364020.59309406
70138186.95974347
40844307.25932748
35993992.59561531
8744922.018544216
56221606.864123434
41719283.28484121
20727109.514872305
59909002.43994191
43855985.2307528
52494532.09973597
31025071.062577657
25412210.99917929
33746390.13303983
14035018.165432123
27690542.179235913
31690673.121997725
37579127.6064973
25461205.346582137
21433701.85141211
43388849.68292014
-20012614.965964284
4291793.606243307
19605863.18896099
-17247026.91102712
17514535.92046201
16619647.808450961
27132091.118587434
1675681.715592578
-12713713.672331812
22834274.852535874
7261916.405663685
18009395.34793964
845041.360659959
-6049234.979989334
20861080.30305883
42065597.882174015
10513318.524745192
20311239.15906048
1127913.3825346753
-5535556.417241275
-11159320.25780581
-12794547.350611959
26143377.355126426
-14611115.159719653
7983622.80493503
-18155889.604635157
42000963.75824585
39959146.10659714
-13206479.013398463
13994577.008043244
4325186.5879865885
53752877.65858451
40637503.63833702
9325802.634231588
35470947.4150746
10425211.552151062
-11220547.71308732
27558240.489304934
4897851.543918725
-23748716.69531303
-2134183.3720376557
-1226534.0987357278
7400536.0573073905
40160488.97980511
26112619.263893865
39630225.314167075
72183634.27431037
9094083.61703317
13937229.404856388
42487585.45903412
37297540.61426976
22361654.451236833
24261490.196855117
10992744.854866367
-2138122.948141314
60002562.14880702
25933920.99749422
27633388.710250013
45988943.22983189
25241908.98084756
9030325.955131382
49253982.59311244
53772865.46534297
28428563.04860931
48068450.18046808
8066367.8872084245
26411536.291262396
50256990.34111116
48302204.04229514
46550211.9313507
65113747.76372133
73565526.4067488
61598597.09458785
70368584.27584863
84708095.80745028
59240653.674372934
64987123.623729035
92813626.79039478
83064541.97508779
115877067.6154414
145720298.39168915
150105166.67893517
127959840.33720858
193734663.06297973
210371869.0537318
202973743.57052612
267509528.58076435
267553255.20548356
350181578.3287291
380396616.6075875
449914645.91876596
489663043.05952173
502140864.32254714
536811379.5545561
516123566.3275322
520489491.0179777
447358270.32567906
399782752.7045808
326906395.90095913
316952755.2937335
286024011.75329185
299577664.39001685
331082350.5243093
290322236.72613865
333934757.9505
370903095.0198564
429133347.14116645
475910891.64245737
507852726.56899375
601740003.5389326
629781302.4555923
634180575.4856671
696611594.6562085
680067107.0035717
667631816.7924988
660258561.6869293
646960663.8070394
633701883.2032541
649370887.5885241
685438186.8350617
727933497.8599002
803200354.4761914
868349549.5248766
967794046.231659
1070919570.4484278
1208768791.4678946
1337934535.5565248
1433958223.9202254
1559313227.5835352
1668571884.8885028
1699816309.853382
1686840184.3194716
1706326830.9659975
1653757156.3525393
1548250911.3906515
1491959204.6233935
1460524012.7417336
1373390588.6417985
1298216129.7447653
1227377234.5659952
1162336659.6804116
1152292691.6940045
1117330715.1431355
1078528347.5036604
1025234538.0895847
1013572458.5378916
1029653552.0483391
1028448211.8616165
992662689.3549817
982561604.9634169
967949649.6513155
921826852.2850816
939174155.1370654
894942000.2533625
836846539.3129717
851879627.7326615
815287571.8171165
798523024.1094214
759685820.9115207
718580997.9727929
681984807.7432699
620944046.6709194
604682436.0825204
558673368.1499995
533255479.91410077
490426221.68688476
461685856.3128802
474781988.94161963
376553481.82176334
368481192.8564323
371335490.5426452
324615266.98244375
352013054.30853707
310788403.8476436
323519059.6866293
271585450.22521776
263298728.43166575
279561025.27308035
249096840.57319465
192918679.92252845
201373273.6948784
225586360.50491056
198530328.39131933
146855918.6800824
178942671.25398853
189524118.9759787
100658444.55049886
190392315.65082633
145776762.80616766
167420095.8414194
132921479.23983826
135807277.46668792
114479513.7259035
106102124.03873025
125319191.010855
65243123.61748263
104327494.84822367
88262862.26081122
114492925.75540668
76904836.36986607
124171545.89302391
64496400.988734245
46074115.4099071
109423423.66813108
35267469.28044084
92098877.73754697
134169749.19494013
70482551.7753381
48633226.03922559
49739949.933249995
91814187.07597467
76220271.59719323
31796718.985244557
61273561.64921074
52825111.554718435
57981298.23410471
70859742.43238184
58715860.132922
40803323.949947454
45056097.19556526
80897886.4823618
32825742.748593673
19075198.53209005
46541053.72186527
76566204.93592162
21940147.363767274
40431598.636661634
55641304.41119813
47652462.44229454
91213757.49365968
13483089.585325673
75410913.4922017
58525491.17859657
65006057.62355667
34867044.36390098
8772002.825018186
17694547.708226148
33618095.37109195
57616995.72284262
8505455.572899498
2084177.4872221425
25717483.350421082
27446766.733470105
3214288.3707110733
33000702.133371525
13467918.097438324
34101023.9689551
-3962666.8189309165
48589246.31712027
62837671.635281645
44501731.3127797
46104163.44839094
-5256138.354265932
21364728.251756746
-2464842.2895848476
23048051.56792689
48603247.175154075
31832979.29826659
22761399.447885558
41347589.0696943
52091457.30711147
-20992601.0060665
5214207.808091205
38908667.2069547
49567984.44431232
14799866.30408943
3425600.7034629826
26835923.703797713
51946720.06270409
18183202.12464211
45873077.6488657
53571225.16942421
-35166553.47902478
62720536.19301224
3332454.8525197543
82714670.60597718
33951723.65833988
10508590.652933706
41638452.35428527
1516033.1527180597
34717241.94987775
39819377.9581414
34795667.24679429
-23655087.110541895
45330097.98297334
784269.2780090421
53413573.80246431
57366827.73785227
22503632.763150178
27463726.35242216
22919528.99366909
40406943.29672052
80669563.39978652
43282390.343320325
30276719.918592475
71722793.28208977
56310926.82845723
52384071.30099619
18539472.326992057
51879709.42314434
71279160.56342155
61242071.97563178
58336441.994268745
70960018.17437427
65820051.20604372
77740365.15780567
63050506.23416428
56502400.2508469
76452232.44455409
47797615.531496406
96429181.87356754
126797189.85856482
88284544.0917414
105612868.46898858
94524996.01352951
119054339.3779258
114026065.71819335
90598332.51123655
99368134.25840887
108544618.79907626
129866050.87465173
142569831.9331093
118304977.48010129
132666563.45232365
146731063.05774507
110009677.96605396
174547674.9408046
179119912.3306807
188317342.99132153
190671274.2546883
173781000.58319092
242150680.96728948
242129159.63483703
218963459.28870302
246413269.56675294
257948378.48928225
252305144.3075476
264579843.8277048
261023561.0986349
248042356.2876256
256907806.6148158
263315739.47946662
271890605.3181568
275376593.7278231
276311722.01897246
270346182.3030952
292981454.65642583
298129071.20336163
310835387.17289686
255126980.15836465
274629442.7467186
317139034.12436014
262947147.3902031
295334382.4618085
253495232.68112814
232847686.72199506
269082308.84892696
267816911.2369462
243186571.7432866
247155804.92634302
229783888.87611693
214078973.861052
170557082.03893423
205602093.37419137
252857834.82540312
182213224.28719583
219283691.35842702
218476042.2856558
153849264.11060208
178425618.3238046
191406372.48558524
199086671.03660887
191292828.7288618
202047706.72799993
188599102.78857335
130417355.62114865
137767407.2258993
132574897.85036892
173868262.54175767
134962470.21815574
153933946.07647455
183979633.67349535
145297964.46319672
166215221.2316597
116064680.96240008
139262075.51800776
163473221.8969612
126110974.48380272
140344646.3527101
131793009.81049336
93322908.63973692
96918659.65084125
78770386.54913072
93740888.85249054
112127920.5097512
64415640.80865331
108923700.03105499
92472153.34743081
115709823.0053616
120364129.46955936
45623874.50113414
87324153.3437071
101179128.91299188
58320732.017974764
77224270.22554433
79655209.89798623
63428778.617659576
73882427.04875556
26112981.68012456
80607755.92836225
58826422.59729419
52906394.42766472
62124433.08695847
84776179.54057609
64784944.73634071
22370345.349496208
70378243.90030837
80513369.09514023
87560665.01219724
99650080.37997264
106921327.04232194
118186127.51893254
94389648.95282717
97482960.61084467
105591390.58004352
103988916.28744337
76584447.80624367
116050563.06161982
127339496.48659615
119140158.14795704
120066162.09401622
115140024.10303709
79560169.62590435
82745507.94226138
128611885.9554604
96542814.28298004
104425929.20707928
81404513.33307797
96383689.34223585
132167828.13568594
93616477.94267379
151136001.75733158
119889987.65382606
122185956.38143925
182815395.43587047
178170887.24458316
184038085.0686303
164011293.02824217
148568251.80720368
151669656.31710917
205643803.16990593
159066024.18141374
188205758.99980438
172333367.73502427
209679499.7598676
205407303.47588664
200573611.3027329
243923196.77736187
211659984.55000076
250633626.97091553
240865003.84005147
221786503.21890435
264292725.80584243
258651099.7683073
212061165.76806086
259731179.24444783
251139256.74463898
287931238.27763504
253225642.00338373
275082356.41337097
288091579.9428997
272520797.67890143
265681079.78280035
256454139.41358036
245392429.62625432
227411655.44442925
256840388.13110343
242971195.7134061
265695862.13144845
256041369.64306694
202204437.26315966
243010214.1925706
223119454.81713185
200105033.83899838
231063635.27564153
146875655.94477338
199352948.59120238
188918423.23768282
190770195.56323844
142060265.72476614
142836885.40180075
128175858.05475846
120872578.3018589
164742672.71773008
107205712.77749744
124579009.04192895
123756108.68246362
133972370.08197036
93718084.71670434
59038453.67522977
73624564.68118751
105287639.90236737
44658077.72428033
97977160.579335
88564162.18132463
39737906.62741032
51516810.36827792
47086150.05410314
78553627.18499552
46593082.5360491
53315101.87842505
19998191.563646764
24005958.11502772
40233084.87479078
36918015.82657634
15651632.018399455
-2133271.4044150673
38993339.547402434
34400648.22199362
23355526.241480436
840770.2575140218
3858212.0652110577
-14670826.746089194
6865106.131204244
-2067010.9416016266
-10240598.713589063
32968564.390358053
9782427.99636598
16646707.6119865
-23988452.215568814
-9422656.872312937
11689142.053049214
25034921.037196912
26330278.83242126
6068406.884541754
-13104808.457240717
-18660458.97862476
-16636106.475286957
22495747.01546257
-18379146.505976573
-19055143.769506287
36837682.01605386
-19358866.11903064
12699318.129579358
-38305868.61334456
-20550156.50136441
-11746336.540299285
-2461817.8479500134
26776777.524387646
-9264934.70847641
-34814352.07958913
-41637738.90598682
-11190632.97568449
-38504706.644971296
-22471602.30290894
-4671297.8004158195
-2182089.3693858087
-36702239.44880109
11027244.769826949
4397827.84897567
-12222123.685596157
18389237.847440746
-46256041.43144987
28682796.2369176
26405624.47709717
-6958410.643873077
-3216131.8898038827
-25392986.646194667
3561255.639479443
2294102.6263559246
-22410222.11540737
4974534.611857664
50531719.682579696
-1354276.531642456
-155027.11921680532
8488602.340265868
1796863.2044010134
1118223.475487221
-11536224.790056342
2692097.1355849383
-17366088.319623213
-35979911.89370023
20240982.503964756
37273210.55493297
13137543.503150968
16209321.554404981
7149597.955256161
-15900095.924186565
4067220.990920643
51012120.85645674
26533311.27710457
10175354.148899218
14784481.793104608
35656732.21232469
-11337381.195906892
23741643.88149795
38772118.706084445
-136522.12355082668
41611374.169208676
27336009.147348326
54205515.261114
30726469.29705714
27666328.956684876
38232000.757024236
38656231.347334005
40415623.54119191
63463323.66945949
91293428.24506818
30203140.658620067
50042860.56993957
75497847.8997837
77259983.38856523
55656455.37415221
70611670.57153419
135153034.35618007
136395466.7769359
116983216.0548326
131997981.28700614
163035212.99502555
170797374.14770752
195736566.25378644
221470189.09548846
231648659.45383596
258834365.86113816
349207800.502782
388265549.24018836
417172112.19222015
460069999.05915534
530497135.6159138
579646912.9110821
506950914.22641057
470734962.5219588
430556255.14279824
376395689.4621865
338061359.9078921
315835494.3216079
280648032.1576606
275746994.30674815
301056746.0967628
314854960.57928485
333908834.0859775
362520219.6192047
418509840.5042702
456080739.04435337
495299311.92481863
544562975.2493751
600969483.3217348
684842771.2050864
742430083.2746528
692988916.359681
678351078.3906857
647566046.0969148
613526195.1023967
629127016.925246
608588998.5161442
673888395.5545329
733289853.4869066
749280371.6825433
846243938.2373892
951585986.2972387
1093793264.812884
1229521227.173087
1309708983.2329357
1471153346.6733637
1549536243.9211051
1628352450.0351675
1694743452.67135
1726376821.1716413
1725684381.2737882
1650431347.9776373
1602098465.0108035
1526980437.7359524
1454936225.689135
1396502035.0815008
1323456911.5629976
1233574005.0393088
1163437450.3646662
1127654198.5231013
1124133035.7342038
1038587240.8845017
1012553870.3039258
1008511572.0838844
1046792973.7770516
973808952.8231423
945846766.9961741
983934260.1558787
934480799.8989642
930371981.7214082
871962927.2426555
929213822.8136215
876774314.4917079
858543550.0335045
807484328.4424154
782457374.5976667
774041589.7271869
691154070.9670944
671669530.014816
644704098.5249126
581276309.634558
501923803.2720584
506879706.85865146
466058942.00898355
466997393.5852233
444980271.80470496
438124417.3257376
430093463.2657203
346765248.76986194
325104374.6191011
331378854.8922647
278165726.8154874
254854653.11862594
236206103.355813
265324677.67364836
241758125.32503676
235806464.31109875
227728460.92222655
146097067.57844454
185675849.4253155
151422331.3035162
148743087.02329245
157768755.8659183
142557923.55577213
134612271.87228328
143504137.24448416
142149435.70989653
157144339.29104197
123460080.82095903
89060742.60442664
155267234.87434652
73200998.40149426
62911817.983710915
72342024.74626286
89216986.1158637
109879895.75781561
56689836.02459131
81940642.9167201
60000588.29385585
103967703.15243666
91663108.20330009
53599454.43713177
64102217.363175675
42110660.473215446
48773421.84001589
39448479.512384094
28617658.43864113
24598659.868912265
48951122.84885775
38450081.73673126
58919033.089501046
24116978.462236498
26460672.993104193
15211462.28237234
-481911.5649973918
29518451.548863776
-1150039.873223126
4436361.273216923
15688293.045124792
9999246.63910496
15297111.802750371
45893776.67569139
32055221.875212833
68017397.88583903
26812240.590718444
17200479.02610046
13047295.48960805
-5252995.299851615
3039619.8850768153
25484722.574553777
9283092.838318834
8994991.96461751
37291923.95571798
-2694806.408223707
24943788.262825858
1030121.146928723
39541074.553517535
-732096.3201508429
19169657.219951622
-5236226.657630486
19890584.08481327
5874763.730197554
-45837495.21183615
23935596.018161114
7143892.283557903
37677879.69570325
-46040627.77501759
-29123108.64546373
-35059946.20752478
-10215440.347294578
-22809280.453665737
-29168315.054969206
6248634.618410725
12055389.224578269
42762254.59545311
-5896953.1109161
8658776.41451557
-4006465.9781328915
24381157.044037323
26275182.218082145
-20028012.79929275
-44404912.03035624
277249.2914115889
-4669045.339938305
4797469.984516444
-3626746.3457696848
-12354214.56794545
839977.9795970395
-29333823.581904247
20650348.408025205
6225471.207117744
19998165.46882034
26012037.4904894
8227465.833079153
-20364715.013520267
8865140.791594662
6785800.692832395
8544408.51261808
-32473211.73148288
-47905033.046503544
26319919.70169106
11898090.966110006
24559018.659879837
30370705.005403228
23261717.47617378
-24108122.447449777
78603823.08817695
26304033.402020108
24742246.10315102
39194320.427522615
15453167.689993534
55876751.310881905
3737703.6309787687
66904235.1249848
3591002.268540669
8262743.930126209
59625673.63259968
77243233.1104959
11321363.170184806
11269820.182473768
81405657.54912868
25732183.666575443
24663226.067979544
40737703.221934006
34739159.93005213
37893596.62637563
15079319.71059291
60760744.874046125
62694081.09454954
55700834.28312723
67469390.94036084
68492937.70105544
80329799.88679872
59382743.42849782
78055620.38218345
89962460.54612753
86425525.44753799
64505785.72674963
117962667.08854274
74298578.92100172
108805351.96403994
94697024.70933828
144783993.98676065
135036040.25334018
95838708.10907626
202974623.88102704
119740946.5116655
163403144.00020787
200611674.525165
208000262.40912122
224236555.1066337
246210074.50731307
204843054.9106114
204649481.71476087
241568582.25791314
220005996.96836293
249126925.4042491
258741603.48679477
267356229.7042775
284719002.53311807
271162858.70473266
251921249.36083815
209238351.8378057
209984202.5076394
268322800.63564476
275595527.73491436
248388556.0073961
278371132.79379815
254052852.6067015
225193356.03539085
265830102.89451003
246468180.9899865
276054870.30968916
230529784.3324395
219921869.38570318
216298334.02375254
252190854.15540636
236687839.29641324
209796628.0801231
222834860.08883908
223089438.46320385
255505434.08342052
208138898.02937087
184472636.33656514
133250861.40918368
207960013.3405316
210554441.18809277
179634721.83156317
191354413.01256496
160919898.41350895
172757189.76793647
169254367.99779072
135585841.1675515
183946570.1210384
178246440.6333735
117125175.28186253
132714186.30060999
96664432.20304516
110662274.98958394
117988324.53570828
126507478.29386136
127060030.99220261
112471210.59589209
100828080.9954901
123491548.1977626
64671513.59575508
62178783.968615554
105623249.59221974
66807176.903480396
95880607.79494478
104297511.25902689
92858780.85806736
55875163.63678315
85293596.0756075
50576670.34933561
65362878.32137391
58026826.14592481
46918387.47854418
81462037.68264088
33421115.412376735
71292817.14029714
55071706.798845105
51132257.14268902
70412427.43419361
58074673.504929945
45399308.05932361
33927435.46564655
7669611.333640084
19865196.199808784
13811847.501386415
55528652.6146151
55611531.19125651
7021717.477745395
30203538.345905922
21751144.105345044
141137.4880534783
70294209.7436975
117066449.66740583
91485821.59867117
112016606.83089164
141677116.25098297
97894998.89363226
111258087.0868418
115946091.58164892
143681313.2839871
143493732.96984327
141968332.16871914
107425191.45341796
116068521.59969826
122538846.6270278
98064626.74681842
130707123.44168311
103308122.38827045
108782025.29815151
117582228.60420235
129186878.60137703
129832696.77661586
117831081.68876322
182878528.5720856
190917628.78568414
128671734.81326115
167453491.11559317
179661704.07644466
152425223.7369021
170787855.4161071
191884481.99235252
207396408.22391734
204204213.01246455
182687420.34913614
169168268.82962993
222916510.29179138
227844966.7480566
214555566.6917943
241644469.58762863
219523512.61905056
192594104.94622824
264488589.37645695
245667364.66018543
273724261.4050676
271688127.63011366
250809702.19032693
300773419.1019746
297833475.9538587
289611140.45231396
284995854.42531645
314578770.2981062
287288541.6347857
272053637.3399219
273281443.18063796
296083416.32525164
272184946.65434265
303682463.4204424
279649300.77596396
261161701.09173357
270557511.4647393
229523418.80367312
249961233.09439144
288837038.4268906
218582696.29768127
240518222.40115738
215039638.53021136
169449219.91217592
221181021.4032786
222905121.48033676
195130974.01355195
133969032.75565179
192434980.35643417
137246022.66099527
187346163.1635315
153311427.6059947
122643975.14936635
131076294.77735823
169131451.06512436
136835243.90310976
107100606.88059983
105886463.91868956
118171639.94971356
112943116.94005422
66607786.88168797
129502735.40225571
43965851.03442591
107464125.83900458
73828433.51276046
68207882.14532378
48047704.16712262
85962504.17249916
56406939.80722356
25511439.05986384
54330145.6875212
36437804.5237166
63953960.60424412
27638516.972268473
24215395.765252978
36355531.93929887
75809102.90061978
39025906.310899206
30434407.968802106
7444186.984863244
33068441.7658502
66219523.76519858
61730173.32747206
52294939.26752299
70584359.29829851
34409892.73593956
-10716135.228558753
32161638.23663072
-2113131.689217082
-5756814.376416355
8670495.134884007
-23342305.329832945
27803754.619373787
6299720.957762658
27343553.821763925
13351917.780136716
32091512.94816167
68482379.73054373
29561753.34866149
42499337.741133235
29398894.551071033
12109515.182721263
32334226.85390782
33304597.5259342
838326.6500357757
3875251.770209862
-1592743.1658721955
33906386.13737727
-1439065.1921939673
15125684.164846696
6891298.197028459
44402718.60178217
33464442.804626048
21773895.521730617
21254534.811664987
39504658.97839865
48049648.88773551
20075656.175732266
15178553.522512041
1417233.8406338731
-18639616.53098368
-19817732.35791375
17808741.308615044
-34007759.811005756
14364594.757894376
-30884814.55747864
14564703.15575994
8019960.593807224
5115183.616973865
14870895.127158256
14633963.81629596
32420183.688330658
-7045909.510129441
37095369.572285436
898049.7536646186
9815676.060955359
27922514.10864107
17603554.466036115
54623459.326696
9266767.236635745
2034827.0649594655
24021802.166875143
40926181.374135345
62040139.34646513
34104291.25385702
29481824.33312829
4484704.109270309
45955596.31401426
18647136.674709775
9479688.345097896
5767489.922094417
49226926.47432631
44627518.2446581
15213526.504222482
50190624.849644795
43886589.379648015
44435688.617055476
51209528.12503918
17963020.022565372
57826292.53018335
46961641.19772973
4051522.6201775926
79631136.09193823
60972315.37994629
66748489.88425128
75302101.13604556
65389038.983993664
47080896.45726726
96301583.41498107
70909731.84883112
70052356.67089821
91086503.09522675
101957748.32344183
105235732.58609676
97944812.59473109
115026088.60424304
138805777.18512478
170688081.94474933
158479494.7529409
217875779.07735372
186024751.40795663
223182788.70596263
293727687.9527702
270732033.8072574
376727444.3196823
438402067.9281853
455217555.72028744
490341616.0101863
518227436.7642226
558153403.4345404
550147293.4351422
536077262.9245188
476877362.6621617
387261797.3006709
351549715.463968
347264631.0088519
303971412.58914214
343253202.2253012
306776915.06325567
339721203.9425487
363336018.3908016
381569674.21219313
434908638.81988335
469171676.67530215
498440567.0318166
584960166.0466124
693367589.81685
678357620.0688112
704542202.5471295
677352084.9430484
727625639.7013834
630536206.1710693
619460092.6886307
620472560.2483356
651679629.2006369
721129414.4264241
754946318.7101675
800280032.5515974
846242824.7720006
998980611.6417677
1060646990.9490042
1236365409.417661
1373029399.9349604
1476216353.6425092
1629703236.5179822
1716581069.7730434
1731760045.2729752
1739158815.0654283
1752161038.8457575
1727480968.772301
1637852852.7739587
1558427558.7924664
1506638881.9211287
1436758276.4548953
1359544046.8789585
1282990254.2182946
1216148975.9502451
1187841872.8662229
1107239453.54267
1098512328.93131
1092255212.6749434
1021038630.250722
1060247201.3918145
1014988076.2666641
965927572.1158932
992727740.9245546
957821419.9302901
951311986.7079844
973180076.6634102
882818524.0788591
897131316.120991
895380449.6187433
846797955.5557578
852198637.7121575
777285599.2837867
757722628.1259125
706885356.7135254
664394364.6300983
633919602.0212506
592556772.894971
557721118.1816214
503243306.6609487
471460346.22030807
429151346.5170156
400492139.17750734
373639181.51767844
405339071.3239608
347877486.90841585
334285403.03735644
328118206.1971484
305762070.0098962
304297866.8464098
262663189.81117472
272929291.14098144
249779765.25382575
210581779.79640573
200137316.74686477
218494401.4142703
213487513.12115392
191456935.53472665
148840187.30667523
167842067.6295045
147974566.76624116
161763444.12185815
170649094.65272534
136348114.71757323
110605110.74178918
83022265.15004086
109961379.97488557
125893985.12352563
73309341.9155015
106598153.98680286
109548619.75308655
86229190.31369239
110284183.66680533
81291617.77600998
112818108.69792315
49315512.25449587
51510209.420459
98053401.84669918
86078598.87962534
77917986.55735292
87188725.11355081
108653963.61416867
78536128.16853905
59376523.64423932
49023615.80614232
10108400.990776857
41377250.669961184
16542136.52928514
56321438.63944667
89705354.5096304
91529300.51876369
77643872.11892346
29950464.200323157
59771702.83151784
39559612.464300044
89740901.6658532
6760582.340355333
7414558.312647155
71941522.0624688
42909739.60998268
44429563.27903413
39546859.0602704
31590314.03393779
17376942.790974084
32300269.554872498
44455129.171843186
56301254.90904078
-9712943.297587384
-18403485.70857284
44101005.83629509
55525482.855071
54273223.26075438
13021200.108979456
43828642.25384159
33788494.77014767
64279041.668512054
28571531.707410093
-16529103.885972887
41807071.379748546
24187563.378653053
4992236.931192912
10833417.786961066
60175370.08414637
-3722718.582679158
39651675.271879695
24701740.751825284
3928598.067915428
42628169.524884894
11674228.369827734
-5040896.854599462
8875473.947027776
7272319.411514503
28406002.99585523
25474213.81933315
-20676751.372766435
3865173.7830027286
36418155.436517805
21297949.264632095
22077831.052656367
43293406.28084277
-14153245.433227904
35160107.08330038
29577110.12445727
37102381.52952795
-2974474.00912896
2421021.3701136657
55009285.66869405
36422834.402006224
19946805.819001585
24121638.45521845
41723408.21569112
34700974.378410995
50207285.39157432
18718565.594597027
14384988.990065984
45757000.754267216
18623126.49301519
14751066.942030424
44406168.83090386
6946650.188162847
25259188.79981665
31924996.32297179
30818305.58693523
43698826.319797084
68374244.14106719
48554312.038846284
59978030.89753197
91437033.92956547
95810482.3996478
75762377.94394028
55290597.70968071
48715341.63691857
53942560.822124794
43398943.52574097
64080474.319657445
82683680.90763932
46860370.917537816
69992619.18752192
71207926.93637417
64271810.21253822
26650553.863499008
45030797.03741116
72094514.86817978
65143902.13684001
85190273.45700875
91672037.784617
55721489.98534492
65668430.77798049
94664396.76739639
124263802.36882722
78320058.37333018
76352535.78243206
122714622.41161084
132877252.57999258
113499550.82672474
121854729.21704575
144887854.4657285
121991933.26703952
149469336.48537424
142452366.53349805
183060796.91469026
185551015.42211333
203689337.1047039
179109346.78027394
221328917.43100882
236460592.63847965
216221974.9608338
276280846.9669842
230552398.08255088
238509813.6412245
249559817.20129812
277157591.3799209
261691449.62786624
287561882.1163145
308815152.5664572
251731756.449023
259604189.00297463
277945293.81077135
306387137.95206577
275595360.14750314
291876208.3712508
290643408.11680204
277566864.56035095
277295809.09626955
253447866.3994365
274171869.9758734
277387324.39532644
270035380.3685935
266674255.45444095
250824852.7871731
255668480.6840384
263589422.3715495
234029367.24894986
232637863.72970954
221380651.53830782
225362359.5478457
199007255.7998862
197046986.77221632
189906007.4164862
213158902.8866015
231092161.56159654
232489335.9584008
187682499.56819764
175321009.80947518
224836831.49362943
186717277.78507614
160644884.29165363
193016773.97321543
195647190.8185975
149521647.17586768
182651764.60351264
150899788.07057187
172623775.4273327
191507403.33803636
166673971.3190754
136145361.6299271
134341667.1721802
103256022.34564848
146420075.76691484
127221009.26313113
114014572.98544797
194618534.68079975
130720040.50607859
120738448.77436364
93692318.09267719
107586741.34695454
106238403.52980481
86746518.60000068
82349609.78981
101492855.30392918
100768147.51196635
106063505.19645916
86631893.8173507
60898944.41080443
64591177.55613559
92441247.46754526
80521336.02398326
53600056.04595366
48625198.31024014
36327565.78897226
59994715.682804026
20196316.860557985
47060180.43389377
68631823.12929185
51125597.84474142
47305404.52806033
34416361.60959125
78779059.78282732
72582794.73206557
23274896.068963736
73680109.30203731
92718722.76275997
100890029.13091338
130136156.52051944
86187809.2534318
107457360.72397721
77839148.82863307
137200462.8855595
143124483.20373887
144668804.13281322
118046365.97637343
93927606.35109377
164663134.10934556
151702531.11629272
115435906.90546769
93733058.27154183
119055670.58832657
91095782.78467041
48320269.44907832
107794904.58714467
114814752.7061984
106146859.9919433
116349446.30484396
121869911.7453149
153149724.32956624
148214253.92481464
157761592.33523422
137986283.67118716
160995597.89118576
197695351.7320494
182475081.9510697
187247063.29869425
196129488.00222456
158905851.7296263
159024657.28692156
163386809.90064847
181009586.0206921
180975440.16037774
228759535.81444156
171301218.5561707
207260230.6130901
281927184.39894307
195655179.13475043
245169496.70149064
251053621.31056726
265457802.15824652
290003550.438462
307832279.77099407
303237992.6686814
296247967.7445884
295132780.21866095
282099881.9972748
282873112.10620564
287503659.36866206
263435407.23793924
251071034.06066185
240280227.70649445
270241477.7602465
252347323.06217027
233115999.4672414
245414704.7739426
197036370.0760002
231061182.64605486
212747620.86027992
167782045.79557276
229556844.85069215
233434527.10996073
187505171.89137813
243457988.37826037
190038534.34421957
168532861.79244834
164193670.23330045
186060037.32656842
197354856.3186315
126052828.64301327
154491335.74128002
165323894.04884046
150016382.50934416
139678313.95078513
125423181.00951816
110553870.99265787
92637619.16701484
70475993.61526954
67459971.14980052
89843544.08981177
103751446.75399575
67423983.34002265
82367884.35860705
52364133.325724825
60660607.58225879
63014335.15664681
42914439.99874476
86205871.92471789
25635704.14251694
34488117.07397885
53578179.01766275
7253218.774908505
50396955.37662181
28023617.257878035
1300682.3339472413
36004498.619795114
22074687.986174777
63609002.69491815
33036515.360945106
-6241323.354219757
48061390.19684565
20940740.990348637
6578953.270145088
30327484.330663014
12916484.857006505
33447426.96732842
1164261.264419973
4245883.372401293
-14037293.85435155
-15279568.408539321
17865858.087303735
8635241.57226386
15447951.03138052
-4342687.419832997
39005716.55319503
11459038.421165295
-27110789.613537908
26900292.593404874
27393345.797961995
-8813887.215348415
15415415.506361231
-471610.8923249021
26391069.85177656
5650001.236515567
10661656.811859138
11221905.979286522
17809272.476012222
28658974.387629136
2677729.651368201
11014571.63476438
-64017490.29560076
-12630213.861358061
-16056794.520355582
-17791916.744139448
9638196.88715633
-21487727.31469083
-28922388.955548078
9433130.315440029
-28111483.981035367
28354244.480575986
18926105.900544837
-21393989.63217932
73037188.7074783
-21529066.612550095
-5866378.346431255
2831406.5843987614
-42387344.666440666
5530982.7208688855
1981976.5182145536
-21429771.711675227
6509254.491887286
-14923760.839433372
2435013.934378043
25169073.06715712
-2814530.6396702826
656538.6733800173
-20258415.403611094
-30027253.65905595
-13716018.889530122
-9676439.765363634
-9268017.348297
6633207.691506028
28508277.881601393
27669102.380818635
4048852.6487321258
19389471.332212776
8365296.524774313
-865611.6351786256
36633972.682350755
-4815453.043858588
-1124290.1742165685
36495482.132579
67867950.185381
42914664.65018278
32245453.589268744
46147611.378618
-18352707.978720307
64127356.591727674
12208241.82523781
40529618.810104966
75841366.4620583
43256120.18866348
58302979.15793103
44312436.71554887
49196597.62611961
46826240.89750326
73645761.5607599
43121872.35896623
71204093.48555982
71217188.63035095
106044180.34433877
77138107.6121006
101175341.19737077
137855487.45803392
124792961.50777626
111841229.2707839
133543765.85157466
157617824.5185728
166836802.42740726
212153705.92610025
238233191.72725964
280154322.73908615
281476154.4264507
357238290.8983002
404727892.38965034
463026872.4581318
491815293.57049465
515280457.03770447
546906058.9264889
521997166.138731
488723041.01268196
450028007.180871
413018751.1150341
346161349.8375988
321936534.8823681
293112208.8130932
292122672.579936
330993662.60881805
313241443.66349316
346124838.56781197
389150598.3570633
438073244.456131
461601957.2786255
504800846.5735693
579280908.8539991
608458722.089261
673718669.9929972
690417037.1896133
694919215.196271
689078177.3293753
672420818.4219313
658180350.0993147
690738746.434248
710870299.7291822
693665487.4018517
737662258.9756556
824540148.0287085
885438440.2199144
957063609.9814873
1096181117.3040981
1203527756.574852
1351494350.3059807
1532767422.960968
1601154144.0029392
1714881720.9013195
1786457206.0073166
1798286930.787672
1801584088.6217003
1705224233.881073
1674640766.6856613
1605145943.3152142
1512536659.4668121
1421309992.0353642
1359741632.1391087
1283026545.7167969
1209139297.954792
1195512178.887064
1106310770.0394697
1097628517.3801708
1078956794.3341398
1044030845.6350336
1025918198.2908425
1024977346.3525453
1013067663.9494972
947925145.6579294
988413625.8536496
941468917.9061842
925267988.2336559
964634382.6857662
916462413.0798826
907183339.1701465
863422780.0264859
799076014.5420909
781703437.008821
703195937.7242484
647972833.1672935
636364421.9412165
588628784.686099
557472414.4208031
537264902.32516
531787687.7159703
485397535.25613594
502283460.0163603
456178567.5233803
407814288.0570464
357439879.2188208
324548923.1110828
346932736.1022608
289205272.28157735
317036049.475955
315991425.418321
273666984.97370136
238122881.45798373
205088678.44032013
213721601.71723557
247154085.77251804
194994122.96290028
175215851.48683786
192623006.88049662
163748671.05303633
138661938.43817234
121390524.2393595
159813843.89264858
129442171.29577923
145949668.94871014
138461782.82650024
76536238.7343384
109559675.8906545
102562465.9756977
115369671.52082431
94391700.42693102
63267382.515306294
107623203.02596611
71223545.53591609
66747459.852072954
71008498.1103794
67184626.92492366
64866375.53871745
31090707.158635795
51757491.6022135
79287993.93277669
63165160.413018465
25064628.458155036
89239886.81020096
40687439.87809789
40657323.0287109
72141928.74691793
49408175.89908448
36079199.03830904
3183441.0623957217
50290433.28345892
21820318.676201314
41368965.59643355
31984718.84131986
9449064.850242555
-2098315.023140639
-2551500.067284882
24363743.43087694
20636836.21593052
5283180.726843089
59607945.060488105
45132470.67306408
14923618.154454082
2058516.8127908707
9372231.85488826
29409150.339120984
-123679.84857088327
40157582.9128463
48269279.322541595
15646318.26027058
3564971.521866709
34899514.82467808
10404899.082962006
46145263.2625487
9207708.766187191
15971213.923926622
5834630.447818145
6270974.7611439675
-19207615.177583784
748890.6631571054
14876134.462179318
-17720510.91959557
1176014.7555455714
-26999981.57773003
17632185.535562992
-51936326.93661004
11222659.420406416
5685405.923432887
33868492.28595565
58619113.765242845
-4566095.610464856
-12143840.90485245
9453055.336389557
8112579.230713785
-8767184.725532278
14302268.212057352
24926353.454735637
42340527.65244992
17715997.280065387
7043704.210581496
-10071316.904095396
24334715.175395377
23946244.977109194
25916295.651403412
34558418.438174725
-26765107.806979135
-3232023.535733998
43801109.89496219
24286791.303753465
42704376.977326825
10825621.370177805
-11394910.513231382
-11957223.611147523
26768968.271664128
6463830.867751509
-41860969.61290628
14998599.461227968
38260547.3500052
33687582.16070306
40669195.191195145
23791098.881866157
35010891.001858965
36314221.429048374
40980331.99932933
18807410.03746316
12394966.860442936
59804505.10770118
40143087.56781322
35276901.67547822
-18270568.36506653
12680579.89966309
48358105.14388919
31205008.386216044
13892514.552028894
48269287.201416135
20206276.17357546
-10015799.573472023
46350880.273198545
15321677.064568311
36662810.31942755
43865875.73764318
20282043.055436343
52859810.34661642
20250148.919625133
34143323.029764
66682045.51079258
52159677.22888076
57679625.41686642
83564218.61709303
109872090.17169285
52998926.445516944
98286822.57589006
117856562.80946684
93929439.72195321
114444158.56179658
134893420.00797194
124289272.71334681
150095384.4641987
138509954.32154387
144097657.2392953
189126020.4925576
140328621.61636668
177884362.88138437
178300536.39333552
177887354.68824822
192553441.5202924
186224784.2236414
233400616.5383268
218350761.12231684
269753863.27174234
260598629.63978875
219889228.56863117
250521718.66586453
251572984.72145993
278098079.6010349
241161033.36933172
273147461.76765853
297044308.91105306
247537001.8856904
215826185.6580773
305337280.6439642
276406227.80868995
274343892.48386616
290432385.0062979
234460483.38577378
269373126.22769237
255571778.241108
275655331.93557155
279644747.8892775
275246064.966947
236740772.3420999
252167422.52269447
274116070.22319114
244142678.1763909
210630921.95055497
260898364.5142539
229543807.79720968
219105811.63341066
247738960.01954585
226811175.94827607
212799626.69962525
169122831.20160103
217506370.45170417
169545808.13858247
157395265.6192143
196961863.6633688
176614805.9818554
193820015.3971529
175694133.4975425
136655339.43766958
177989906.99333706
214931409.07727063
166007348.44344
163907270.9564376
168820129.52625638
155553975.86142632
142002911.9646635
134375838.00191665
145992513.6696087
129090666.55060434
143175664.14298192
141800607.41026077
103464844.26050326
78075777.09344402
90138776.0625822
97482936.72703409
94564078.85451382
79317210.67433515
127715596.61892837
94503734.99555692
57398688.66684121
77244193.92301899
93174434.89673513
89529848.97605135
66920634.0385873
78375287.18438326
57915444.441405535
95712604.61790587
88342624.596069
69543170.5929537
41858979.14182225
94365999.91342394
90895795.94262925
20015338.320718095
20493343.125243083
57757503.34142935
14710315.27494523
29666938.467228085
56658848.9779453
11985292.920578778
20194766.368427143
37868887.63268347
75758900.81477527
72080103.84942108
108975588.63871455
106478635.60262597
82721678.3341536
118569842.87330014
120347622.2307828
135989856.12471408
96225983.00128889
153716754.65344608
129195978.69093716
130795597.86846304
137873376.12648702
132011008.6007545
130351660.86013931
98579138.08843446
105567385.973198
140106585.07399124
154073495.25961688
173738750.73089963
166629352.8328498
164283038.4751317
158026275.85241097
113543115.0772599
171605494.82710767
175774854.75796223
197369354.16447937
168002279.92081732
162492312.68354464
212131345.59577268
191588159.8737551
181946817.37244338
206258444.7008114
195285624.81749654
200121411.10198855
208073376.53884983
228524518.09564263
232683636.12847954
233651404.9783349
210614604.49888587
227529637.76812565
264051807.20000482
227051807.762542
266209453.85760933
271441410.7319844
299188491.99720883
302369592.0356123
316819048.67702
308743848.1082994
275941955.82812047
323565800.02121997
337382440.56234074
291679324.9496967
312318275.94810975
307989429.30515724
280594799.835659
256089875.97705013
264426739.23994863
269104161.3390809
285795542.1984899
273792346.92926425
206779049.63444567
222042807.2719187
264300600.82602474
306740608.61294776
235434362.34507114
257437307.57869616
214791389.71061626
207484210.8164004
224109367.19678244
183040626.5227803
169719038.4786839
147943923.57621402
168061038.65332815
177430147.53634834
171871818.90678328
109349477.27583182
135949961.92940405
117779305.13190871
103937498.78381948
148871818.60015073
96342371.10623324
94961555.97868179
89010107.2127491
94622537.73577748
106034857.11566138
52264360.08760013
95304981.08434027
91132583.21971992
78274336.06833227
42760156.62823595
93121496.2157094
90888412.99875702
60997564.89898379
59071416.786741294
22242311.169983312
11021885.995917458
21013591.35475357
82679961.92567709
9938945.978919452
68317594.26156294
54294898.67012244
24985642.533578593
49080189.16726252
27711738.14110565
45349185.807633
-3747243.3919859976
7640830.618581877
51068605.21883107
33820236.992640465
56572096.765369326
4189574.298748195
-6027044.928559002
42924809.84902926
39366029.411124356
45670733.17018874
19904350.81369118
41460774.6105384
619112.8363840142
36968634.810082175
32418077.26638233
5597804.796752987
10878341.82744892
9895901.689863479
22212541.857002545
6421682.07265925
-19114525.73653207
6796851.270847477
58897753.70943648
-3438899.562773019
-1839830.320326263
-3772283.7363930065
14863832.732350608
-4416734.122482687
21092744.259942885
26814262.702746816
-3594188.783769285
38129245.29020562
9983477.023506764
9606776.605985004
18095332.9337787
50358780.36160183
15804243.763761424
-4243479.707910486
46463555.765203044
24188325.545296207
-13780361.147507086
35672215.69546749
36511545.41455873
35058972.75925168
27014587.815368146
8530620.204753093
-16743961.457199007
-11019167.529914334
26198027.34691575
-6798415.290587604
25804487.34042409
585531.4810059518
42469549.34142129
10559643.4842965
-6012440.5391230285
27454357.935054556
22666283.147191346
13823376.326138288
-7087724.386603788
29945962.68224296
20667392.87243186
11816200.388059631
7162311.74808085
40113995.72714573
33124103.154961944
8834569.811632752
21291502.906966984
35448412.7662909
17300785.78574711
12739672.368504763
367638.85159018636
56658715.35684237
52688738.00561249
31198511.024118453
43637739.01790625
50703746.87428999
49440126.69626486
48844612.06174129
45015555.463850856
83047870.36459255
89500223.17565322
39905473.9620561
92881927.59586954
91319903.01435244
87515936.00733298
65536512.70380807
96381286.25340599
68144733.85389829
114710908.60312617
109782602.81393754
109752986.37989497
141486629.8470472
152216900.8334459
153098322.51648545
132182992.20847416
155044292.3694961
163037613.93243194
189413906.8742113
204823508.55119777
295481644.67853975
257836145.74033308
327752864.3238621
391630470.0191264
468514905.4631891
503437818.4194269
542219840.5092964
595435083.6630421
568759907.204814
541100766.5242004
491459663.6067476
416488981.46469307
322907826.8767071
352056490.6921582
343777578.9532018
357059848.4886069
329308696.7675705
342529046.69286823
387690097.781549
377145819.2280474
424038516.8061719
507780339.54782534
549831927.7319779
605193195.4984646
673308986.5895271
743707147.0352888
721753825.2686691
768458402.2239952
724292439.5131721
698955862.3955832
715821168.8302879
643045650.695035
692382194.4641924
703941534.3809347
794146255.5206289
812601624.9015732
921578952.1178627
980764344.6459169
1125268818.1080894
1294503336.763073
1408474025.1607647
1565202620.769043
1652504887.4796867
1796267819.07901
1803762577.5477467
1840784911.8521557
1846859494.739256
1820808973.6082993
1733730515.8285313
1692443855.575695
1579478537.845831
1474588434.228262
1445324118.1963873
1339722230.7879763
1305085134.9309206
1226291035.7120733
1223421336.161685
1167223607.666243
1115533825.5973272
1118611901.5049777
1057057991.3191843
1063773766.2808633
1067353544.5314293
1049592874.8600488
1017469828.3160644
979142573.7516375
996648271.7531786
952752537.7197356
954851558.4411454
928644538.852376
887083433.0010843
882239450.1175447
799491317.0814443
800308847.5039153
767247190.6716647
703534302.4272733
656295205.839016
650612927.0369043
579490668.3218558
536311513.59007454
527517424.57964253
467397524.06283545
480486188.88320637
436641839.0341656
432773663.2974167
390526387.2625332
353700557.35010004
372405164.7955198
318532740.19662523
319356653.27878594
329452419.84233284
268047294.34380555
216842624.32013953
260892883.32342553
260840478.44356132
234604025.95893073
212023846.65681362
189518569.70538533
183265752.0004989
201220446.8811251
199263221.27888036
127613217.36542332
148963002.30337292
125795356.73113984
145117391.3651892
142107388.9399801
154574428.98541528
137880689.10527813
123024542.19401473
147400180.6739117
116950286.75023901
113849003.28645897
88592253.52285409
98417424.24213266
85083218.8504349
99050412.83455071
93344744.6961456
114722090.00243598
65078499.71135518
87117160.72411582
41109641.23002231
47858215.99137461
79593453.51821455
62813108.10803625
105283479.27030602
75694300.8937755
57356028.23991951
52286663.71927887
73108328.5116615
20363852.988997012
60762918.03730127
32969577.872423112
52255159.56318745
52399448.404809535
59668081.86908275
34791241.537549436
47922372.37016533
70672293.93304381
38372953.13452582
50758011.1224446
6795083.744081572
31036640.117922276
20424761.99899648
34867375.92585839
30818047.89235553
60796093.56122959
26981218.28111683
51364986.5467238
81549294.09346496
29959834.106168814
17768955.44330561
31884443.764747992
19664135.547826678
39844498.19814585
81512409.47825198
28735328.954196736
22623333.99235162
51157813.96745766
40110790.13683899
14552825.796451256
41247609.9348523
20296313.81419272
45050207.23398883
47404191.39397248
13277543.596125413
36048549.97761768
25130606.852429032
16862990.850810178
-1141903.2209564894
8107591.8932343945
14755375.363293827
18345334.91683977
32548490.614978738
11157392.643259764
-1342939.4923392273
16587375.134869091
62230022.48282202
39277059.13788581
12679756.824500812
33691037.31633167
21033576.5027744
26325069.746662874
13589175.197277306
5674253.457239922
10457981.703023264
-19614478.81016727
6745340.810964269
37006425.472894125
57641101.70934538
37085035.86816017
23272199.890549317
46434951.8029977
20053474.603039034
24119886.88416578
46984363.89911121
43129164.87002482
17883068.26978405
24645265.45237633
37880058.7345065
41349709.06278153
6717664.373471692
43767720.28509134
33238119.38114631
5566077.095612079
18977714.3935107
14135868.81804943
44361813.82731089
47276883.380328834
55572640.9094165
40790537.449368566
80204209.27714008
63576269.36585739
64571712.75466856
56969861.57126385
48458290.72695242
88610398.49936818
65932649.69433817
67103871.8536607
83806736.27968152
74092119.70855775
79778531.88534966
90808508.66604435
90166346.4695661
86020451.88591129
56272753.99188292
100287992.6291601
100390973.51923636
68942504.84255868
86336145.65135947
114197561.78658354
104753180.2127547
118545580.53288502
109750224.43906334
97933537.37880135
149702231.04565853
97161962.86192042
118163257.80854982
149270426.02692193
147290307.00529966
144382845.47331935
187755570.51178944
199932181.06538606
179650948.6499021
236606930.96495843
175941727.99818587
198305262.4918943
224190377.6742512
257450806.65453637
267366796.5815785
241076782.35221428
281313001.2147335
250094675.20733577
279015921.984629
270537635.7944031
254292249.44874257
261056649.50661707
294348256.31227905
343502053.5950803
303877258.709257
281653206.04067826
259859946.9133839
284907537.4499924
286200376.0741399
259661587.82750213
280387299.52936375
269260541.36778307
260981004.99775863
305634068.50277424
296573535.2828953
272745760.85905063
248071876.623082
219937067.9855742
263743948.9884407
229817614.43974265
240281076.4535058
219121462.31905347
232574003.66089034
230540862.70471472
195106969.2514758
219388843.28517208
227283529.44384608
203012061.26517096
188015244.71987584
214868118.58055884
195013635.6119961
185866343.20856908
139305395.22821495
175749593.40453452
170110165.2476331
166845963.7822628
164697870.05897838
198868208.4518035
189061234.11143267
178453507.50210315
162881318.80298302
137930597.10908735
156458156.22548544
124701465.23832664
146574324.05615377
141976795.67211717
106223216.28778134
97070660.5134232
129527820.71107592
116577762.96209186
180482443.99004474
104573533.1531101
113224545.26693664
105170497.72223212
83400163.1096563
125896889.20862815
103077316.9727557
85848417.40071069
82365979.69905658
106270286.00542946
90361097.38821128
89537811.23537154
32719286.941345125
56712152.36255312
57223630.26840342
113302395.05432853
57151791.44468092
35334278.91899943
112329366.43810865
78838467.70445979
65077917.693920724
77500478.8894217
37821885.70982975
24403639.566278264
63840699.61736611
59146548.60214695
56781305.18548057
47735646.72331541
119904020.37793213
117392055.64921117
106174803.28269637
73001920.85308582
100346290.72198528
117204267.0204261
133715235.07593775
163106510.58498883
135117057.23281133
137656888.39227295
157207890.6134851
138179568.06769848
126309753.7818861
127609860.32365471
148924106.43229806
128973453.32548809
112420477.57219487
133267553.29511628
141478807.54524326
124060540.46867436
124683412.20545584
165021554.89585853
189998520.36572692
137108843.8312394
194040161.00115907
224546738.10387444
139432941.52398062
189830417.0270236
201427966.0104165
186889993.4376887
204949141.77415693
178411683.61025423
179826144.85345274
187765625.86323148
198706273.18700767
220144962.61805302
192436076.03504336
180075781.98313916
226839803.31276995
293039508.33036864
244084674.31302267
249411001.6269843
287213240.81635964
279433193.6088923
303377626.2910867
291582749.14461917
261315131.46393156
277810497.4980817
326391710.29721045
283590871.85980934
285217390.5461986
291643293.21568716
279606326.368032
258475603.32633972
272068479.6461645
303762288.8944902
279950980.8652224
264894098.53478667
256971904.1543555
271527391.1977373
252094949.86991367
241268465.86777166
222400569.56285995
209153498.34622735
228144379.66067493
231548262.82988837
201073677.86497903
170132122.6904693
215584968.46704346
182015147.62540436
167017535.22956914
183490334.19645274
166203788.699747
165305483.83535987
153458553.74454916
159111617.08050904
100442069.5157809
123816424.08344547
155313981.37195015
143615823.25907457
105362910.34996441
72240230.63668074
101057737.93897815
104422076.0487762
124063820.87405543
88594274.37694272
71818728.68955189
77029656.46904364
47568878.70911603
51820136.266073555
34724288.727928765
40957258.277439095
56682836.516598
45314101.908114664
37967736.66072867
53801079.304987356
42701424.54181102
45356831.34147451
60538769.47584131
33625558.78613379
54552257.555778176
6341535.402804866
19166470.489323672
20528644.879735593
15008703.79301859
62260993.672171056
9855490.893240377
41469660.0358666
28301387.302400697
26270176.353162427
68295713.46763127
22284003.252645865
11147597.03610026
-30661104.844863564
-13763388.653831683
40611589.583375834
38877282.07598771
4527733.713771675
14360862.811078863
29729157.428731985
28267055.96619054
17262800.625912048
-9435340.631144982
27967497.828873504
-16192592.499334194
20313861.44170615
16909901.4003648
26221497.537142843
226391.4790326506
-3354789.8639809843
31590333.77970265
9969461.464985505
25159438.596828584
-41230220.14875913
35007977.06769649
4003876.4096802846
34083284.19533569
29304728.19150549
-24153265.671591423
258725.1073517576
246485.35295987874
19775086.894410193
-466365.50554993004
4300333.111003041
-3276136.1261823475
26023419.785418734
-49196297.80452264
10004719.074892923
39655562.36457888
9868315.580105543
-7812862.808831155
-3082219.817105487
37104675.238733955
-24277130.173148617
7287618.346437007
1225434.416405335
-294949.37743636966
2191536.3015689403
17801795.716206864
17225064.22519216
24514175.197972834
50675824.17668235
20866467.680549115
-10944163.623996064
32552180.885109663
22904446.55950144
-16123386.77992794
-3841186.2283889055
27896948.03887385
7128880.137006372
16078522.071125805
33353762.444932252
-2082172.727293849
62224590.30448231
28702503.26002106
47318059.24896705
-3581950.504781246
14981537.57491365
49239529.14905739
65505478.26899555
49822968.14955035
42159464.44404268
71868208.21868855
32759187.084929228
62926918.08467257
43931379.27067602
97738916.85243034
66631881.11740935
49181821.1873883
64238485.56168693
92486918.41785532
65409832.04949576
67554888.40439153
93498490.50035858
114076073.27984059
89923195.38139915
130659195.74709678
117150576.06696248
83673027.68689346
181217485.28244734
165095805.4824494
210798478.9451151
198748506.11115766
217645145.72194648
256339712.57153344
329923917.180254
367042399.70230246
428358942.21435785
478525656.3097267
515304608.7073145
584545142.7486849
584666898.951889
590909628.3210478
531235086.620203
496411000.85072136
425749551.45809937
379173240.0319662
361225079.0087738
296818194.4964256
305362508.8308325
327315314.1991935
341934624.29142475
345607138.3779497
419612577.739799
484175514.80945635
486853593.5374441
559752348.8111663
634182314.5776253
684546971.5204477
686261360.7909431
753178135.8795376
763585766.9895287
759160496.5182171
729057684.2676258
696520579.6916294
716833784.3316545
708525132.7031851
760449865.3119416
770398909.4127359
859575181.487361
929502652.9990559
1011760324.6060162
1157616103.4373713
1238124799.2650852
1449231563.3626785
1599509470.867075
1699338497.0927238
1799180232.4101372
1857897948.4973164
1926435217.9649334
1936988816.872139
1841909630.5674534
1751738204.8742657
1732125844.182086
1576433764.33986
1521251739.2430592
1453422837.0172825
1362271740.2698288
1306448497.8656387
1267499917.608755
1237576906.3875852
1154596060.3317099
1185009482.5565434
1148239735.199214
1050374216.5745068
1077840635.78517
1056797537.2691216
1028008576.4281507
1047219438.8281803
982651208.309854
991992492.470231
1024145903.5381422
981393012.0517402
954980653.9950237
939519995.3561049
867525732.8962436
852279986.516427
801295476.0476303
773160009.3638382
749694694.3535078
642939556.2384429
635288098.553843
626049759.3954127
571937695.8658786
541873131.8195262
494520928.8103764
491166372.69175243
446340752.164062
409767692.8496368
403380667.60843277
390208348.93494415
353736742.8502884
345867617.56098294
312171342.96202517
269739723.38948905
284426527.86484694
218486335.81820416
259406239.58411288
232630773.8994627
228593229.2945999
238558441.29626727
209899401.2567339
152713428.70792675
215058704.1530825
204486020.03884286
168728249.36725527
196811927.9818833
138734318.45150638
129687502.73147464
91809832.4680056
142269415.90254283
134880844.26142448
75436923.22577316
103145581.52160394
100673454.92345738
52822803.38442391
106835782.67234826
75197881.18422711
79423250.72937441
63754655.425753474
95029966.7000339
90540937.26257
106223888.35780898
81166292.22970033
78255281.30406094
119132318.92601258
72870865.26426142
78767839.0815469
27822279.000581086
59076702.29755783
56855028.4203538
51625057.44843635
28371352.625061482
74827472.03039438
86251822.82573117
70448705.0991781
31392997.907943726
72405417.78960826
62039898.98896709
34715184.42221114
16973270.29434824
14606399.64141661
22111428.211470872
13885580.955633909
39622905.30652872
35085232.35143417
38830269.26043144
12231221.18357563
47780838.55398166
-1173437.0730355084
58484755.45495862
64910785.80672985
62232253.75206372
43150620.87108216
27924763.115743503
36919102.40258713
14213644.417045206
34404095.04302615
39550227.96122396
22314942.81919387
3062344.944935873
39857553.77333115
19283757.808440357
38771044.94844018
15935379.10417822
-15809913.195852071
25709824.83821164
12290102.350979343
47429999.47148827
32655516.740572862
-5197278.61959181
15561032.225011125
14195681.61031796
20818020.67976138
26002968.859358035
45643552.212125085
4372786.2418764755
-284886.6366212368
4067787.1799266785
63644714.148856
24714868.859316252
2644758.8793066815
70550503.71999188
8330760.967926368
5392589.112524793
20994267.492296822
21266572.125811957
53408865.80030039
45390049.10835624
30105648.362141013
26205896.918312296
30785302.12248826
-7911992.943381071
-5136578.621990591
1129729.4162807614
18308247.061757125
69017089.01905741
15357928.081213884
11843723.174510017
33637704.45949296
81127469.80803804
22973180.676291414
52121965.60035809
34114418.352974445
34483972.314368784
61959850.136520945
24870162.672265187
36932597.076848805
25467998.520285487
38525849.40500629
50461053.13978699
53764171.82305232
37583162.438622445
89019317.62001747
45452135.2605485
59720054.47759721
29213754.300761223
43647852.72910458
51933154.19100031
48420129.47209464
16484847.226062745
37169360.04658106
57571206.851640046
46395773.806272715
114415357.44819954
64385418.96259117
82197233.17895165
67008881.96915436
89294931.060662
39442852.93034467
52269259.398597896
102921089.614615
81177250.41714615
70641200.8089543
86241882.80816126
104480438.7802144
81678827.75003716
137033285.0545467
160518204.9213024
110670674.25427371
107265964.56689471
126042555.69691685
120150774.48632923
161440913.95960328
139412824.0657926
176988379.4070809
204313387.34745878
213943578.87874824
212597149.00670463
226262012.3221047
240602833.07891148
201028131.2394001
283860199.2681105
248724894.55069172
262893923.5112518
307693411.4270546
300007169.8239349
262233424.3976683
281147385.3922191
288643661.3815946
268956962.7359
298105645.84140855
268178248.2529487
314547874.09148395
280880774.0777853
299148664.0445455
284171876.7405013
295430824.33779234
290494756.16011035
299004957.9656813
301824590.9942395
277139695.7499562
301090780.21955574
247832604.6982295
260854891.2025602
261803334.62009162
272539121.18974775
245133244.91616583
272035181.088537
280109235.6713335
271311645.38362426
250590247.91778085
223803902.922648
240948448.3826826
233514537.9310055
208649741.9876454
213349077.541778
205341185.1619503
187506729.86691514
236013079.03312242
234646441.12786964
204066492.05068737
178803941.1681977
225936012.86862022
210968431.72313234
190972042.50312513
158218721.4927961
155869181.51001093
182734644.5317599
116989182.68340433
136281533.2500016
152528499.93240386
155702345.13067403
151503931.62962323
163814515.3793423
137545097.52427837
132803978.68517244
103298486.72732085
82715595.95694982
115486004.93643613
84688963.15708907
110855880.50531273
104849120.88381231
95950391.08930428
74858187.17327437
83077528.58441617
107986526.02598837
91834038.71782401
62830124.20359354
105256944.64323291
88626997.00212726
60944556.62806569
85418398.27137026
60459024.792303056
41468286.42719583
52602833.81349905
58396358.567105874
33194485.297326133
84898332.09306447
36774178.66304347
38005712.323810756
46894782.67826301
78800821.1747347
57907256.68871553
39125836.55902627
54015342.93792963
74357922.12152001
92217549.3411457
112504592.4934926
55942072.28652215
149079763.4927889
120484724.39067203
138830769.2205261
118617910.08116937
154368907.2931794
137602593.52796942
149843114.00254542
145294771.66284186
135205237.4203375
145417544.17718303
106659241.53545356
128678354.32909599
109750452.87218359
113845293.35376671
115173904.18326092
126207016.23476118
115196254.30821645
140988814.76678434
113776065.05326372
164858496.77935836
153033058.75472736
137351043.4624923
151618391.67413998
191029064.2459184
176642215.64830703
155964246.17127943
197046097.34914547
199095457.6427297
147500181.72618753
201790679.86803806
223154862.58486074
181527073.39859945
219200331.44141668
191910728.34074062
197978772.58414882
244360830.7420398
291224788.0536676
238102805.12432855
276761104.95896965
265119958.76635242
286746978.6323568
290335391.5599506
300610195.5665101
344989663.997895
280570466.5309999
261292561.17958772
277633756.6685065
274941590.5982321
290952711.5061579
273312477.5018157
243021992.7961021
265043711.73646784
286961976.07368785
266780984.8288469
223303640.8663835
278120761.08720493
240745889.7324814
260862181.1054411
277704382.28939956
244052236.74560288
256108552.8524523
224045679.41147175
189877434.651187
229741846.15755367
166437906.72485656
156359141.16962826
162188684.54240745
121631472.48885569
149446876.7781138
114473096.47369169
140699616.83544385
114707138.54609051
163900156.37412435
134283159.77658615
73943389.55739449
112212506.14123437
125329053.7156581
105584753.32509305
78453213.6656797
79805438.78901151
93441722.77723747
75591944.44034322
57545722.8517153
105244139.98514457
37814353.9173626
37661402.4885417
77426748.9894321
37556366.44579622
13090729.185588762
60458939.28662911
42903012.27811978
-19146640.11143685
16946363.664160207
28184719.10557262
56807030.77301057
35716531.9219594
31788438.44371332
49835785.95279151
47038810.90525171
25377911.254431047
26346674.684998896
20414224.037965156
-11499204.98369015
450682.0105289258
-10003769.519383565
41108971.499877386
6483702.709929635
-23990687.731168583
38616152.68049483
23945003.548725188
13108812.29892507
23391257.617041156
-16029356.082030894
-693230.052191114
9487890.51543416
18546139.322155975
28719378.764159624
-12230301.32946644
-15830670.195533976
-14381279.417468812
-3700545.560490899
6400453.730458185
19811123.77397037
6864330.044129585
13793784.708917763
23441765.878662013
-27021020.715115912
-7996847.868150013
40508050.55654888
-27071570.650053203
8362491.953842523
42782415.03246152
-6189532.07509055
-3573470.4790738113
-4949555.003667016
-12005589.209768824
-2415851.3556127176
8069472.076295428
-15189176.147456035
19663111.586271316
-5641702.037846167
938552.2175557315
3702905.368876651
-31903573.454064842
16957960.25205051
-6810552.053887613
19119791.778581567
25631635.4609942
11718847.421306223
17399360.05721654
-24338252.88307108
10108794.605485484
29151861.19622401
50495881.05481084
19367652.672844738
-1834644.4079008102
12376516.520432621
-1460676.9220180288
-7940402.99353376
-12745158.484808892
11819820.90774031
2384346.6599988937
-2917689.1733162105
20003590.986614764
26276477.688149646
26475319.01926841
3793430.482584864
8808285.065357447
48732592.470397025
2585328.654701501
23643254.995765567
44267093.13718906
58434662.22186783
71586869.6439355
29626595.879377156
34769084.21630207
28505110.357628286
42394601.60349432
52210940.08592981
32243492.019910634
23322332.123232603
27093699.13040015
39260244.67340952
22753850.148872852
65219602.92379844
85847776.04695952
62591339.047034025
114260137.2024194
108414553.82955468
106497072.56022573
91916805.80340666
80990714.00832272
93390178.31140375
117234635.75863981
133737100.49094903
152489851.0086819
169519370.28330064
190508921.44423294
182634385.2599473
168132219.95512533
220225970.58241248
273803535.36267376
348031037.25443363
380082910.3571305
447915542.7379937
489036501.3171363
539588702.4448256
572933847.4143391
536246237.08707905
554334513.395114
479126160.7406969
399353505.5371022
373530147.7130747
326492785.40914536
327727972.5238898
323766489.58480716
332635408.88271165
340660336.8682103
390936180.31005883
386675113.95368624
430487735.33841944
485807166.76039076
545619793.6939349
605553456.782484
642037198.0191865
782195526.1618662
760497271.0895004
767616793.3507113
765405094.8393192
738276449.9519777
731008516.1814909
725106092.3436141
679788497.7393589
735976271.2312365
786743859.1858759
817033369.4342318
967418570.7074356
1026863407.8863583
1151568717.9243507
1337074575.506731
1482056090.6651058
1599527437.6884308
1745422571.9393044
1857810229.503399
1947969930.9995365
1927633434.9455833
1900121758.587017
1886396889.4294167
1851142570.6839142
1748158195.0638561
1638010557.1987324
1542271549.0813227
1478488061.8208017
1429822599.4690313
1323567212.0650587
1290165081.8960233
1238032843.454609
1213873142.723846
1191999967.7284307
1175871145.1376824
1149273790.7868824
1106684370.459402
1055977626.8938141
1037569698.7372413
1030631031.8439527
1049330704.2288208
1014790488.0874014
973687191.2779326
967092939.1143203
953711823.6086998
935304779.0975108
880363414.8003135
853002239.2220666
825573843.2721653
762066431.8930976
692505167.5288622
690660956.3675351
650304992.5499506
616363264.3193517
549024417.5563807
533778445.7895
523627100.265501
486720543.7332213
459518715.7107421
427804398.8455827
376178799.2422092
362661197.17071736
357764652.0336337
294025076.57861805
293686416.8032421
261947779.87149096
269008462.82794976
257640088.27136612
256957750.78623712
223062804.48742378
249921371.6199454
222010545.1211518
186835475.5159515
200446561.60941505
142535204.77463555
146854831.71779954
132392618.97799933
135928531.36919498
139243535.73433775
149342242.00444698
135637833.26893747
133325627.46223623
101245112.05660945
125500171.61664617
103702992.34284824
108199590.79184467
110871262.99309969
85256297.0282349
139725796.76136178
91580280.47300103
75128689.27604267
78579123.31344634
82196248.00646713
73375225.47382107
83508806.20712665
85779660.11319369
59514802.711358964
74135704.86280301
61830482.62870419
82583025.90392116
106939210.02377692
38828156.14706957
33573233.95765889
37214673.833379775
36061207.937933385
13687555.437061042
24679309.734417707
58590161.100410715
59249216.46041776
28280557.23411885
47214806.62570499
86105818.80845611
40984403.254675284
63686501.20297657
37535598.602258906
59083317.39255606
53901549.00418614
-14431570.008004114
1450373.024357468
36800626.25912683
47706035.4505609
37516625.0569056
22057842.765588015
47015345.761894554
24598276.82789038
66663614.206005245
43525993.206695944
27296526.001824915
54436085.7900169
42400128.826349445
53081678.79744284
-4390979.803727582
12478180.358189538
4674122.8177304715
16053826.173378713
3365105.7547183484
28971075.563736826
6287856.853568979
30037010.33678714
15002988.656457849
21306111.80086036
3320711.3525787443
-1089180.8983416185
30270315.431608945
-1127279.245640643
39894238.05447633
4826453.353633344
30020156.3317395
3395511.756173495
32552390.364937082
3393312.62697462
30373205.254492596
32534458.909052715
-7528855.791813046
-33709868.418282166
22031189.40323614
54663289.405574515
-24239296.16850218
12314675.084002957
11796776.144873194
40065392.790650226
6110263.009425513
17480472.853532415
36810452.99005216
13575614.867533565
-7920409.124675952
-13043587.436864138
6436640.186837524
39390983.04288453
38435775.94489046
13637915.071113981
-7387150.985256359
22241943.653679043
62678617.73418636
60626938.55434795
44397608.860000074
10210315.96324806
9023736.496969745
24394952.799630806
31385103.290453166
39460747.5651871
70851432.88444763
47672744.592490435
42283405.91815239
29938086.56766334
61602882.94227511
51587154.38820377
49449986.873848945
36744549.927975565
55078943.8168799
66102952.36207667
30459183.648511603
68020382.07787958
25438174.38337657
86401459.71125157
48636246.80934149
57165529.65464422
76660295.66591379
69036552.99262512
82531078.96811718
42114415.824695855
100761693.18515477
74084294.72068498
77956147.75999415
124237322.97363372
99792297.65812579
65837165.88635647
100554207.43369356
89020940.84576273
104941552.10196054
103420666.86235431
90021219.5362657
163492897.17378178
166953933.3561552
117052730.6065355
160605649.03750563
215260765.88435596
220920752.778866
214634573.05897707
218243546.12801218
233891702.8324353
241205720.6819679
252068372.1676002
208687027.04121602
225752457.2335748
240645414.75623578
273656964.54700476
283298310.34811807
275075431.9839058
245971490.91127354
276399288.5061248
296640578.9412204
242610745.25954878
270946119.7371897
287987887.8754188
294515779.1944909
298326380.1834702
278215722.4272225
269232295.83994913
279944790.3186736
269515252.6371888
293421082.5526075
238673966.20253175
286445325.64918756
277099617.1961507
255876268.4925712
274391026.2837096
218763711.2878083
261135986.3913592
244857041.86861658
282900468.6540615
249949932.51082522
214895989.0229202
260808167.81914753
268125539.66950306
222798218.64555937
204664444.99733505
197621269.21438304
219473905.29760143
240753566.56472012
156391935.73666298
187835755.48851863
182136399.1652999
201455514.96028835
169470270.20138
182149172.68974692
185301832.51394257
109560057.04431787
177798578.7147625
159096599.18812177
175221293.25404242
179621440.27165306
166863314.6394257
121211637.2024174
111172798.58472091
106890310.79490705
88426630.83500013
108132958.07960679
138893968.13081688
131845051.74956685
105962811.64960854
88310732.53133799
79631339.06910092
106284793.7344337
91945901.29863721
115184912.31916074
116372900.55443694
90566564.44417685
60288482.921665266
106799321.61655991
90198851.99566838
62575456.50433244
38149310.55149472
76925680.53287035
71604390.03309429
68651274.23781054
73574477.25946859
81497666.19288003
113719425.19207749
48127743.24964703
91975579.91134095
73949732.60000552
48729672.53226547
40242405.05897802
75830760.36257912
55860291.36969996
36975700.45974065
88465439.69071957
123115593.77715343
125750841.5273107
125535878.8449119
61999328.91264555
127924724.6685808
150843441.2480894
127274450.78326616
129685742.24834496
129807713.5609886
106209306.64495948
97823053.68934464
145745400.04908854
127895044.1012088
139699443.0186924
92228105.60440102
124710216.65120009
148163440.67141134
132126821.98751959
111456280.15000317
150626608.4658437
129696540.42487282
148169326.1814088
157062183.14880478
148018159.24685383
169400176.29394922
187521835.14595288
203264986.8087765
160077988.72891057
172780093.25202692
180084376.4835068
186424405.25422806
155987110.32413954
225739060.71470705
211378062.98242396
235428386.54639104
156806512.28659284
209355399.3017671
257190090.6927722
223138673.81394696
270549110.1313726
227711348.37824422
298779634.0615539
241699827.972399
259457839.7156279
263455931.22526515
263939100.46035534
296679628.76439977
282012430.1784627
305984096.3610851
297554078.06231827
292563111.6656015
294517238.09659797
294764198.0507297
277262746.10224193
240314574.8537695
268412366.65963078
293985836.9161265
266108899.94953746
300934838.48610145
267569213.29832524
199636590.1408158
241856443.81291223
225629680.07880628
258341331.4562613
253796616.26653466
202459774.53515548
181185749.47706068
191482442.19190288
190177363.33478862
141834343.08356464
176261266.09104675
149348053.14786437
160979067.207596
160701206.22757876
135333293.91452807
109042929.24283785
110323128.02326505
119725722.37804288
98200110.41330694
74253529.29875264
156626941.33035338
130470505.51487288
42441943.30677232
29192075.673901632
67474047.33378886
109194721.21697256
61798976.18323071
102149260.58858767
55630666.89629823
38786015.98743722
52121034.346790776
58924097.47170507
54256942.68569723
59565176.00771827
25972412.04498914
26072679.05027664
13144395.382796075
38913219.13411148
37861626.07799618
2201220.268774828
35037758.18039291
26842316.34099011
26259446.004970964
-11965017.761469994
52436259.87162545
-5109721.917890416
12800130.344416562
28232050.464909717
-11124940.29786659
25821803.659922756
25949954.304592345
2256396.7077238336
-3903747.4910067394
3654737.9943564236
-28529436.770169623
17848698.622322418
6776602.173000008
1354428.812689593
-11593021.486339025
-587127.919521013
17857091.595322084
26397343.85409505
23838956.52094136
-43368225.96824965
636889.6246371195
6199289.37874134
-2416168.8813112313
-6587596.581106611
-24294320.10688887
4320405.362110435
5117329.81376379
4067593.154043097
13324172.584122134
16140163.459711341
-29238482.630741898
2465692.568905672
16735896.587526416
-10249633.509855736
-20322384.945367683
8791366.079597022
21603913.57852296
-7449767.079145648
-10330804.978474226
3853310.4297533557
-17592579.247272085
-26871567.451963954
30887093.027541675
-2264364.9002304412
6998237.561447702
-33217844.475851804
-2855564.571943097
31910173.274373814
8605713.637842506
-3131748.5173409954
-4950914.774253599
-790110.0374373794
-12803283.851081043
45519170.93964234
6558549.440916851
16412362.23666203
11978121.04875344
11574739.476804338
-24249143.165003255
419968.27619735897
11495219.30186671
-27507057.655737653
1082516.230432719
-6874326.078064501
31875970.596282855
45773104.5487358
39784855.68680729
-2755121.013676107
4021600.3533176333
39973400.500030875
60316913.48186132
6704022.387853146
20568417.12673229
46978193.84501737
48244709.01866791
49746057.77250776
30988817.900209755
50293241.6399833
17515641.551895708
24531736.12848133
11792501.275775373
51063946.5758715
91990209.33008194
48330307.79080233
54838712.27073264
80946042.38177818
40852198.22638476
120920222.50988096
79276587.18676847
40182087.6069358
121807030.8066796
84501116.17388076
130928474.53227139
146823314.18333077
183231246.03930318
184368596.86609578
154316594.2946564
232025624.64179564
270415791.0471927
255882872.63340473
329910935.66445065
369515745.759521
435024913.91554713
470938976.73618793
539768866.2774825
591769282.8853693
550613553.7037778
572080110.2486181
518072777.3839302
510365879.0385604
436431835.39323235
401395775.4764042
354735975.22036314
322911537.7107012
278693410.59343195
298513568.27676606
349205193.3238528
333534641.068213
426095109.74260616
415701361.02450013
472933853.98793125
575577771.418714
632803867.1119871
694023566.462534
735288285.6366796
739696661.1331491
779251752.9227486
794851494.7805462
757285179.075593
706846322.2591453
715441097.3134251
754261553.6247187
766019489.4279413
788816131.9062386
863588552.2387791
949945544.3661451
1029303576.3156714
1203017344.272726
1351439000.9662285
1492323480.833068
1677043580.1321306
1805426159.2949276
1875628534.241088
1952966332.0344467
1977580348.371624
1984339902.5392437
1931597553.2378845
1894133485.421091
1762701695.390625
1685113064.9511738
1675500316.8180895
1505384690.2739267
1434797350.7987204
1412320609.2138438
1347513678.285612
1267448273.9405575
1226498249.0038724
1190709871.8269906
1168955355.8552804
1177796316.6246424
1127274305.2982326
1099752398.5726366
1091595898.356079
1057644584.4748182
1069224872.6864972
1068202887.7240877
1037118593.3747158
999946828.7679572
989910876.6147699
942912012.3389745
927830086.2103572
875318421.8222375
827521703.7851725
805504847.2814612
759719777.5293598
701550815.408145
660084133.6992133
654496278.4850473
603950252.6759467
574038308.791302
468687643.116519
487536722.3813245
457793473.51919174
406132166.1336889
437936566.2431401
387426412.06709385
350626937.88114905
361238163.25386655
297342331.95201874
294087225.58214474
310174738.4288211
271800046.03913534
257489455.9170617
195718354.51505256
227113076.20154774
220353854.7752539
188679614.81556338
171784551.0025286
191136002.19590592
196402537.79192567
187329064.8291763
173425783.96147943
160412902.39759386
129508144.21262956
119695795.38946825
129944984.26822579
90399250.22131604
83157901.72863871
97996505.98955706
116077108.45572257
117305552.0289596
107956460.06220984
62679569.26707888
56647862.51936269
69262312.75063425
56462833.42817131
61989340.042637765
70288082.40788555
52451373.261969805
80248211.82391116
68421782.50419372
12063051.289957643
67387780.3515273
58924387.276409805
31645627.800171733
85459668.65132183
37170089.192088485
33882910.59421131
63521282.79606596
72057864.2835839
20467709.491282582
27288153.978270397
59985954.883415684
2253451.224930167
12829441.517320648
6623227.417011201
40735953.43646242
71272587.96984881
55573257.602086335
25186912.719464213
36886263.7790868
31220042.58526942
5375083.823122188
54081317.92353137
72003348.09522441
45357792.00170769
34200473.98971766
-4089839.948459238
2894485.6285385042
43570979.29673569
39495163.11781968
-3494753.2239905447
27244085.348918088
21153843.545519143
2448494.43514587
32274091.717659056
29281075.193360075
47792188.71909019
45246079.94678405
34549950.48798273
13625860.035701022
43064887.63523562
10660616.311126456
16741402.90072786
-11033241.891742438
11080627.977429073
2251456.159175597
-35581504.82314521
7122260.303667583
-16321958.626838885
-21087243.315711122
1601051.4514045082
20292895.384487823
13910305.730770491
18284249.259287737
32894530.28672214
20636617.43733628
3480036.4991231486
36204504.36492674
-13882167.351479169
45551844.7250595
-3155337.5822961666
36102579.17268441
59409710.38991708
15054718.894400017
62765517.46907162
17255182.001487337
45155540.281432614
291788.076226186
18010383.60605408
46108388.72367845
12112178.869846545
-5074786.328118872
23385066.774979904
36752231.55981121
45099256.371061824
15981183.42613545
57802676.593580425
41910943.68718095
33694297.52564427
5676704.381665528
-44732081.319096975
41862961.90721941
24949331.606872857
26467611.67825365
55221919.80354813
44848796.94292912
49465485.54993233
88419302.04748575
37924686.168453455
28424831.81057091
34620748.28443135
15707241.074966848
54378298.91387527
67644559.7413628
47715092.951446995
51041449.149002984
37011007.91973674
22224338.15967396
43890856.51831022
77647474.83753443
76549770.18878478
53540604.551960364
68780354.83842562
71777140.85457933
62506106.512789935
71945711.15367338
85440607.96024597
106107511.17019016
104883924.94507003
119466689.93056792
130879307.01881115
83765348.47171925
131700713.78774093
142402167.62869117
141838098.22703516
149102085.3135205
187362014.6166537
148954528.3413162
142812702.7817299
192604336.92732784
191331735.1546213
231007197.92560554
209164498.01257575
241023949.89493814
264551411.07095614
260230961.88252127
259139955.33467725
238546430.1369453
259306544.91030228
281372366.41311944
236653803.14999467
294667273.6198328
298360085.17670053
254082438.49404162
259609614.9911173
292570223.98687124
297551991.5467326
266945276.48302794
312402351.3687452
311212555.76507956
280485308.4531044
300630898.5890143
301557015.9800574
295055811.73233294
300164712.6610964
268541893.2496371
248830575.93722317
255668015.61203268
272798942.57654476
257775320.60163438
258368976.2323821
270541179.9817086
239923037.7843092
208653203.7751901
255749431.54619122
214286115.70847303
246701044.21702075
236693823.06808996
243047005.26748526
239492791.28144652
200240713.5449831
228996422.34109926
186220891.18374678
219581770.18706083
198722641.07221085
178115001.22653264
172486408.06271297
214045824.64608797
181069999.62114704
179746117.34231538
183106493.0157748
164510695.01957643
141903075.99598402
122686425.49905917
114463305.00129691
144144706.4444308
131504346.26455069
103113039.60337345
144867235.8320356
123091121.61056614
98897636.47784571
101264396.76222745
138722303.1615451
93739172.84569125
66066681.70477557
58353006.89340787
89915637.93609005
66065793.13558428
83750761.61475502
77014756.68468317
85316106.88507436
82652320.38721162
58245061.05122406
70976509.68195488
67132749.1090925
96557202.93817887
93370776.97378325
83553221.12097451
39155436.42212902
41001657.83527322
58102354.647343785
57194648.32188438
51236614.846218
61334292.430414274
44440381.7909511
62763707.67346192
69617161.82076778
52446110.995584674
40485932.29208978
54337431.851539135
130942273.17633584
46081631.32813692
106751733.57076922
72637676.18371269
132444903.70596683
112216319.18680996
98768319.85983711
113370868.84362668
108703956.52140039
85924700.1838103
130761249.26687646
103328945.60486579
82160635.96760911
126566593.10448131
73279381.3868593
144630056.60603502
119193784.9843744
77854541.92526317
102413836.71266177
112199866.15336853
92680830.85427591
121793581.82182357
141694356.4709457
186598668.2855073
137851483.76761714
154746025.24816468
135306458.72470254
156390635.952545
198123207.32677442
159197045.19173568
190497486.66596815
210073382.91838259
250959846.93349475
215174902.10725772
182576522.08098537
183728570.72402716
214917460.50142887
187835392.86787212
236361691.416621
256404425.27266937
242940917.67573506
259314385.5501185
257594880.11099523
312092005.6110019
301424032.10656583
299121168.65509206
338443308.9679123
325122695.56147146
304576548.838361
280860264.370366
292490310.6948552
300108629.19244975
277867975.7516575
275789871.6859565
272444710.6052473
280585865.14903903
284061619.9047971
248052571.41464797
274628367.5323194
288231457.42151946
251692022.20539132
244741815.44759595
244515057.91179803
251309248.77947235
210310541.45277083
211578024.8898018
185029345.9912327
224105542.59004962
197620190.93781844
220355741.96162236
199658923.29812217
163500556.93535286
190816471.02819866
158561593.37550014
142616788.96149737
100456494.22747001
145774380.08227187
109311016.62277578
131736155.00490244
100091527.04255392
99641836.66339013
77386652.73629525
75061410.46044225
56564527.62138888
56470703.8339328
80682531.58744726
52960466.18376695
73265313.1471017
4449185.578785256
46177522.41882207
62631168.848006
66818447.68423853
18726290.387646865
41676911.49402243
79713720.5407707
11754027.611970365
28099351.46867228
21384252.028633296
12449517.607572079
57849094.666596755
25770576.60199595
13457030.35617818
6631448.950575214
13062799.656379193
40065814.03115676
39574403.377006106
24485440.717001863
-8128631.7165970765
24777321.0775823
2271028.730264638
-20557248.828316778
-23322183.199737422
-17288915.15099902
12602369.735963497
29923539.817157086
-4047638.6412151363
-11118916.936135426
2685802.864488965
-1840339.3398155868
-10000518.289777175
-9330211.13368113
8940843.546209997
-7223599.826458279
37995457.138718516
-3151687.2538352767
-16084272.745696178
33678672.179837644
-31984729.229765005
15291098.229471695
22393200.561914183
324044.5250407234
-13037446.529160375
-28062381.508569703
-10982789.804954754
-45693211.93213545
6726181.930571636
22801377.910179224
-7701188.055600587
4438605.2539720535
27412691.39725594
13336979.907174528
-36508357.8618262
8738811.766913619
-4527187.593710396
-19936428.315417722
22090431.254956007
-6837129.731499862
-12992381.200939521
-38350170.27365838
-11865780.41503195
-31775458.59320318
-10388654.50059108
-25059412.119989537
1416219.8109778017
22255921.098816305
-33749452.87838148
-18897721.39258591
16343227.384592354
28462450.320940472
-20921492.035987854
6263205.7858119905
7959820.8356013
46536991.06372449
-19350730.864704832
-25151785.141158506
4945050.675965294
-3299643.5268537253
-412338.34170362353
25035829.989936486
-18798321.7388954
15608391.20217368
23370931.04757169
-10754286.872980207
65734875.66655652
-28310051.066248417
-6404793.609490722
44554155.98448816
14978402.178090125
3747626.01514107
35427202.423751265
-13696314.762788326
29600531.73840356
16473927.119630933
23895732.862291396
51687324.776448965
46638094.97600147
88921439.23104343
-2520835.3457587957
52992441.626457274
77159405.73351035
45858388.92279971
77456892.0195657
85006650.19673342
91313738.17232186
105139670.10935384
122118587.51088464
84730137.34767544
110408751.07614893
128111421.88008672
137177622.86940646
142092734.2924111
185333695.49351954
244501044.2669034
172545716.20966506
241166425.71468365
292333806.6831889
365885823.0458844
407729693.66304255
466955409.0403092
494501998.27522135
528099905.99132586
600381827.2515321
588444643.2917662
581731726.3043451
512634552.70721626
453687158.8724711
351217464.5549326
339495338.115968
319783520.51889396
290303667.80194473
335409235.3522928
336082456.45330644
335153439.44609356
422713095.92458487
460088763.4269364
523748539.4283128
587386438.8872738
657435641.838716
681121024.1697507
752355629.9007182
834964503.8584394
814905199.8671436
824175497.634573
778005312.8110027
740466340.7334728
704135378.5498161
715851290.2675595
729844513.988164
814588709.5485458
935476875.2842827
989807876.4392991
1083919599.679894
1216206549.612021
1342076837.2108078
1540428786.9570818
1714735673.7110262
1841506064.0301971
1979628226.4302282
2052486944.72297
2030850819.0529528
2003909558.9311838
2016584689.304552
1965536117.2661314
1828775393.4792166
1749223163.8043957
1620522968.8472981
1579820737.0684376
1488285011.3083658
1389707391.9621077
1370210765.0000982
1294822908.6668978
1319583214.754919
1210550964.9928303
1178418702.7024112
1185928720.4158053
1162013619.0448284
1115950392.522878
1114606962.86868
1105787400.872891
1065440338.5383048
1050011987.503397
1075766089.0644693
1028484138.0071759
995253837.4839118
963168718.9714596
895126786.837508
893546450.7810674
835187367.0257163
805506777.0961308
741342447.2673364
718803061.1242428
641612237.0638151
636301390.6460037
581472117.4736605
534121980.5143645
535209316.4777657
515576292.7329922
494486044.12001634
434259450.6084087
406167884.58737814
400959746.2050754
331652112.8063071
343882212.4308454
352792774.92202365
272741676.3120756
292420029.87904185
236395436.36715186
242940048.6722765
251206430.27486396
240320223.83363265
230123862.70931995
215300192.13054115
181592926.41356117
177022787.66904968
170210645.5725394
191739642.49637675
189942480.59645104
147416598.9230188
149301451.58020282
130277214.5591656
132299568.67236596
134462420.25660276
128854818.93263084
97152154.91507474
82420495.90659735
101986668.12277806
79123018.07183564
115009334.47321287
105517424.7304908
30911262.115713596
112498875.37861994
98466759.54906443
49759673.79209745
30941461.83567071
76078134.00363287
43524267.61901212
69892582.49044788
74547566.90202835
50295462.96873614
112759166.31472452
28266731.277510643
74834583.5879229
54993432.21282315
2390465.2831104696
50482645.17738259
46787027.04755753
38360815.35918164
34592310.06174129
18607158.855194837
57783849.222793505
45350297.8237423
73068971.01510517
13609681.52120255
1116144.3208453953
28153545.97108467
-24221625.315025195
63980272.15731298
18257394.78290209
6001952.06783171
19497822.181101277
24953933.895409673
37557370.19527149
25020007.630986884
22718760.455078915
49273662.05169678
31572905.53319502
6164841.609706074
15905362.584232897
-13720557.86228963
16376831.035092808
-1745419.2353378534
12480905.817606285
47960808.63335587
23053483.49400392
-6966695.550093994
20340866.074639507
35110556.691015914
8938505.526700467
4302720.77694162
43367979.57491712
32400787.512591965
42587641.628783494
20256216.290143915
-10803446.915748969
52573822.32993725
20859939.971261144
15154967.459380671
23713503.953175075
44753239.39947352
27829026.47489384
1303550.7723779678
10369084.800339937
17800670.590376206
8475307.0400589
14690522.191164352
10751079.957916722
13797696.781699128
16748956.164563987
11509096.672850952
-5655933.826281939
-36128874.33220072
34752141.82789855
-1821980.2191226184
-24615295.226096377
-9651483.164928325
29087242.99221725
38941476.304458454
17492299.5683743
-1102019.633001335
-15327552.475027248
3282753.152331926
8229880.688588768
1606337.0535459518
14596689.739483751
59216739.823249176
15556077.720385753
47794703.51337182
50805177.03352233
37686153.15395078
40975482.64216146
33023918.928692102
45994320.44687855
55633996.08067477
50973492.929977626
23344745.386161268
17187573.394293875
30963153.226247683
36480269.41680099
40282486.69077833
52584943.01543252
38845036.106135294
22843043.9776361
47846269.345777884
77924306.96633
50117944.19835639
62895712.66122706
70802027.98333314
70823491.02873893
52923738.14590117
87888277.61090326
80691536.77266961
75634508.28621
71196808.99117231
76962314.00662938
82427207.44304812
83751197.54227814
125060644.34745103
101724857.82200181
112870104.27386779
79211406.59455284
133218398.58911443
157076023.2637869
135707425.33721477
127318766.51916063
178835756.06471285
221095494.53208515
208297431.08872992
201277009.7019007
237147439.79941082
236228463.93674058
232829640.42519844
269008131.4890797
255348238.9562339
273541215.9232952
251637866.92394787
267359378.2610314
272647776.2699543
279140179.3852763
295421394.69506097
308797707.4226867
278562089.6028327
275290178.4600289
265029963.23782414
336943951.96972287
298085350.2226778
288290563.7374165
321099282.4479323
293438790.299652
348160299.08622754
285550599.0004739
285744227.35234714
238650931.0936828
314447150.98584974
290636470.453737
255101146.2749149
275717493.7512553
225827581.69348487
269934134.6179004
225891472.07120636
249396699.09084287
237059112.38039696
253841215.31608242
248853135.19151458
210257872.76703042
208694593.58121425
186502381.42221862
231841761.12538248
225565704.9587481
221933906.40133956
187963146.63271257
220989593.0511536
200266369.7502269
197098871.95106322
208415707.7961663
217324093.70925945
190193364.7912917
130356197.85720801
182742731.83330107
132241403.38700727
190969463.37125468
151382017.00196373
114847736.61604461
159548905.45441312
122841353.59304479
95707870.7088663
148553435.23017037
138851601.67828703
114857623.57467178
95667077.44368768
81919022.41094218
122614287.06168085
84319582.785336
117334488.50070259
111321881.12555961
99600974.56624314
121639489.26072535
73039033.69454618
76358802.21016575
92751448.6505758
83383256.62764594
76521368.0316901
33329876.5018467
82492618.26076068
49951875.65772204
75809413.83284694
82965144.15100987
63832584.4650611
94631651.16267896
73847803.96469542
53765300.170748204
44356743.12547615
42806806.27073914
37930670.82314658
75591349.78723907
36564042.96629472
16977593.523571983
136377571.25936466
153045238.37388277
134372114.97416595
139157664.53070343
118669683.31699376
148150045.23911047
181653014.31752142
173368916.01184595
173777078.07012466
140989508.71368295
153448102.4169913
124141158.14512736
176015642.6128013
187235393.9633742
143418322.9662527
180822435.82199025
97409370.87584582
154200478.29392475
134509114.24716264
141211532.59020138
182127499.53527325
166681934.38593388
140933564.35034102
175936295.01215237
192271455.52466857
205903787.1102881
192334398.46939516
224974260.7298816
218954693.07531166
192869503.6066022
204552953.18671235
204093201.45895562
213982980.30609998
215321055.85863125
279268583.2452332
187647346.0988086
256492100.12109184
282088504.6346587
243588467.585166
282579800.7243061
275363414.2727256
267274961.0576808
319494276.2712909
305562542.65968263
312632343.39311457
317280729.6699641
349280118.1299771
343227053.2869017
321429742.9337952
343231205.675863
322427877.54809284
354160194.0295304
296093448.7923748
350387051.7904488
320387288.67862093
333298178.69041264
327925879.9089049
295772740.379311
320414825.58628166
267282130.8734815
287357159.1462766
279311722.97091746
251758668.60496017
261607720.91049922
258343513.95036584
252863955.19379616
251194192.6926351
225963258.94480833
233663056.98115432
233071393.45162094
212299508.4651195
192240266.8966137
217570558.93880892
188637176.20220488
176815153.16589707
197865647.8184365
114704032.23775724
163679141.86256737
149710012.80116805
130537895.70112817
106366088.39496177
107587971.28273149
136898248.76591697
94657718.70338675
137816611.345038
104530345.99871075
119939431.64019305
104567335.21111594
94019320.43086943
47592622.17766696
102855508.53542838
98740466.0530674
54836333.08544464
71874499.26386106
26649435.796232138
55865441.92996146
54072116.15283386
40953186.7620966
69440267.94718122
69124236.44712165
56325074.58938216
51565457.372736335
6648045.925891677
58801239.92121405
43464768.93761586
27010825.329081483
28126946.753263816
68056054.7650789
63674803.33038877
64043023.55956184
32764246.236259915
21402570.05858148
19836629.9587333
-18873029.708278578
25092566.184668377
10829719.502872288
44639223.61937867
38615054.78973163
-18240718.30111286
-17924387.880806576
21080238.104925007
49586819.007300526
51284225.0165672
32468157.704657316
12695393.824164467
17682839.824059807
54575982.628554575
38536273.31307573
25937478.52056323
3321089.182548836
35044255.8126916
29667842.45591662
43227905.67957567
17868348.266089145
8092229.437084509
26689321.34149688
13686012.147204043
8257086.931998711
2044562.2347167013
8113120.437920938
-10614122.907970272
28167386.31370529
12396756.668638378
50561217.225197375
29468458.963566773
50091066.68355274
29007787.43394889
-12752125.346566247
-8174864.258018866
13107619.587957688
20240628.011332504
51409913.744091585
29710605.206529647
30509305.50700341
60149601.38456648
-6999561.205148637
50220048.082818955
22743203.47173794
35943431.37225187
40460882.90989028
30306574.11918009
22585387.273731
12594025.403374214
21251615.42430134
18736844.312142506
55636527.35261237
43881436.27398768
30965436.136823468
55224637.06528182
46614851.064032696
37007386.77159253
48884624.07804664
32270130.90510481
82146313.75935091
58077048.74528383
59545848.23122747
74155905.48428592
38047490.25678739
68277038.34956509
13592464.380903244
65303830.77671534
72324617.33331145
66270193.516303256
48807336.98960522
47526333.457559705
123979067.64567897
78918869.279948
101420508.26427877
88158905.25856689
105850426.27233717
125430042.82262796
107900874.41375268
134793442.4775989
142900427.83749697
111599928.59456939
130162210.04282784
167737657.18654627
153396112.71156222
178476008.12587488
189733481.56770957
193614425.61181778
235245401.305637
229224171.4441073
296792408.9968374
299366034.5180204
335011086.28813565
406695660.04350924
436122704.2355654
525124598.7232065
570439733.298466
612303193.7525387
605072342.4301155
634652884.8565352
565010462.3124595
546236013.0100594
448033306.5511892
398640438.36244345
409155294.11644816
347853589.97894716
365808345.6389203
339539120.9069755
377587563.6147847
411693844.2397566
429372611.5375447
490405700.838572
534172932.63894415
596541584.0778308
691644885.9119658
761656639.2513442
832965007.8954444
826744864.8853645
856040313.5416608
858011203.5829015
816294844.6369584
801658639.2560065
795602375.555335
790780109.2885938
809917250.6714344
870727441.3884697
937190033.9154115
1033365359.2153368
1120251089.5145407
1249271815.5736089
1482806122.0476189
1630803995.9128518
1744427145.404625
1934032853.8629818
2072704797.5522623
2093364835.9089985
2151620392.9659796
2159141886.122963
2066507055.5172482
2049574617.5361118
1919953050.6002712
1840191352.5375066
1747707848.5366488
1641853646.092031
1544370299.014872
1504918146.661703
1437206326.0531979
1363519424.036862
1356637461.9217925
1275072421.0774994
1290560211.2284641
1257119744.0764778
1206015758.4600375
1167440798.2821598
1179664396.8845253
1161578617.6874862
1117533211.819787
1160190744.184286
1091677468.617272
1077476995.1667829
1072460810.3094006
1027366502.9824803
1005989300.6045618
933482085.1387413
919047912.1798673
851222915.8018098
814531753.7739971
770214569.1716118
731290612.9522396
649802852.6554534
602707562.643946
613418652.6222849
553439560.538826
541346177.098603
501838995.4395857
501408175.9756843
509282500.2215986
452667051.72930133
402641365.9243641
399303840.6901251
341047264.8017602
328432630.25317323
332334213.15625346
320369796.7277886
300863097.3531748
279775071.62988895
266304513.34037268
242337630.32486618
262816664.07129073
230935404.19447678
240730454.4298551
244474648.00608298
197900667.70857996
213301673.06617284
187272274.53047764
167994945.02650917
163603198.50694278
155184038.77444097
143368581.1357814
131174278.52828601
167705906.83496755
164711619.1091958
150795045.37287694
152924881.57726794
102798821.71290398
127156392.42978454
164926412.17952
108689541.92103297
103797672.50697018
102655716.11412075
143049000.5507954
87370956.49139552
109681777.82694712
125501511.75582114
115159796.86328864
99068001.22078149
38505626.33759619
116475391.77554622
80649977.45743404
51451839.07982136
87023389.23100887
106722929.79471853
52837883.115037575
65793362.39274279
90145342.02770564
62097732.70468837
21640900.92290336
84640880.93333532
72232186.77178703
66748582.67657465
98787255.24211195
32809135.176114187
74964147.77435172
77402486.99170107
47115639.05445835
63055329.70311821
88399791.80930161
17767605.259876132
86347036.371931
53966554.651887044
40724429.77479547
83874662.29192801
46740873.757788055
36428930.040749826
30078325.06176973
64328643.58945607
35467922.767458394
73042267.40632258
82875997.73618089
44918502.75779231
33842726.17208611
43735161.79022586
30432145.55609458
40438356.33061762
35757771.378250495
42056223.960170895
26013680.064056758
33498138.82480362
19915012.816783037
34431389.865478635
25082626.63735409
45530412.15904422
42529056.00876182
7260181.691176074
48099432.01277839
17803578.636778086
42898833.160037234
56424577.614032425
81340834.76839137
33537235.158124622
61776987.01223452
-18119526.529725973
29555771.085693598
46903143.93421665
22042129.229306363
48840039.807774335
15559237.515895244
65278049.92833336
15678238.755491719
57111635.316264436
24817149.71021168
45678828.51925208
45485539.921698175
52843813.9835281
49517663.27934848
48323367.92983566
57439560.40233535
80986294.96466395
47378094.47882501
61335305.44714688
79039419.56967881
31824104.09252122
64700184.83727665
45762235.96016138
77689770.77485037
96153724.44950575
118241433.54405528
77661244.21257247
74612172.46074131
53206717.36920327
72680655.61187361
83917792.57100862
70731625.43455899
74344418.23561253
67230829.87401357
70793319.59815586
55392859.500957675
77735537.48848532
111859350.57982028
78934097.35873857
34869243.10499968
69136896.86399412
97221202.52366403
80678975.30177172
88880260.17172444
113825618.10354334
105580374.35026358
98905104.31125139
63896582.98980424
115642902.68273638
95622107.64743766
95752037.80425444
81645739.84030025
114048810.60521714
144871138.44325742
159519691.47148454
226920968.0420916
129230063.45457484
174396635.2199519
192271799.97055537
180531426.62153623
219912688.39230043
175850196.96966985
217798847.0568803
264513575.23396483
236467054.92304745
232740006.26038855
278904242.519524
300201889.32128483
288136058.70331395
312103615.20712733
311296967.88046604
291202923.735263
301503120.1218917
330528924.6006936
338350213.2536152
323156732.5566879
326968523.6834471
328014455.7114562
316198709.7958509
322924557.7188676
330499114.0598032
339177450.5094652
336739372.69132066
329339541.42854774
330610304.5705085
316918310.47428083
305162874.79246426
315972018.620216
295284758.9711293
282792627.62672865
282572406.77898526
264432596.65913045
289518690.99949056
304088049.33795315
273468603.2764859
262471886.43780994
289702618.55104554
278602036.4411007
286140478.63659424
259682148.0643297
266184540.83017552
274505825.2855257
231624640.09190828
214384010.09557208
247348932.9962949
257764932.23797643
215835293.74458373
194933161.27602074
223186709.28741103
214157648.6498751
206910395.36939055
224611741.74884763
193091094.93225104
237171335.6659031
195239323.4535622
199975793.03651893
167373077.8338331
154000750.40865177
212173384.67277703
153434728.25702488
148168729.64658788
172441440.2275514
113837777.71298356
145532017.3739661
133967950.22895576
130224753.86863607
195731595.72516716
79572861.17872086
139030689.30770198
158581311.25773352
128339294.36186883
111670939.00724496
85590135.11782531
131261805.70331974
79188792.56878236
109866073.95258038
128644939.41083208
117245822.68982464
84156467.75508195
57083338.30559587
110468409.93279843
80158647.03397207
96146923.53543994
69354953.37174729
80568508.52510184
100078739.94813125
56103244.19587311
92836735.50622603
52614572.67372907
48173761.02249376
68034009.95967631
50832164.18077663
76412178.98723821
139225924.7207185
117117105.68385334
78299904.6067445
56767172.83817786
112027798.73007241
109943066.46871
119717730.66756219
134878579.50931978
98043216.07286373
124503186.83654845
126876795.06939647
76122726.2007896
123976625.34228691
104714207.26633593
68816280.65016088
121448350.40252995
82617699.18660203
79044605.44488403
97471285.60482788
114879150.83608061
141569104.30918348
186216629.9629473
168965357.10057002
148584829.45483395
171893384.5079917
174397642.21972045
197857269.36042598
208414823.01733455
178082475.46114305
198700198.72300813
252091993.86153927
232401554.8730321
195314484.77121848
193935072.62839743
190070679.1340845
235726967.61521736
219667087.89297593
231503559.56206793
229856423.60245913
249101054.76800215
302462911.2990743
243160088.41988152
300524753.5704143
283491992.4212527
307377441.092806
313262772.5516285
291932578.80761397
296004489.9854995
327455085.9422541
275860127.21927357
299783603.4615833
325292830.7206389
243594660.06050524
312324171.5269586
258816260.2070105
256318901.4974458
238244772.35089585
280156660.86278987
278332854.59422266
267623524.43923524
260327896.66867116
225880561.38552827
211332576.39833668
167860033.42684558
219066155.5491885
219313962.83363518
220779062.8573308
195505664.97810674
191290700.68214867
168693141.47134292
173925650.9626167
178230032.27718246
117938670.28921244
105143526.3881345
118349557.22256096
156769430.87975895
140770019.1832041
113303413.81362483
119353433.9755846
86905464.46572313
122795063.28341348
69433800.1311004
50382991.14499889
81019388.79620554
51160929.41271943
105555583.8316808
24484773.63712234
83534777.80880064
75969933.88202795
17274012.194865465
29732998.810888514
1753345.9032072313
26490869.26621884
-19036632.30823917
9816247.092359915
-10551509.01882187
34341623.26326826
30702909.678449433
9629476.145634633
15065595.917049013
20115345.43048168
18067546.037084304
23640327.288431756
1448370.1297817081
-37977275.93827388
22918752.951573096
5962685.786093158
40200752.70304069
16253064.466191351
42145434.48327677
7552394.070838145
-37077008.543308906
-5860169.897291686
-7300198.234804753
-1958213.468312014
-21134990.27786476
-30908928.159194253
-30696171.135859713
9614369.626919266
-19675198.146677483
-12348195.836245976
-9754788.034961607
-11832902.992893964
23926718.242857948
-26972954.84426417
-29883280.20845703
-19490227.304421417
2348853.5130897984
-7286946.250350993
-10444044.27682319
1605637.5638654344
-49666337.435181074
12480103.871097006
-25858221.69994811
-40157480.2009245
-10676335.296271434
-15818780.925934847
-47488013.80183211
-58628046.591269284
-29637049.387253847
-25407363.74049943
11039786.630583107
-20154292.71676217
-26533662.353257716
-26602545.925225876
-26078583.539364155
-39288402.089647874
-7764566.557440247
10888692.466023669
-38952484.92861727
-9632053.562851537
-12615491.616497766
-21244928.892574392
-13661309.678884495
-29878835.00022192
-2481671.3282392398
1446493.9973027855
-9184691.104303397
-6190085.995410085
12128491.933722466
-15990054.357899375
-7301393.398169704
-2622083.001329057
7117628.587004095
-10679648.843677647
-330177.3647567779
10581121.34553416
-27821430.930894747
11458413.770939574
4335575.1797591895
-4101452.7802543417
18826905.310411662
20388933.26682955
51478509.17030582
29661084.601084113
-34308188.57642813
66039905.69414936
19487376.032066792
8723283.181296498
2311957.216211036
31167127.55478455
70212267.18079136
52439389.396161556
28457456.509342074
9208282.660689056
94543040.22169666
13765383.91282928
10128699.380939037
9038800.323534876
55312612.56966749
95389588.75443101
67517796.31768963
112687130.74044603
123765688.21681353
110997967.76827466
132820031.37387353
154581072.72592634
181355140.0035643
169752420.46258622
188721666.337991
194469840.19301182
224623692.48471862
252230479.55632472
267991524.34306705
309741636.5385573
347401651.90704584
455234214.5744417
497961618.64344645
554234808.6247206
596331658.8922839
624678274.382935
632563921.4693813
573027209.7072787
494627366.24053454
484974067.3934827
355412115.97537446
293978266.147635
311315637.1077906
329031040.07182074
352518604.58770907
347522639.1024909
393681340.4152287
400141663.3506472
490924357.6922786
540247882.858319
603145118.1911728
685911920.3891702
725562177.1954029
750818932.9863527
831717154.400078
865081155.5348167
801194761.7738185
800257709.5765955
765299151.409544
775992057.9494734
806769256.4358535
773332617.7994442
859229761.3001833
920709658.2938068
1034384820.9597044
1165368654.6665344
1281301333.3401036
1462066016.222187
1607679228.0500102
1826973914.5295153
1958485084.0005627
2090519896.7380419
2184349438.18832
2192137276.3658657
2170160121.8038616
2100626167.1148815
2056820473.37143
1948001409.0431318
1832238364.4593754
1749054759.8485746
1647056089.535726
1560777522.3558707
1493029334.9032426
1392171805.319106
1368498577.9383817
1314491490.6577635
1280302909.1064928
1272567657.7048328
1211351558.6624615
1220828059.753055
1184494206.8127007
1170821375.2752583
1174940324.0072265
1132153967.190723
1079889082.264366
1123438058.0903873
1100148546.2470188
1057221199.2721319
1044783333.2449138
930062324.3305421
907010390.7573967
917302632.9256411
855822729.6318128
800895892.1789393
769199938.7000198
720003026.148115
687436319.87762
640959549.7932822
550381584.482959
546890382.3844702
537835119.1241752
489905013.5954958
462968707.2482357
383631658.78954256
428973490.53976274
372024527.90903115
366317600.6613394
358711243.68132937
275363745.87977254
287744035.5775496
292921155.0956747
285954087.98837936
251610474.74276477
235073540.06288993
228702620.72164404
236796427.25937974
168012808.51461256
194895974.58522654
181104286.53391832
140081424.64224917
117144095.90583915
178097745.62480867
159441277.86331117
131049821.54049355
111114402.05876741
98201662.63768303
153043771.41014814
103003361.44859776
97841212.23610863
93146515.27097702
131321487.94905126
86271045.34922385
69435714.05236617
45227405.097869426
67703993.28100786
62437409.030570745
72381256.55104297
59021103.93656662
44232132.98319584
73770588.17633897
38027136.721361846
95455802.54967918
53995314.68843751
54726367.2397985
57687090.13681151
66214962.57965818
52701101.6831937
29474435.734664753
71351969.59698877
53714509.34777635
33469927.507852674
41135698.186408445
32407967.097249687
43678284.89887646
42658804.386961535
21303049.977283657
55019650.25555843
31750700.856896073
10167003.454234116
-17073407.523255005
24019723.676016875
46080027.13289173
24596560.340888634
18458385.244306296
14545476.28793934
41442170.08925449
47738379.34666966
986021.9104123861
-29979057.34104334
63803745.44364219
12579421.29182478
21907458.513299353
13765845.623611704
10669613.200810544
12892124.43717026
13431372.242535718
60105355.554464065
9650637.107591324
32652629.17691431
2178948.28676074
51034327.935613446
-8574152.560728379
4591737.104536347
2734057.1421346255
-15195267.23994258
58966345.35599457
-8555466.4348686
-13170236.268062927
14392855.611166779
19662792.126676608
-10921854.862355199
46559297.96684671
4986111.33482933
-9300935.714028422
-14827533.703446856
-17970843.894895375
-32856999.011020035
-52413733.82110678
29589209.64292203
-15242244.726761706
-5346353.884714305
-24733693.831279617
16899951.077819414
28267593.426585525
1767351.0290615307
10975743.692089275
11350618.830399115
-760964.6008899696
-24349501.002081238
37002249.525961496
11875903.517479599
-6201594.853585897
-5338363.745737871
19541655.907327875
23098892.80535498
12685215.17755013
-33399991.59410096
-34922150.086043194
44969790.09298514
27536197.92918078
45433251.8674003
72694739.911981
27867963.946147546
36649862.154146254
53806206.553221546
45449543.136818156
45502634.85231258
41040861.89826058
46305226.81038278
48434167.566611424
21599409.07182859
32235842.69237815
34328082.27204849
6959581.2985034585
32976024.554043993
24391986.05956173
39283032.50523352
46588534.80175338
50077627.7372387
51040825.619611345
68318090.9247016
57324230.51518275
37718933.12892912
51945320.26425287
81615862.12151578
85637370.95723431
93309057.37320065
98133725.99776272
82707873.8326365
109920947.79821399
109400229.65311441
129580120.15077302
81486277.12930632
121564251.79895982
139039638.99935365
137558164.64034796
154210379.01996967
99386853.86395484
130509611.64498878
186744906.7851541
219668375.0651335
232773397.75010288
237493224.02474332
220273454.43374005
228380906.17219383
230371052.21640703
263497429.90079868
279973732.677166
241778841.16543347
280053474.33799684
292998753.2338725
254836976.71940514
284067030.089296
304846410.26145536
278512430.9444535
291767637.21467483
276156677.3036051
336623559.5899656
346375996.34100044
307534594.7235043
345845629.1676302
296567485.3704051
289654330.55185413
289848916.29595613
320099059.72262454
287466728.87414026
278720268.5247184
307254991.2743274
291989232.4004487
277231922.7367947
274706223.90161395
255308056.19364223
255653735.01186663
259998931.14929366
232816500.94096082
237875108.917009
222763428.6882685
253258664.79815093
215655517.23853022
242982123.44960213
234552498.32924718
224434475.83475694
209487350.04537666
195568976.34741744
239956345.07429838
213179652.97898066
181820303.42419797
175656281.53196722
180548075.12570292
175265741.17456985
146164276.6244372
172190892.85363954
196977125.225914
170524342.12106514
144639979.17637885
91944712.5416905
113885382.16446736
113563303.33259821
155148856.642215
161279042.76638913
116717251.39370234
101117186.21872081
110021060.9282366
94740812.84727961
72256217.34888408
81214929.99403132
107093177.05075409
70897056.32904196
79028506.21222715
88007266.70807427
72675006.28494981
107214495.61943552
59930550.409731224
51775669.218064025
62929607.62448631
87726461.65198794
46607464.08471882
50792577.800106004
68647139.42672628
57621806.908880025
39660745.28236972
36423964.3546561
36457560.26768087
31454603.906669736
44102796.04669897
12368485.155457221
26514242.092942044
85497045.01782452
64767288.001856
11024818.308196872
87162296.81854488
139542684.5807692
127652348.68262273
152260530.2734204
153289060.0748662
151614670.26389647
170535872.97390434
151627944.28055242
157636042.74423933
159980269.78479865
210653415.60001966
129872489.23273507
137587056.84966645
116275361.1447823
149794004.21625957
157942174.2798069
116049745.53035516
126305584.3671811
154631336.5253234
176626809.9941643
144049817.4377561
169428318.24670994
134210750.78595608
160040349.33910567
190501308.2211844
175543553.03405365
177581066.00234374
219365675.59421146
203374845.73468766
231711724.66528073
238803181.51114684
207789014.22488296
224981936.4146766
238683877.24732104
238310685.8381374
231244525.97537816
280629966.3350532
286104004.53070885
264867201.2380917
269656428.00391626
283978111.40535533
281759349.73334855
313104454.6159113
286407210.02187765
307645095.5252412
311654977.248683
346294717.41629857
394209337.2459532
374521840.15626806
344139571.2977171
358412415.5684373
345498273.9826531
302708644.2710356
352005489.7787335
316865478.785297
320900517.40956986
276114030.98375523
265013050.5013271
306658340.55482084
283505920.3591641
252685838.79995683
284025114.95059645
272151138.8690257
281467293.29121494
296338369.5397778
236495923.42087293
249817945.70971423
207412679.37348092
205359275.01500845
207344698.3356037
206519202.94118196
185924456.7608803
164731928.950554
168873609.9107028
146585432.49464816
154172200.10911155
159948456.76034144
146609261.92016667
124201598.82179159
124885257.24974208
119694253.0660744
96943233.2096189
105555732.141959
122729307.10692798
97647581.22984394
109345898.65812236
87680148.47879118
81107396.2039081
100110530.34858112
80611127.03928274
88878447.95813282
50340231.11658518
20607778.10756384
99552728.47767253
103608114.82963745
36839440.90043795
7250706.708827708
26049833.85706309
87302362.6176914
26521173.13907267
18304538.391849227
24232539.402332086
36038567.948797345
32724704.751154207
39542651.862943105
32121024.74570328
27966239.76597082
54899965.66359104
-11502901.464134816
1160394.3237157175
-984679.6473578587
38944000.61041598
32806212.006950233
35083568.273395665
10976566.321817786
-27962584.830762025
-12101109.7695552
1712040.1352219637
23297998.814402416
34417974.13500856
52162209.31853832
5279041.013034057
1065816.6932030292
23332837.730808515
7057313.153599698
-4585046.56839834
525132.8143348284
30683628.626861483
3477842.0853296984
8213578.297491068
31740943.185283888
13926146.271883933
69731902.0337499
-20238869.43410863
295064.835687099
38992809.01113391
9015492.311803192
25678099.39767124
-8784665.797142722
-39801672.175334066
-24044337.0794172
21354349.071435764
-4168501.7771043405
36221872.4082686
34442813.44463017
34866703.962530434
372995.93901477754
-18046462.070478037
24044472.29145197
-9993684.234364484
40560259.191905156
4438036.353699911
-25377527.121191226
44885856.10788374
27351095.31544847
24957701.821020246
14388118.010940857
30644042.0791504
29561769.68270939
29729255.806614585
41373782.51793803
2956593.6556309536
7354279.856185764
47737416.458631285
20940984.65606022
21400708.7276154
46237203.46371268
2283256.89787779
16873944.67062211
50964020.612347856
-2261728.239101298
24988476.24472481
13994625.762963131
13052702.388245821
79320855.56000668
25716781.721263275
56583008.59853552
69138834.92476147
61806370.19883591
67896682.5194678
91991562.46365422
66707809.627766535
45094298.45711014
32815674.232955053
88706758.2619323
74406594.7648828
37993545.14523062
100046143.34289232
96692583.1117844
108937232.65561253
62117783.934185535
90257083.00835252
141556694.02585688
102120546.80610612
82694328.61696273
137938706.16135266
177196475.106521
188947389.33482772
139191358.77049315
207667303.94178534
233074717.17617428
222336757.50965327
236733066.2469014
338348105.8536088
369105705.2989684
299489583.7846174
414459785.4316008
485336423.6721612
587080462.9077959
597370680.08149
617718973.1596339
651476288.0752041
613938502.4172611
614820356.9211936
545645381.3633573
457525308.5754304
438391405.18857706
384386008.13674283
374521941.4987345
370833087.9035635
370880828.7494869
411854913.04478824
407290241.4048803
483890290.88193846
552074273.5310292
568297171.8835907
635682425.5154383
713000551.9295554
792124168.0772853
872324342.9242189
933346068.3526375
922772578.4683113
894924981.8238468
826625366.8067479
827890610.6852543
857416145.4224713
804581610.9763393
873798025.6572647
903365766.1488898
959060339.6746027
1066786634.7201488
1213307002.5259097
1359816543.637558
1519610777.8354812
1724318513.287003
1864678875.3821306
2064047571.624578
2171135602.0067387
2226406574.048258
2299629340.0270233
2262927334.9002104
2244030861.845824
2158585961.4424477
2049280219.0035014
1945336334.5500212
1830959453.041255
1737416826.0999584
1627888236.1340332
1544683049.149142
1507021732.8968716
1471198440.9128065
1376304138.8054032
1367094224.8683887
1343802988.5910597
1301076224.1946871
1299714418.1821756
1252862324.9477665
1243868530.905638
1217671353.7194948
1172095705.8840427
1170449246.0215442
1109804044.2385216
1132974757.0177815
1124595333.3661382
1075314490.7634237
1079475900.1406035
1022680237.9093819
938107517.0733526
886804581.6372237
804915847.8619101
793254814.0773014
772471903.093373
685795216.7690797
658357969.089424
655613797.3633418
600057049.9229094
545489676.6410998
510511352.1781939
475377137.21273035
507375862.5042506
426293213.61700296
457785851.8410183
388151059.02188116
384320374.8729338
381848052.87588906
365977863.36421967
337645455.9803133
297373400.5002768
298015652.83264947
235929233.21606636
271541005.80194324
243777377.06512427
238093603.65770668
212032415.9339654
224048330.18813252
197355321.8689357
191942532.32898873
137636841.28304473
181376982.09191126
168889651.22627744
161347774.8133836
178863369.09098983
149826732.03308392
136657196.94676423
151411790.02391192
147168339.66969028
96283267.95963338
170658586.6475965
122326902.97394592
121763088.71489474
154417203.33114892
112370374.94431865
103583491.70845631
102147315.56370455
134013665.49806418
111863422.60303137
100933669.70519847
104728446.07398416
65144897.366276234
121339612.53168337
73870517.70524621
65124597.70124254
88852432.01495966
128924115.7754124
68686511.61972998
68852908.73212388
78443059.06001393
63995474.953617305
84702180.24501579
48426017.01465975
79118885.91628814
62369654.678151205
50373811.95529557
48881807.33658802
64483750.70541933
24486840.215941086
61112836.69108474
73923098.10481592
45598097.17227849
72482069.90706484
58757320.33954579
53986675.78478478
68348881.92000294
-15220419.419164442
53318768.17667347
57268987.00176188
38863429.241534874
37608877.38105965
37604232.21828669
17135088.157872647
62485406.23084618
56897243.84308989
8221444.545621157
58264844.35678105
1231518.6717481166
34933197.25803487
10952780.526526235
58593922.77297483
20034328.269862853
49740678.69483721
-1767421.152100075
2478222.6317327917
30203345.04631418
24175797.8165969
33442808.307417415
23774210.42990183
33329185.124227125
-35652684.62144187
47906313.94155367
30267469.64564617
30770494.815821722
19165372.448110573
26191676.198705256
54402142.138607405
19139127.665997438
39076196.82290491
20449980.31904745
40084540.08734197
31258308.480603047
-14096056.418367032
12448173.318824254
58941033.323637635
65905648.40722671
8028729.869768836
34423454.22541202
-17206462.57481063
3900298.7087566108
195407.1693251878
23814968.296248503
45802017.081413694
20879989.353546873
46027148.86594383
50183293.91278648
84476010.16953899
36951083.93031831
42861993.12031095
17412849.7862136
14893001.099890113
36597257.95919659
70610282.51844859
91890394.19085953
64700162.43497348
52818772.624491826
90654327.11274962
62237072.44067787
20213807.431209624
43395007.52098687
60464179.975695275
39937586.36033654
61319356.94515548
76831097.49946341
58961968.5953322
75555859.82397205
91729878.16416208
82541897.53684604
73297551.48878494
72329759.12413776
74511419.90829849
87336067.90711175
126416884.39812332
122375264.98071468
108168535.7756614
131594930.14254439
116759815.2834609
114642248.95711197
111442332.98962834
118773578.08127385
114073540.56102213
144224007.5944682
146267037.75481135
179673973.33309475
131994700.72276756
151445573.85069132
192733046.02942625
225364162.39364392
264321622.28774437
221882795.491808
197898758.42519397
228762485.81526798
238307726.64455432
257606785.23229605
296871855.68592846
283582997.1414683
292152245.9165982
266484101.57538414
316830868.40941286
292933771.8675393
300426740.90148973
294555453.47595567
335543747.7755843
340353662.87575746
333508991.3434409
339077932.43098664
306652569.67593366
319232031.3879696
341801806.4087461
330996069.1743685
322536401.28489447
316615016.7227012
333636045.6188856
336063151.752321
292117080.30379814
303468779.8090501
312963124.49838316
337817980.31169367
279007949.46754533
296883005.69364727
237548635.0788128
268013090.47126967
289385549.7033348
261519419.15930563
310037833.62833035
286553229.92846227
247602155.73921937
285079470.1284915
262664607.84230387
241464420.29229313
279372088.5179259
241326445.89903447
237240763.9919909
211738867.58620733
237674669.33451968
219943306.44069165
202934651.55204356
205527664.824677
199799207.59222734
201514634.65095198
180186325.21320677
206665973.3521135
215770785.5495404
154255838.95813352
183148400.33860618
174317793.40624654
141994412.6083976
166228459.31898937
158607376.7058366
177857039.91885734
147105431.11071518
127510743.20506349
119534724.263592
101886418.15667984
150058349.67948896
100726508.71311015
120237005.67508163
114827104.28483889
84781402.28472029
109865119.18232545
125155683.11794446
109081274.7741305
80147990.91584745
90362988.35623637
77422569.03927957
120960922.8123675
40850682.17080183
92826968.9883467
102802628.32177523
74979847.46754266
72799439.12167355
67796221.09448314
105933278.33269328
82850252.45053607
105164971.86876583
98427233.07553403
8522577.622097433
40840826.32757422
102680473.52633421
91371063.98181538
104802809.03375927
118893027.90767513
127431560.36224449
117147710.12499914
110979275.29777516
140290560.7022999
140977314.1778986
119483935.35257879
161090608.86725616
127453871.52399409
148817114.63853225
150497319.74343717
104098667.48027661
128370432.65923494
128783288.61227405
120574301.69752651
114437784.21956094
136367756.96443
100338592.22112566
148872710.57348287
139036579.64524525
150957600.11598536
201918905.3760032
176383243.10232013
189899274.29902747
148391936.6911959
231643835.2032134
232221861.8326928
213610326.33330944
190828411.39147204
225943494.99171746
284604109.4426034
224464976.37480274
268983341.95113254
245965969.49368432
268062951.3341465
265133746.19879174
244280684.084323
242720817.25393575
271564512.86472136
294026859.5799476
305874054.1655165
327431944.31812143
317745739.8279643
341598113.9514248
341109366.16010153
306760334.476313
294862294.46068126
333923746.5765933
344342256.0017644
342903538.3972194
354727743.284744
336351428.25256735
285540299.39853454
279166663.1674036
293990539.90927684
290859610.3783554
293147645.35121053
275021327.43815184
246080249.67180553
266777239.04973027
248100664.17977932
262369382.56633502
228483487.49198833
220504436.99670905
232515291.1054371
232784022.6461392
243670638.4054112
196364355.6118254
159090132.45196885
187191438.28472322
165619279.5972432
168250728.90243676
160424681.76530653
115276345.60413897
180080750.07692695
113305523.72535375
124251963.02277365
83977911.37010965
83384996.74706836
67531507.5604753
78974828.06825645
86336034.93417543
43112320.85381076
43442272.94205131
61130368.0012294
101694904.90837474
56914642.75680688
56678607.487616725
38923384.32915508
85201439.90557592
66598556.44865847
60460572.154149204
28008761.56135828
19518384.96491005
35634203.764424406
15576276.728809424
18891526.973533716
29097365.76959957
21196232.359402847
64452181.849116534
36537211.5809966
-2802583.644255545
34763761.80635229
8525507.008562032
22204547.231704548
46225582.23492043
48812970.53297977
5070636.818994116
13526453.296175921
3423379.8118320927
-10181069.970250923
3682058.6325699277
18946292.710237753
10477205.851297881
-6823517.050498815
4919815.799517546
13088630.17633332
-22247462.84664051
-13176840.01844974
-1332202.5355882887
-28626634.27164627
-4402654.447151469
2805334.6771016475
-25891477.171267383
-23880047.262506947
-15596610.05588691
34854254.794022195
5920204.3110492835
2560176.9225304127
8615854.74893053
-33868551.570351444
55583642.813055314
-19411896.709223397
-24156379.81809655
-33465597.604760528
19726824.06383853
57433761.645317785
-43747093.484239265
4499948.450127671
-2782538.518118807
-16616540.54419919
8112674.471753357
14575772.053234514
-11418650.866640102
126898.90701534227
-9782858.743569084
-11510891.606968295
-4327298.965898167
1769117.8848825395
-16917691.42626629
-10216874.114793826
11840217.20306296
-1112508.3936954848
19769692.62570349
16484614.159306161
39046737.2191163
4480551.881701622
2380307.0655596294
-24211401.06228094
-9236935.345503129
51272532.21450366
19038002.21331977
-8777840.025252394
-17774216.083640296
13348446.0273894
19798846.80904855
26153850.23239226
16960655.012900665
25661813.389639124
25929557.058278978
37030822.60154329
22425496.928481266
40568966.10088898
16033311.65653558
-313853.44883935153
41057259.875789136
2829227.4609152526
32274991.185053393
22981428.09894705
28994049.115979135
59405108.55032778
41249016.26578432
54459171.17793271
34445646.91461778
31713997.85940969
77526202.99430254
46859223.59791762
54518360.9303996
112527931.28882748
113108720.28393579
54274631.64359596
102026680.8137312
139322927.75190833
119927569.5148165
153988853.5353495
149612602.65245062
193960707.72056562
196741132.36534125
207202638.23191768
260385205.50653845
236111517.9398713
269183936.7528862
328117978.63581634
377606931.4634205
435246711.7372298
456496344.82048774
546671576.0325742
588657407.4936411
627288068.1062728
681270777.8673468
639243368.262835
590947100.6031547
552660873.518234
477406167.62117636
420960945.64235973
400832975.6071179
364914698.8690207
341365305.63620305
350806344.685336
383691935.29190326
433142467.4876199
456208991.3589649
502962563.90429497
602002265.5542794
651511125.5111294
713890933.8034236
832911497.0778046
908594878.8951409
893619614.2369943
902157644.8671823
925576890.1328931
884956772.7564688
830421072.0514828
829514057.7315676
852505856.3941538
877724110.3489227
935619473.46507
1023902915.7456641
1138493198.1392095
1263704497.1503453
1360155448.2783864
1546131478.1635895
1780948197.7216196
1988263922.067624
2145093166.560432
2235608849.3327866
2349806919.4059315
2364252435.9177413
2330105407.7149096
2289375044.4686017
2190461604.466588
2111235239.500329
1996484078.3562794
1892765105.0656896
1786776140.5224504
1691915725.3555183
1626316552.2473204
1506366989.3730214
1494662756.8419225
1463646602.107265
1393888475.2183368
1357083401.623714
1316481433.636176
1278013981.8269777
1267416676.4204125
1246992657.795567
1264530773.7291942
1224694366.9509737
1233304182.9125402
1238135465.8229449
1162701991.9157257
1121084686.8083553
1032292975.5552759
1045873968.5032682
978629393.3939734
944071850.6576297
908650715.1394728
893390667.9905651
821948770.7580817
782083138.4486953
749817687.6004658
682798829.4288837
614288379.3390908
544873381.2333344
568918533.0293378
567615521.4200573
501275498.1446072
405470126.98671323
455941927.00411725
401245620.7972575
393941499.88210905
365183753.2499379
358320354.5756911
318918171.1006108
290590376.72095984
303773356.1737828
252324166.6869524
273593984.42581457
281689323.1369508
261089298.18474993
200265716.22634295
242369460.51095995
226978816.7283718
190763517.97757834
190978037.99159878
141505843.81100988
166120860.38584337
176279763.042137
170450377.421334
155990238.16756508
90507167.1911313
154429946.325373
103150793.31731144
80569510.7757735
134204882.72081472
135238857.90631568
154337001.39126968
94560268.90532586
98732192.95715389
75345566.09711468
70764982.1682548
98508624.66583596
87606452.2983554
58520385.40256953
52616804.21768552
92846940.59277894
75942192.3670377
73082954.75936154
65563046.78997263
47225739.730893016
47810656.971512005
53792611.8099104
57872826.55226731
75421868.6727483
65946702.48700173
48290105.29483746
67889663.44940755
25400906.816693157
21978453.24604012
58798743.99328032
46552458.281712174
2441597.4760466814
28887533.05018556
35698626.64549247
63014261.52119796
61007771.4110163
36051666.11411437
43364567.040052176
15907896.850249633
28687300.116951846
39057381.53942267
43093112.72428555
40389290.979367584
28398225.770177633
22735220.609667763
61726482.39709855
32005989.165397923
59999263.804279536
37526915.8584272
-3628333.686891064
25290351.99895723
35190195.74183952
52556388.78983277
37724791.07169721
36957997.752995215
-1628614.9516732916
18240229.367368385
11273280.942434363
54705006.802007094
53148905.10879395
-4619234.471121052
38176274.3083162
-23590723.602787096
8967105.893427923
31115789.099324647
-14383179.142902069
-22480870.318819758
3795425.4813673086
6839894.28221143
4268171.431684267
22339215.27158148
10660573.21015923
54891396.32885076
36666664.09873159
41948113.98091522
20047726.579067063
36164680.72624077
10762130.993208192
14309032.155556709
20972253.12553604
-19563630.53293875
-13617814.245921835
28223565.438694023
55119055.67526964
12262371.84118002
38025219.65152541
8424531.459221127
39558337.090354405
19358812.66910725
-6447035.229719408
16756812.313779864
11797722.233026326
13138403.030724928
38611082.14005676
31830390.253357142
31522051.901642494
42282033.028824136
41828421.374252185
72427655.80333085
56755235.34910077
37523501.67715713
54679885.78633204
48167771.48771891
28679653.653098553
48146860.98239233
55124125.41316711
53033247.78656801
15823835.941352598
46400176.268386394
44507886.51280859
47127545.32978364
24377798.6829776
50216486.04577313
113032798.6941131
78116998.09186459
70218150.27683866
73794380.29571761
80590704.38057187
73650437.75064479
104752225.96652763
61450745.116977304
71337304.68747756
126038251.83743615
99328470.3612574
108281664.44148287
119922493.09825292
135100950.30621117
133509718.808735
157930567.98986396
165108245.49533454
166449986.86886197
185355325.62913072
184903410.9967853
203719697.7756146
187911232.51303172
232508472.22052193
270044056.00538623
282529728.2953924
297122842.75190103
287200340.93681854
291185327.109794
290072585.6140319
302670163.0996444
290525030.063413
276535178.6540797
295992611.2001815
287005983.5668487
277153110.25271016
285409887.5709109
310410893.5001987
316608290.5034945
306264612.09355664
306735875.68518364
345159165.60109633
321443759.0979645
280665046.6896346
340687192.4544165
306976953.4834456
284616657.5351627
314716354.9701552
324665798.7586619
303276516.27992857
304417910.3135497
292707958.5977075
283307807.35972804
284337041.7617698
285327884.4233357
259926289.11158395
244049615.3832127
259421499.3194468
286446429.2266145
270868399.425979
239519492.7172848
266184104.4538895
229666434.52859426
205957177.04031333
177923244.45042983
236737081.17737404
234716257.8744265
207725899.09959358
214939917.43153465
217984206.90503326
235159171.12754652
191730089.0307138
165408035.13909557
209818002.7200148
175274119.21046
157895815.48639274
168015525.20497978
125947500.57741943
122341132.63016875
137504783.95532125
126942820.65006852
112860972.26699361
150634507.3575204
140307362.38814178
161232146.60276607
93147444.81564388
110988463.90632653
143340313.10813454
132988101.51407664
82388731.62961346
83699361.516717
128983852.6038553
82690255.33081594
81123745.57513568
78204476.60046916
79479175.72084594
91995060.03363837
82580263.18629067
47128533.38114402
107573185.29055879
107691011.85889421
76883148.27608906
78875290.87341347
68606975.52417907
56191011.1356331
84226996.3551507
56152038.861663446
33124990.138049617
54475410.580040336
73966896.00351363
78641841.76802498
64329338.79064261
128212196.44828565
123108973.88907287
84650206.94294634
114736068.23149581
141928064.57938144
166537778.66684225
144236424.52651027
144943791.0654524
165927793.42022714
177184496.62847
152294984.56956413
168295670.76803362
166509485.90203625
132551992.2960379
137170942.7025175
144371523.07058313
121195437.62919703
114683897.09472801
159517283.2941232
134984048.345524
161151297.31883
199076668.12418044
167508860.66635817
169212049.1365772
189368565.41179192
206519543.65856904
205967257.16557565
195548868.46331084
205059038.50956768
220298992.11306936
248397593.41310465
262384345.27981713
253658209.79717094
255207464.77143088
237761635.81870383
236597144.63569152
264170946.85681158
230734470.49895334
262147856.25772372
295829269.71975386
300192526.11472464
321468807.9051407
280985613.4914634
316153221.09613156
368191757.8952217
347509705.7258535
351963847.94714177
387391580.6379442
367341512.3274592
313359903.9214679
337896772.1228114
351272591.32631445
317504018.8419721
299631465.34152836
286991317.86149615
295374548.6593257
259679186.20938393
337608152.7439748
313732335.26873904
268627179.98086977
297258631.1247751
288546927.48737127
302923470.49895155
248916796.63004473
267225433.80514824
253576259.9680788
234592708.0541404
234443753.19671535
235137495.01853067
209597199.59957677
231821978.1815716
201281164.8310939
141706078.88858998
125087686.95135546
148441394.3942597
153439397.66996098
137063342.2873637
151685430.3146646
125456070.92779931
137826377.7099964
67495652.36997321
62394400.63134633
111178378.75013044
104398963.21893243
117039667.5931195
138425572.67097986
72961136.11546244
47787756.84555667
43576864.11013007
95389437.96356913
73899345.9475828
21177528.275102787
41234181.35558081
23437190.84657932
38589976.46649738
53237467.875211656
76129193.59528254
75656551.52653444
47816769.45851819
9804474.146186285
19404177.670745343
17146278.99871393
58959115.25388983
-22421580.21514738
-3761151.592772198
33209899.76528107
-575112.2278734855
21885972.83757623
15105415.825894143
-8585384.240759179
17860515.880018607
2808671.457783957
-2545427.710943551
11710765.855123777
-21089897.12102116
29589547.53537855
-19775487.97036689
50851732.88644487
10974030.459027652
-1234702.3590852953
6518125.469098607
-2746431.5643755477
-132781.17392773135
-6925431.369763562
13094490.937116176
-18003567.784822464
-8913663.260834906
18927948.896702033
14134128.794323182
-13669819.901279379
4424097.728193273
23098825.79249671
15508203.240681581
-30916129.430249818
24466065.85001496
-19211224.23521644
-8121460.553980227
-35222234.677397534
-3051721.5315509685
4213365.023903692
3376835.9867074825
320153.54008857626
-42933203.896425314
-43171771.66813277
-17056746.678118814
21883071.98324178
-29304517.659983926
-22933771.728898212
-28520980.290653434
34664317.100974455
12016519.73494044
20869771.681618147
-15073448.45014462
4019200.2820914797
-14821089.52033019
-52139199.69152603
-5022768.390736692
21743466.80980767
4335125.760631751
14928668.379566569
12834035.35408239
5101370.075572643
32385528.54546298
13135645.663400725
39437703.68406164
7421358.52294568
37013803.56106234
4393138.614062376
36155958.75088545
-10254491.071947314
-34007453.9035589
20565159.585355185
4375592.702366576
28591284.00248632
21464904.681177393
37482899.76529429
25235297.35248451
32359124.21831955
51800370.217530265
24046391.280173466
51224992.75092009
44386844.692277096
25609094.73385577
49057130.13857518
50678560.56687313
50490512.538466275
64898683.79730743
88169041.03503749
86909824.28752941
107521003.84875116
93984187.46055843
114429881.8563393
104241468.32955915
79399154.35617653
106628007.53975135
108356915.16304922
154135765.71489397
193177495.0110733
179395571.31107798
215872716.23268956
206115839.23895213
223279441.3263066
229994402.45915043
286520957.48471296
352155509.81495166
362369653.4531327
450408165.53164333
495856775.3988831
524313032.8336841
558121981.721775
648590470.8623317
648699509.4201405
675649173.0145036
663188938.820829
570482741.4528638
491768801.55914044
431551977.8874053
395642934.99632144
357844810.3858315
396737815.5587326
382407045.43875396
397933428.3402369
428452071.77920485
488373214.83908725
551039500.0950654
590419113.3162088
671843955.9427669
781117630.6913505
838412736.6391563
903123037.0327938
1028382525.9087486
947181833.833688
983624312.434073
919803779.0625432
837061504.806715
886091671.1569737
853873146.3889176
915935722.6069947
954651340.3399863
1081216373.9241452
1166858056.4978013
1355691275.9911945
1515033883.7669742
1640229773.9209113
1840878208.3428392
2044138368.3491793
2246435584.839092
2333564706.9547186
2417454011.4420547
2479466495.445918
2434220028.510879
2414835892.189105
2300598028.2108088
2213854074.0741763
2109347071.2852468
1915427045.914821
1864871933.1779437
1723295392.1969779
1673876048.9690766
1567097012.5632653
1476448248.4472694
1424822962.1151567
1411794048.5908961
1408095122.7860317
1374028927.5425036
1356133833.866261
1325426144.5735123
1316898149.3750198
1274902449.899239
1254342976.4556985
1244502496.7004852
1271154409.2033095
1210031325.323081
1163158354.4389353
1144286457.2177205
1083211850.0389457
1043912175.4124377
1064064030.3163717
936036596.3286955
873173799.9561231
869456771.8077977
794772325.3096995
742213051.1907215
714098935.5502814
688102960.5753796
617888051.7692829
579992076.2933761
509678309.34194946
509264948.06611747
497347174.96299946
471544001.3995556
447658351.42284614
382487579.13673466
393807515.8238049
346078000.7376288
330804658.10042274
316502332.6854981
270645726.2408075
289507454.9103376
300199308.39318335
279092394.7495627
217339285.4287743
223169641.58253416
201129519.52729705
196811629.62895513
204299254.15240714
202570127.02163252
189234050.0086027
207444478.97308004
183389207.99536842
151181435.4866135
143086356.31366912
173455668.6882663
147180931.0768276
110625459.07614705
145667730.69980136
111132447.38783452
116061343.98084205
83881783.38865726
129487497.38835083
82192976.68376964
95011557.07164547
130184172.9426214
93424391.60828756
93477753.8681623
52529966.905098796
80698050.77832429
111063351.49251288
82324389.63255018
75814289.79532756
77608849.73887731
60740513.23375261
70295039.13009241
101686762.85627276
96380973.89431843
60176954.69604439
58289677.3667158
60884609.28295926
45917526.93601041
-8876397.534785315
51722868.79342141
74642856.73549531
60752259.5199552
74091702.16465001
54135262.195995964
32230710.297881514
32564662.694667995
34988672.258710206
-4562146.7634249255
-16668725.159342274
36437062.273866504
58467082.23893409
67037669.02930379
30530961.453649968
32723653.83665867
33461739.20004653
-5467571.823087141
41523453.462629974
210273.24488323182
14630457.389523137
6846123.347282853
27703932.720189303
6184457.55237174
18582388.647091515
9059351.962279815
-12782265.535744783
44422342.10640159
-2941256.4860350713
46914229.52743305
23379293.562138528
-21145230.00020201
19293673.96377185
52050814.37855982
-17441595.50627947
-12117743.819800956
48344821.86856499
6750958.680963688
-1060279.1291192248
17968587.63071768
-4100008.4645567313
-7240047.951822676
28075864.863683037
11180065.769917522
8785439.420150924
-17646287.92671545
-2815012.54638971
31021236.741323814
-11070542.711170364
-19975197.020346966
-15816178.480409494
-15533021.89539368
6879287.81570729
30058919.90922267
39048114.1956685
1321287.9017692367
-9703984.746410416
-21194181.54277191
5879994.022027833
61092696.97056504
20378414.840354253
19160281.62736926
19018035.38820516
33505143.746389642
48401295.511745565
26572756.14964816
44370009.16058515
85736426.12073421
54920088.704664394
1928293.730169922
49843660.4201212
69862472.66514015
16372099.590108693
26039816.061356284
55743287.76079974
91658725.12637725
67529715.95541315
14000627.728457712
51075142.59701498
26481033.401310362
65809174.54750012
37819886.21947891
-8517061.494608715
62418345.43279429
87154370.35271978
56802251.74483992
19262439.267193504
62904258.74587548
73335186.34020227
67325353.03010227
101249977.65295497
85104738.45558079
86513810.99706352
89700016.71311532
93889467.53592126
108994708.23658471
118988377.76012713
114477254.9500692
103830427.35036412
134140874.86941276
116725342.53152207
141693941.38350835
146745922.7648987
179356956.0865505
173495636.3278103
182786269.11800158
237954138.4092368
236393708.61751825
271135892.43432367
225431781.20831135
244441694.62156752
267219740.7634961
262730394.55027422
301854770.2781677
276212749.01786906
286733311.6804285
294501439.36054397
331404159.2053675
325194029.73458195
293642637.2490475
346031200.83605456
334794614.50053173
327586674.1398026
306038132.47305334
331796804.7799385
341084034.414335
339355392.9343294
345959488.9000622
327961676.89635193
325351759.2873975
330725832.23164135
308923967.22562623
306174354.08842254
293874611.5937302
304604130.76583385
304306628.24455565
268435176.6269671
314781532.08484864
277558112.5925554
285978073.3788338
293610239.4487922
280310557.63582444
248085282.257513
251562241.33252192
238766394.87743503
258276125.31000733
251344663.19049385
205407831.4908718
271339519.03184795
280725615.6736567
237904313.1889701
216050262.7981903
235186757.00744134
190636640.58008993
213875282.0629413
210964187.21510506
174730636.5219079
182926377.34291035
184174665.25583053
194430168.23341775
175696566.50305086
166585382.61662245
181568621.75691485
186713271.2459096
164761284.75803292
162392746.26564223
136217117.47250575
136211139.41064906
155104382.46013984
108429553.90178955
130260809.95715606
124137458.05766192
126297961.05704415
102108227.83714335
98771252.46857108
105287140.75445825
63460403.599570565
125179948.9920524
96637385.37556487
93906167.13684273
106118453.22248542
76242237.31795116
22085767.542860106
42858053.90310018
67434790.07649955
64061713.690115236
71249743.8525494
32887064.62679988
44709643.05152215
40764452.9951471
59403771.94450626
44062834.56968642
43645450.69558379
65249961.59277843
80872691.25481164
51209742.59441288
33950659.33856305
113867653.54188663
144559490.9294027
156435370.44764647
152581058.12025085
150353638.42748794
131198117.3137994
137307785.0923983
135475867.62249598
142993545.3483392
162703363.67967364
134757180.69686833
156194111.69472358
151483243.40513685
128657802.76488513
157178594.13550144
162491624.68833402
130566014.65021655
104318666.4810903
124526706.71398664
135097877.9129293
157255807.01425892
182748455.23873702
155241578.82078707
183125606.2538273
212178830.24495023
223952350.08177975
217968352.53658038
209017356.7354043
249992968.83785486
274083320.1771325
282719079.20302784
241487094.73877656
225352276.47520658
235951536.088641
256542675.11321658
288109165.7746391
270174568.786899
269555229.9590877
274563709.5969877
310946406.9956633
301942327.9230164
307857456.0294645
382769447.52965593
324786290.39815056
338331578.87995195
370774115.74161804
360932625.8774328
340231359.8205802
313579631.28877854
348110735.9632175
374173514.79315037
318384071.01141965
339668871.6246166
363680726.19192696
320156510.34004724
327430439.055109
352115306.1185155
367272620.4329493
293590239.8270514
305681626.1058375
277570671.82852966
276801600.1889565
287857451.1412879
259507126.91264713
268458044.82037497
284244007.0155199
235308805.07862982
236963214.34222424
225128437.99994212
220547074.78916365
200955339.97761625
192527106.27875763
186315555.50805998
146833086.8071406
170696067.2328815
137163096.59517708
173229589.22075266
125584732.84645101
154070709.6613051
116617872.22385553
102321489.47763708
108185059.04973304
118597135.24017066
75375827.56225227
73245799.91957603
73800992.5947601
87700336.4232843
120705330.56584895
87404202.48600613
85519126.3001523
39808986.962970026
82400220.77470757
55894322.81221106
78473544.0670942
25390286.674599398
93221031.08889136
47300386.94152338
24786190.057238445
57332299.552399695
32917736.266528472
45836101.79382354
1638600.6724727326
-946921.5078274067
8755680.89533415
23792585.260026764
-1858271.6759223342
39813552.64142336
44958650.7833308
16614518.225015467
34079178.85508937
35483216.661217645
-1029666.836185086
-8598524.053799875
31573214.33407919
20510984.910370905
-9347202.120164156
26483556.776589166
-37712886.713329405
101008.30520563573
-7186158.521709066
-1574435.3414881798
-35229451.39966686
-7350524.895778367
11235597.957142092
-8613504.899190553
27664813.363162376
-43749793.088296965
-14822687.259928606
-5951171.210307207
-11135754.964019962
-39569886.14293474
-13892779.181713564
6006215.310813695
1412795.0256009288
-9615772.320120815
30077814.939591803
-15045382.695872625
-29878774.79259795
-11124948.5894536
16402690.885621298
192702.96287287213
-7276425.156765299
5225174.43695597
24029596.192128345
20544865.88670782
-27940754.245119244
52351965.17962835
23337890.990891904
-29373896.179293334
-18858217.156821348
15645361.572340436
-4040273.183910504
45192644.76097681
19799839.00463809
21428144.168511584
-920581.5997526608
29111627.964662712
52137258.464573294
-36898904.55985744
24880636.47699433
2442527.581131205
2367763.506001532
23587964.59275992
14878594.583307866
13727453.19207972
36998530.21105936
32533586.060842782
12580617.348010309
9059804.387083195
24490601.301380962
42339305.37930007
24325241.878572114
46765708.56904255
27806375.107173532
31226342.931741998
58240587.19107222
7736803.709966883
17929819.825258903
23751232.978351623
26446592.431689017
62272534.25948925
43409388.073491946
44605840.53139101
38614894.890049815
58184666.45369551
89532031.03138117
56820703.32891284
92717918.30590284
113294753.06346732
61395908.42559081
66833256.55235201
102978720.57648729
142188848.5716845
109096057.46117312
85283032.43485796
147824163.18869272
175912994.06549412
198214905.26204562
210998106.4940316
206523733.392928
202713800.69234103
297049897.4245406
302755007.1330231
312237052.07348907
336545962.4953059
377223448.08714586
476063605.66198486
461419916.90624696
594051574.519237
610780241.3202987
650116291.9198174
672674801.1910297
678836633.517341
665052886.8478563
558751241.3096819
520329916.86315155
460017520.3055315
442057525.107445
409466103.5535964
421225937.387259
414914437.2224175
430385450.8173778
458969203.249254
510444124.2713213
588167049.8811883
665668581.8753575
729368364.1858536
836297709.0960473
923123185.5906639
968587803.9082174
1003026987.4482484
1030364023.1136796
1020566281.9041125
974673190.6513774
919582824.6404097
918626385.9390295
956332996.7926375
938200793.8334321
1046508626.8986225
1141899519.8914402
1251117783.376435
1381950599.5078063
1528604826.6809793
1726737117.7580223
1919522910.8744876
2125582378.7820597
2289332404.740642
2459300367.612049
2562136703.0202765
2575923743.385491
2576076119.9711843
2500382112.692634
2433748871.5559607
2331120920.1819887
2180223732.2713313
2062190751.0831647
1971228795.4195194
1863119229.0652711
1763830901.7090034
1684570878.2179332
1580916631.5056286
1567268434.5485022
1476825846.6312876
1446386498.3458517
1456709146.2033162
1417902384.3850896
1421328813.746802
1351026585.5666265
1349073452.1773815
1351826413.575809
1347847801.5796714
1307328766.150359
1242921783.2233696
1233034040.157906
1159889866.5848346
1133661867.4830334
1071182242.5550296
1014245542.7109544
984239220.2344987
896282122.7732499
865159925.0306478
783328853.0243232
747983609.940332
718272311.1407934
682539606.4026847
667623716.4598581
608039050.3989305
608752859.9366654
536422869.30886054
528202757.3478349
471350304.29549724
424672437.8793825
464105218.9992143
417372398.1069335
429243013.9206215
364976293.4731972
364013001.7836304
387319422.8354435
290029585.5090134
277550522.26555747
287815402.0196917
262155101.67678759
261827801.45893776
234391513.82917082
221888470.51644668
202571126.30832875
228670011.93554938
210269066.48829618
167903993.38091037
216721754.2941611
191085530.3245541
144029111.37675297
145625716.27363095
176573604.899437
150590863.86918515
145331926.32766372
155941355.16611126
141015634.1391552
130795300.5596031
85461806.47079593
156518199.15240282
118149147.08759356
88541025.6433093
163477611.77562535
83711470.57289644
105133822.48443471
121076668.31879736
131397382.14981882
91591594.85526891
101579616.56554212
95478572.3494573
71754570.84576666
84205014.61854883
33174398.12237169
108396471.44783834
71044464.53086543
40274287.19707893
94482996.08277246
91680334.8252483
47376844.6608196
55431567.689508975
71309670.82907797
91140323.95583338
63435143.308917075
77500506.04979464
78657285.47645265
30870409.847944826
62410026.53235672
60272255.253715605
61173373.50795743
47393466.20376592
50248186.2003655
52945202.49105249
30057296.702707544
8957187.527704667
17219817.13766639
38847353.447140545
31878177.909176603
26697332.92189376
38069943.77808815
-812015.4045846388
16029694.864288665
23281741.598455526
914399.7848038673
50053104.599460155
37034504.3567864
16016274.30264381
18064200.086734407
21165203.17560246
55488985.034117
28256874.75965911
22493139.99217787
25989402.63985814
13120666.039161831
53639396.49672454
32106723.009211764
27651350.022908527
16477036.960129973
24964228.969609234
31571765.663326077
19909098.851962697
23877019.64919321
18343783.240144018
56204816.206614934
15990408.129253518
39089905.90273562
22273464.513016634
19168231.350910548
33432392.80839234
-14036036.996431384
11885708.92388961
26723504.664242044
54922284.75787726
4103306.3181387596
8937592.66138843
32742496.507796153
33787129.29325551
21737087.332869653
19745368.364394367
14951156.003104895
51561044.534139544
63774468.83834876
13380750.136894954
34089181.97769339
49658933.10590492
31934773.1052269
19141093.05542744
76022798.01052707
30964796.066798203
46779040.35976037
62720225.32350987
70287958.40114939
71612545.29824318
20016001.58689879
111722333.5008909
78936996.64510465
32140839.73942805
57842941.29633623
41739401.254287004
60029488.211326644
51060832.9272182
39231444.8431558
82019685.331637
103430785.6415616
52594172.37641065
91651382.23964061
82783699.92655867
84339524.84019488
67033259.463841066
91042470.9282941
123866665.48007964
95069200.46832734
89272426.73756774
94584956.34382668
162289224.3514385
146857274.44138893
159800398.90247446
125734618.03131658
139437230.13570493
126527282.0608908
175529675.1764163
163657020.03517917
172187487.9583003
185665712.92926753
214880889.83979106
212594835.87155116
217820162.39478564
279063565.1593253
255155120.46891809
305695470.0796536
249421328.73079666
337826495.4454287
351404999.3598057
294268743.40284055
331161262.0957024
370196500.0409279
303918026.0457488
361925359.54909295
351485097.34186983
352841238.2735817
376159144.6296051
352875498.96746105
395113411.30774474
346558003.7690826
351076607.56129825
341915553.0432166
322199469.2622192
345619323.695453
355308692.02267957
335264441.4521689
373924945.21730113
340938921.27812636
345449415.88518274
304831178.473691
336431946.6004938
350651793.9325082
327751343.98988885
338601144.44413686
314176166.0114351
271602366.9118922
298720942.09459376
306731305.12363553
294957843.0276849
294305611.81436694
268519363.6601542
259308456.35654476
260907272.64037523
292733557.3112273
219632579.2825794
229019878.7770368
226929479.15358588
228125522.24800315
230872680.42782024
205511397.26201892
203130656.8909323
183310165.99924105
166369915.49815214
172096616.76571637
178418995.97474396
216883396.0440421
192490304.690617
167375343.9790393
140022512.51230797
201976050.1210963
197009148.60709122
142147483.76036587
156794769.88926423
142583613.39048854
157534761.530079
133220747.12445624
122891362.12852919
137792549.03625774
163858912.81792435
107554349.6213968
115992109.90177906
122586211.06449723
132047702.47796436
62668390.03791167
128244209.73529498
123288738.4333208
94099154.57996336
127528015.80884004
66288451.980649635
117577212.57677944
99130554.0633797
121582838.47977093
108268609.86334401
119027775.60392947
124538929.83389735
74481811.65659079
89505195.01436289
101697141.59059153
86188890.261751
48608289.395038635
30261929.34292242
50640981.63269074
118022431.29483402
126425153.99478108
93607640.29058218
127481035.61100349
139098749.87408397
149112649.24326947
141711022.88267004
158584556.0972116
137393515.7608086
183518371.19649196
162356591.29875937
198109833.70002398
142378431.46368128
166081888.29090402
152074311.61208165
119743009.37198873
169532214.4275475
159247157.31460088
204518025.00577432
174244829.56847453
150411627.94287306
163900111.35326344
204558174.86984676
199628353.74201292
221144127.6843264
227100795.52583668
237462617.78645813
220658003.25177783
253277496.0485837
208716143.6666693
244163879.46344262
297595782.5685251
217549378.85007143
248811497.02384955
242749477.23480445
270606720.7631693
247400412.5672402
261552452.93399575
263996556.96379802
279892398.7770014
330159042.4110158
317122420.19138706
343592092.14445996
368833555.87916255
379427123.19462943
351719717.2293815
348413177.63340485
357987376.95124733
393789573.41633517
412910645.4821289
375067635.4307128
325464035.7459728
333045933.93827873
313974308.6999953
310651349.7363802
330127587.3532729
285723447.6655427
295799852.7008785
339382358.5830783
290383237.5338643
294150636.8166416
318086193.90467983
327789589.75685793
283303538.64619875
261289429.4464151
288255695.40673035
235962091.84022707
271031372.9334378
240731927.8581996
228724447.41746923
177534107.8482527
160809535.94337264
161077548.4883389
181276093.28070837
157971744.1853167
136416970.39165574
139628729.09571743
89542847.10682076
144728877.47503963
168918716.0284553
96743188.95830515
78232217.18563244
65569639.62610076
49727322.975327194
95778097.17742334
57191945.65218791
94793355.0108235
55215021.103540696
107834935.37725167
89824119.73907594
48190337.154470995
42746930.77328036
53740534.44952476
16548779.223527774
2524882.2809173856
57157395.3663507
2317003.7084846385
32751145.749464914
66713539.9868124
55371715.73827298
6770644.979807787
51959769.668124266
42019731.13532147
4008555.5116350683
5061328.457982967
30247612.84833256
-1216585.8343353216
5140663.014590606
-6570458.193660354
37815484.79426795
-7472656.820680648
20749877.51431124
29904588.898509085
-29440827.33257631
-2227974.0908138985
-40033196.771192655
1397046.3419399196
-10999679.691445254
11377343.717167765
17878505.65292044
-25894261.03992963
-11448705.710170995
20857695.230319947
-29913764.081163738
-3152582.56828971
4405387.395058043
-13742626.392900713
-1823006.783741834
33147921.557830784
-17519322.819879003
5407614.349920731
-1921013.0122197159
-34823088.562688366
-31040655.83935924
6282248.4468062
-13837400.589565147
-22931638.732123196
58075873.16269485
-12244065.664648073
7299644.428168999
6706775.651460518
-8795320.295395575
-48752893.66580705
-15425470.778067933
-29954841.57711585
-56642581.887463376
-33554468.35485241
-2748595.924508657
8900001.146002304
-1824333.7890498824
10715428.697518261
2228526.7397141196
-31348642.324253693
-13392046.851866918
-16649690.276387863
2117609.872104805
-25141615.970057927
-37323350.36505175
8875117.654399635
-25180444.150071263
10953783.704657508
36874900.57150236
19487724.23027977
-26047241.92358002
18580782.90917212
7622642.021284817
19050569.50893148
-31871626.646976568
-23120183.777763534
21159173.208012912
35374364.38170655
11209309.864032857
2184667.5432896763
14598868.412027627
1968386.4326835051
20760362.032217972
30330695.347478047
66646516.30678889
42131934.23556407
24917460.75933087
16311895.916903019
36901700.69733475
31108878.634431466
51887054.39093722
58981056.94529764
85522284.39795439
60297203.1658846
85680571.57388076
64219602.52905825
62645692.45925577
97102434.3009009
97201320.7240932
114945728.42377147
101562501.79138865
116910026.34877962
103762852.99905714
131909447.13070036
150533149.77959833
163821177.60419774
206633921.88839626
235199768.31484962
254575896.12975633
266606598.35835904
288137963.75901043
320396062.17382526
392714390.4300496
435875679.88109505
468158457.6152022
574829782.1894732
599798269.9594356
684519536.9240724
702953353.3829823
709475574.2188109
664643649.1627855
627249447.3323157
541150683.363626
441247583.0306295
448206030.95852876
394540735.60350317
385928202.43622744
406838463.0763851
465762042.2914648
488386718.4221129
535071009.7046972
570531539.2954092
648851069.9117144
758670643.326899
827366705.4514
942921143.2134356
992721777.5942518
1039939407.8380185
1095034250.2677329
1003535920.7541672
1023667019.0536716
941124175.8823515
918678656.9731475
910310467.3832299
969021850.3953447
1085770925.8698323
1117855847.3165348
1250374590.6142306
1358434143.4040875
1600615253.3266234
1765535997.4238586
1996013560.9736428
2249885394.510337
2397836582.3557987
2588269280.1303144
2680244724.7091465
2657749373.1427784
2659884049.4103413
2597707075.682449
2554604652.5485544
2395566256.259226
2261799284.444246
2161735237.570571
1977005244.8367445
1907772692.2640495
1829167096.6231995
1736053406.77387
1638711837.3082457
1541513183.557793
1548975877.6917062
1511747531.261794
1452370419.476022
1452958925.5501635
1408386862.576682
1425992647.2062774
1409112853.9810047
1384675467.0668097
1333034720.0379798
1355743960.525305
1306823546.4830635
1264967872.978327
1263860551.8967295
1210297987.4385571
1178319684.7561014
1110670359.4274514
1003207975.5089478
983474438.6145897
944146483.0732973
820155727.4258394
810056950.6802495
777711296.8537666
713724088.3409562
680858978.5767187
639836648.4097266
587525233.4608604
574009511.0633167
509970160.2967438
498421217.24066436
460614977.8613569
429338867.2439314
397969226.35212547
394880227.5272491
377501285.9040879
359776777.82024324
323373365.567274
293239130.6058837
322267234.63664806
295159520.62797093
262296758.33486313
257540711.4188783
232425926.20476308
227272807.07088417
241039569.62206745
176459259.38370106
213848626.6043024
174395623.5851701
179867705.30793315
178140877.4659466
172922295.97463697
183064269.4321224
152450676.77055883
133821550.54684846
133496472.97489892
125255934.9872968
90206781.3097404
109847499.2179128
104205284.88502544
99119582.87592885
125382702.84891683
133353369.72729501
112802900.50121763
91972361.92400317
95719118.45486337
75116199.63671948
57060389.20007123
55587087.27351406
15896665.741948634
95428613.72480352
78168588.87855953
72017010.6809453
79783326.50218546
94037293.57192852
76038706.15441334
54216208.815873645
72489235.97844079
25740655.214519553
50173045.68798837
52380740.12763376
27418466.551509496
50915080.95049466
30455086.23259318
-3476674.627094928
30479607.905586123
29148793.16746552
53977228.853701204
49027075.949223176
38919394.940746084
51410721.502348304
29455858.725317426
21563459.04444813
71182135.19734408
25480390.07968589
62582344.768064134
43160759.05517635
13713127.632427927
30455743.9297612
69162827.95150115
58087869.2576164
-3758412.8210488223
66264657.49113569
19726850.232690915
24169601.25699819
16760978.501621172
14944310.675004294
7637213.168331798
411261.3303540852
-21760170.02354373
-2677419.001002744
21007064.8915194
33875132.688549235
26137461.877678975
22354977.803887084
5548260.610530134
-8485552.703908145
5832369.47655933
3460599.245452132
35754247.62804189
-22214026.166594528
7399159.192802114
-571050.6997937604
17881531.512974378
32127952.816658486
-23617854.181057688
25850327.000589594
-7082614.604500219
3290939.2209663726
60301041.61743778
14971766.00298308
45231388.63627286
14669297.782136895
40589422.392089225
32800680.941727273
-4999566.767199266
61880335.89898753
17867584.32504166
-8973157.650407856
-973604.9332092097
-15657430.462050427
-9602681.17679339
-28572299.229666207
376439.01856688224
17654629.013930738
32025447.37290642
61972280.01542324
48541754.68022697
70746374.1014549
14659397.952054482
81392815.37009715
18421445.05320847
21212282.50848931
68513477.61981039
10251091.185835145
74449400.43076016
58217028.09347802
77506743.46671186
28480384.708654463
29425881.674019136
83698375.35857716
70051778.96918924
84262480.21309458
57409685.378202595
48922007.0274542
58512147.31212553
61245310.62765123
83132015.98922503
49055920.62840611
66023941.81496207
77756518.6847156
86632432.34320727
95611856.72680241
53351688.58784259
88897186.66145587
126066664.57317822
126357712.79466552
150807939.1867993
161127631.22980443
159765223.96463105
122618495.34012878
174801760.0059635
173313779.6251325
172706927.36346158
216231363.66398916
210906089.78475305
253294409.29491746
275657785.3853712
278337895.21041054
266848584.52050963
291723201.67516965
253811111.6877992
322500988.2432458
307930866.4310125
330056877.64648503
337678328.122138
288860738.0090591
361546585.83192474
358597576.2924224
327830298.10298216
312213165.6837778
352242771.36094975
377840225.7236925
351191277.3246776
332502497.95317405
365561888.73372465
354336423.8762427
357352800.74542606
340981919.143623
341013807.41805744
331053208.1562445
308915269.32331127
288892723.1687468
317972207.81204987
321751139.5841834
304363881.8453047
286063183.99401355
292629124.5019458
319816048.06083345
312197909.00016934
269789051.8517644
274827429.98280454
279930332.7507944
245291767.60990202
258305128.0885071
245919247.73566043
254038454.1614667
199017794.01754546
250843758.87840712
214826475.84050256
231019513.75879812
218478103.5705818
224045947.8807936
224992601.9102526
166898565.36223453
261861250.27901733
197110232.59803167
199654373.69236732
236470112.99299288
178265387.77808455
179825306.91953957
188633902.2886607
187111270.30497596
155166423.34989333
147569274.6368483
185123806.86407137
119136386.12110236
186338379.5735652
151440987.87461117
101954268.13652521
171777587.31100684
148965881.3284292
96743078.93903789
104918404.98052725
120780177.18197212
91660004.8125627
137570252.6615534
119519524.25355504
68142463.92546284
94577249.19248703
68260491.35095458
64710859.51695506
87190525.21247402
51698235.33567512
88143841.46450417
63326536.61612216
58766952.18010092
29312923.38167867
42858905.60565932
81157464.17064275
53385022.77842129
54379619.331026495
52490343.71785861
49849524.19753192
67450051.60705605
62192940.58796218
134574489.08022192
150855395.38609365
174772668.10901147
150001466.31621265
141753601.79993924
146564365.72008052
169848989.5461998
177944345.34284288
162732875.53474998
169967373.05303043
194391703.81554005
151481982.85491562
148940659.26444754
139087299.99519807
155296978.94499195
141762844.95955908
139443985.4430938
126075890.38699946
173410616.81342342
196253029.93225908
124939512.68308504
190873202.39946264
162501317.65017736
193966600.59966815
231040189.34180453
235478775.60001802
241137855.58410645
260366141.41235235
253765954.69769025
276490134.49317616
278951830.9155335
262158556.90863258
300252114.40266615
248550166.61533144
283906729.51460814
280046007.830482
336241085.3949697
289163406.8833978
307458649.3438592
391364627.9426253
337617681.80204105
379902823.2346865
359239037.5570808
375968939.7853654
391254203.3549826
389352051.5574547
386033550.23185843
376241913.19495153
375539132.0344713
378668289.87837696
401602103.5678513
355831947.5787169
346132622.2628287
404677544.5125166
369349076.15422416
317782889.55127925
333700583.1070726
326061932.6344883
306913440.31599224
327424379.6330903
367046349.3261884
334098790.7194524
292069389.98142004
325993446.2745152
306970791.2664291
296860343.4209164
295523224.9951213
268478512.54422605
254528436.12413338
224904810.47109324
250671843.34057358
202613989.16174024
226855553.9949407
175645715.01450655
162484138.27203375
203965697.0441308
139548877.1750571
189915395.3474763
97245040.34963986
103904252.04547366
139565986.84991586
115608303.10377856
106929622.14803024
66176029.66485013
84522125.53697783
77448669.47842924
87534856.2246136
93847134.3378578
77534205.0148434
83126550.03242399
69779000.0575617
79022116.30228147
70254165.12689552
40554971.17268124
73767310.73443443
49769938.029698074
36323512.23804876
48366049.24420285
34460484.311156526
20072389.387124076
29159283.800714493
-1772309.710039788
36392901.669296734
51874507.3807279
-2737096.7500138246
3960844.527109273
40013583.945182994
39145212.5548223
15597718.468932794
46345429.232380636
1080577.6589246234
-14523712.669062987
7110136.357850652
21468680.74791781
20212314.053367976
-17048482.74971855
-29045792.211940926
3803580.818376297
32909412.979435913
42499230.175937794
9357627.400590204
23571991.753633644
-993609.0419878634
-18058089.189775657
-10398758.857933164
-15461067.039606703
33832434.154371664
16072141.328611227
15713452.808942353
-11610439.412118519
3659056.132494157
-40237148.36936552
5158334.224856593
26881493.38281084
-8792223.463096406
48519907.195539236
11744419.958316488
18090512.636820894
1872471.6599340206
13152073.491503987
17915633.16425489
3408581.303407645
31251040.647784393
-18152165.765565403
7157585.89369322
75007069.76605514
2556797.0831203824
5652.955521970987
-7848236.198052339
15633569.298137799
27044011.920619436
10016489.972224789
14968996.628479958
-18545609.306075707
21302080.82924777
-802658.2823735476
32342494.52255273
26118348.338927932
27609371.34258396
14055641.946861034
-4498404.878077865
10503926.352528736
33040564.623835847
66727914.857583106
13174828.222511344
56562368.006067306
24470410.26775685
-15102172.775759228
20791383.590021737
2726341.7884659097
-3740542.229794301
36155996.334355734
24195996.767555587
44062951.78179857
71803240.59355478
38181783.97326802
12686836.223197572
26894496.025337934
31986762.999383405
58828909.236807644
74522170.63121772
59586240.7821984
58131646.109978735
26179945.33260545
53817502.93959166
71179030.67644393
119392783.98603114
75466247.71693394
100367767.70315397
106286620.2318663
101054134.74043113
146097612.043171
115371686.53609282
137114968.80421698
132771948.89220709
147524956.601519
154672694.51646498
180653937.40743864
226594736.89245
242723761.910153
251220823.731912
291991083.96926165
291060665.6271338
346005832.88426805
378389245.1246786
420333965.92767984
484348873.2662604
545124763.0107137
618468333.2216219
684005824.9948082
748088355.0938355
699192218.5470746
757946082.3292453
707855087.4608585
612255406.4473437
586632098.3095628
452985308.921889
450072390.42872244
439724364.3065821
454734826.82834166
492214621.71114403
470082383.0877116
509086166.23064756
547894299.2049584
623820886.3094879
710715141.2774625
801469450.8104516
910742239.5656655
990311196.3878125
1066387492.0196337
1162184972.4366395
1175587343.6369953
1128495962.8487203
1007422901.1420971
1023585786.9388692
998985378.302861
1003052799.0959932
1086589691.3245919
1138391480.9413416
1258842134.427393
1344285350.9780328
1522268002.9571562
1663852601.35733
1904115320.1702888
2134261697.7346423
2350354986.1614056
2578874568.7378154
2723533087.623695
2801655886.784141
2861347438.0807247
2834792753.24628
2772147979.4253736
2653370834.0293074
2555655443.0224657
2455307159.040267
2242866789.6280947
2143323961.77114
2016119224.4460988
1930970949.1876736
1813434582.2296753
1748075235.5929222
1672861124.9568267
1638166652.1428187
1621998627.6982448
1553163437.4926145
1547049215.8389864
1508494848.5177207
1493633256.1844058
1459045510.2155075
1466023181.432426
1419833890.6688104
1405447986.9894907
1411060559.4373112
1353271874.4771843
1317141111.4910421
1231280472.9191923
1195732724.8817163
1141728124.2525337
1111048967.1261566
1010414213.5946705
934714376.862719
922774845.1693301
837632620.6298249
795050126.3006338
764303799.11723
734256928.1513197
693351955.8000908
663409308.226811
586242833.9970628
559236599.8741058
528615286.2288348
537597212.5825665
499122850.71343106
479309049.8784652
431251991.82659876
381807352.416155
404587565.1880506
366743945.1376974
348552048.5819448
337207146.89600676
339637700.76555145
309812467.51551855
293107129.36580414
265668654.94437736
282708696.18706095
268525818.8438276
249136283.73013356
232456961.34846503
208721408.78955102
199476235.3202508
198967975.66868842
167260344.57932994
175359120.30098593
188059248.18533874
191704343.8476435
172716341.41168416
139048842.3329768
150831310.74312612
148019243.24518248
102992837.95382397
109817311.453944
159457244.7577182
117094611.52039662
136551769.22551155
130125765.23583384
119211836.4392577
105023842.48983389
109931493.00331275
119478470.96139011
106705465.42298189
105246675.13366435
116703910.13727462
56652264.35860285
43970750.82801901
74128322.09764235
86072788.29766098
87920842.49142012
68391869.90487729
89184804.01055758
59678637.11143191
59099999.96997939
63695858.09577162
66928750.152768515
87412461.1273944
99555946.82383531
53795339.07679716
69930519.79127826
70672493.05361088
87310864.42872657
78477101.78288187
35158604.261120334
96098127.74351794
45250914.88037371
9606746.7180318
21508382.556313686
20828993.66971299
78641232.01997922
38917665.00376886
47280341.59444615
61953739.047804005
54782068.7383939
49561677.13277444
25332737.968413368
36967558.139531136
36423321.19948153
65515996.47268872
43823629.64063592
41704705.94972581
48797346.399386674
46760452.1687952
5555264.290257972
41801985.575694546
27810214.746549413
-31356816.71438749
20496464.806734867
51071820.17550679
42270604.97306436
50864616.0533695
23713119.489044428
-5083661.526876986
35615910.72318371
33062150.147440095
27149088.450682357
-8992230.228823164
20615396.12197003
41186044.12453643
22498717.06713594
56838381.70434459
29868007.477746185
44393373.53073302
27916517.11506184
27991409.836859107
22043341.797412004
-2651045.8638140894
53845726.8784604
7228259.9619287625
36370362.36399165
15204329.746752575
29614817.34619028
68278901.9636051
26839473.738306563
54648901.52745277
33599728.691362455
39465109.22503757
51369174.233797826
28391663.175060853
43600571.27893778
69603419.33347946
62444087.8660195
65398590.456430316
54966234.67960009
53303144.25480861
64837476.48103727
40853516.17298304
66340360.423167884
79511238.2729852
66659653.92622061
87516250.92282648
36396272.119134784
62183818.927408695
61655252.507507294
58133221.100389525
71061488.40610516
71724926.19147721
76569520.87950327
75844303.79871656
68122707.25190458
77274499.70196883
101690132.76218493
92277586.9188999
95546829.47430821
117501945.16198216
149852211.72619092
99499629.75460446
125321816.90817985
134437123.06679836
137097678.76822388
134696452.5515712
132873064.21472707
179718548.31438383
205862589.71808565
190299550.3533422
204502469.59623772
178226384.78659922
211325443.55959553
277489658.7972693
273549698.5981847
276198414.5138273
275898709.7550207
311208056.7643668
352251470.1843724
347661245.6419655
319561686.20935225
340119031.01544464
332651678.68495613
377418609.63552314
375330118.4223262
361174274.9796475
362535504.78938484
398047918.27817607
354977735.5036767
375066433.92855203
339331058.4233083
341361818.7831645
390129147.6569505
329413479.3568982
382482255.8722951
376662813.590829
391135527.5913156
362359746.04607594
375437701.3261578
364488534.8937159
338951471.5301446
345420027.6919518
334948761.8269186
337699285.48189944
319483376.9250517
328602975.3392228
336471106.9924003
283299177.98886293
293589596.06460714
306147052.84931785
304921865.77243733
291002413.18129593
274292077.1346883
300779078.7433633
281536785.6284458
268128368.10044825
249503885.43313515
249329114.54633892
271138552.2244333
255148922.97804442
211665301.15224707
222997432.78490034
274187203.8366632
241893751.02166653
197988311.6930802
198264127.49681804
169116493.9148829
196824806.1801824
186042738.3630143
214508295.69606903
167155758.13704014
198001177.8384504
243916362.53561816
158929471.94930238
140178499.38348863
155619260.11131817
184045524.09813038
145645820.72466868
127851066.47150429
133878303.70149496
126019400.55295914
117922094.86825393
152255118.01188964
151723608.16460723
119943288.40787908
119204108.96816456
158631577.05143967
118470770.25638935
131577220.10937965
118958182.62397543
113270293.9281482
114920723.86489056
93497535.47633149
74443805.08135182
97889491.52461725
107719067.14281434
75391703.52320592
121333850.41754067
70183505.11752552
111613754.07491554
82291305.7504275
74095009.05087641
50394339.5149207
59773145.11978452
158886544.94009012
88058206.10282436
157275194.2693074
178270255.544582
168968366.5945466
169854355.80218425
185973233.99429354
170037920.1401134
150781999.84445322
204766436.66460106
179984332.92859477
161937487.23604634
175946265.70536736
166966495.546247
155335831.92239767
184208011.65863663
190246179.41272494
184274861.33271226
190628054.41472146
208005063.5488154
223704417.62665546
232567844.64985943
247368967.19774783
254968805.26477253
229436985.01571813
213900018.44969228
298999728.0521469
317964850.4369683
283858576.2876395
268507020.89770675
259200969.83045918
278630321.4487972
272355840.0841283
291187675.6567528
274600557.2379229
298206691.43079674
273318972.79235244
326076563.2425189
346002833.16298014
320607357.0757518
399942045.29241776
374760310.510555
365085646.895936
375074913.8749255
407621858.4209043
413446760.10718536
432856353.504051
478068528.2837389
449559184.9277092
442321236.1909718
443379584.67756814
391570713.5175969
406793037.36936784
380669381.61052394
365098674.61315244
363018802.07118785
332463152.7893699
413931649.1165654
435288013.67053616
361275931.91528976
310891515.70368123
356578098.2624727
330946879.4374509
291254948.1341908
311708218.1947031
316952887.7799715
274239144.5538616
249331835.25200015
271737507.2220859
235981221.63991985
221070253.7739365
204233551.8711518
224922566.22213876
186735423.90134585
200206887.81654453
195731082.39520067
180998957.427681
164623582.3051664
129954805.14278507
142461561.25933844
122001582.2565117
135034443.4197231
119398312.23716787
145328966.72889042
88507733.8572316
89472626.4087731
93201751.74230109
107964582.00639348
110249502.74798445
80443839.5674034
59618994.051847205
81135972.53906652
103468453.85696013
28462389.121052023
86254988.53670228
87452725.01812582
21901408.46525329
17343995.914837833
33747393.8221014
58915041.0112286
39108605.11506469
49885428.915614
73693632.79672801
45991639.82292554
90885952.54911228
51965158.90159333
29475619.483406175
3238944.6163638737
36392633.42118736
41768383.56080723
5333588.346942423
21498470.055129394
17600156.131234825
53877067.47784608
24631857.407885756
17151899.12501257
10804388.523229372
17389264.45631885
4966705.810579402
13662646.575550195
2126115.3161542136
-3943888.382195713
-18733489.2265445
-27159987.16350808
10615247.704990398
13939393.390576532
24001562.09278644
-805560.6660965197
-12618976.443101441
50547805.74082221
35051967.02089441
33825626.194010615
-3327055.012114945
14006236.901547397
61592721.01098087
14421166.153285168
33060514.843671888
13466384.545836922
30480682.10911981
-319506.8742216849
-20327599.5441686
7934671.61394713
20625123.527815156
44967181.99254143
-18508397.36309434
-25772447.700109493
35847466.907723375
-16070815.149613667
-6696510.06990274
7836794.093459384
12746907.733858762
-5064937.531079842
3258130.351418324
4404345.1094548255
16051167.676262146
76913493.39372611
14969657.506241962
25373694.75409945
36793505.62403152
5263505.643687651
19253583.450806312
30498978.54583618
10824420.518136233
36812876.14664847
54179162.93221941
50280270.688618585
52324199.05223073
65733375.8343501
16651672.039486837
48861595.05655914
64935908.922509454
51612893.52717539
80864576.95657873
50363384.30184093
43199103.53253935
21913548.987200107
47198223.224069655
68475109.24467576
52883692.43900624
55239533.94064522
84735835.80172904
56662355.29335258
95417212.21472764
114454855.15382491
102265528.18303362
106939994.92237766
99488758.7137278
99981940.80330205
86992625.08297434
106148863.33325794
117948048.9025646
128136767.79879293
137849222.2848678
160167853.94944715
163447718.72486538
182232225.67989695
166493508.58360413
173095827.90135646
205620387.9641694
241288695.4240666
288679332.844578
285322623.29821765
351090072.2415341
355225399.39381194
415212069.87715304
477774743.68759906
519063779.3587847
624012781.8046565
622150394.7746034
693360993.057299
749984441.8873317
797418003.4992898
790990781.305428
745645487.8496289
677183344.1883912
637753489.2286972
569345456.8849751
445394689.12201035
476773196.8934145
449628137.29754364
453615020.4730605
505707803.54856277
560844143.7112199
638114002.0427026
686215044.1449347
776430659.8459494
876570198.9566802
926424528.7327113
1043533837.463699
1145950976.3436427
1174046248.4805875
1179893099.317804
1147612504.9119096
1138492652.9910731
1057463363.810935
1067692781.4883378
1051830961.7207164
1118512867.3264747
1199075576.3246462
1270604465.8678513
1429412421.664616
1494028782.6875281
1792851664.3139033
2013163407.9988313
2229787977.9705877
2483118323.7494535
2722262478.421666
2877645916.7568216
2959866312.318359
3021913345.7702866
2982064802.7544146
2943975728.9251633
2821794210.744523
2727288617.788211
2549322254.7509594
2362045182.274645
2229988746.0017705
2152448153.2215605
2018973248.2962284
1938031609.3467796
1846849131.3332565
1812759703.135312
1740333854.4991877
1645590248.30411
1633681432.1874328
1597740623.7367086
1580857378.145434
1554439696.9918928
1578803609.3991017
1537981772.163375
1573224430.6642067
1517155510.1673048
1476608822.738152
1422477542.228585
1374694782.5387807
1352604524.160459
1264658795.6561282
1203248646.155057
1109098133.3384242
1075097940.5585089
1036949679.9399556
972464588.8667326
894731970.198101
834221280.7348939
826967438.9826229
795609512.8754368
727943524.9994926
662335999.6141627
646172368.4512649
614260090.022845
550768181.3443342
545834883.7437903
505190731.9602144
478929884.8486484
436358445.48780507
440424789.70304734
407503239.069103
382024935.4844712
412306319.32299685
379902467.97412324
383559705.33288217
355318538.14469004
332579368.4139702
332676830.9026119
317995073.7672271
284433339.82619387
253685202.1423999
241463715.72282797
238593114.5743153
215506037.49551964
221178855.26534665
199066040.49513307
209211792.44413552
235397611.965476
180278048.6999367
188955938.49318817
214570952.98169196
178018577.31161988
153275816.92369926
171411226.89260054
140519563.4488626
148435402.48382014
131145886.71006313
114177845.22189803
134658269.6827301
125026898.50308831
115289871.21955244
88566691.9915605
103960959.25783768
86130712.32658836
74983346.37179609
144658157.46209538
142789960.17247057
99905078.6812974
123307430.75407487
88696743.89876926
131447047.4806894
108005244.78298919
57997910.79518161
98449176.78786252
65227716.728776276
55265818.63049398
73075898.60708103
76311161.10128789
68961456.302043
83524643.0788045
77011034.38399701
57664447.55118316
81970306.24480823
97920099.45159797
73261943.96279548
86499587.39564082
77162571.78610605
72397043.40794553
73401118.78717789
96353491.60443053
80415619.9701979
59982876.3676914
55672264.69151471
104312239.36591518
98202330.1816194
39020386.95865993
67505588.7120413
65533565.01053701
37832112.107451856
62380872.53695279
77669175.08285585
15272283.843975037
68089959.65766543
28108405.496847145
43998012.5982966
60437244.70520812
8255781.100038407
65458529.73106339
65351488.49133919
16018760.724546425
23588074.500144713
31183298.27684464
10855373.555376591
51323582.98333442
60085599.29555065
28097232.291380703
32062954.43974732
68337650.02022216
70562024.82457878
38006518.15740811
36462923.813473955
24137922.098748676
57711027.04390846
43912514.41125953
15014695.299637608
74752839.80481398
48020369.529859535
64486337.07474718
52577846.95448052
91750815.78602797
67755221.3587615
53100967.725401506
81388388.01148877
91867011.34760809
20340190.366325084
32193796.55291293
66201380.89424836
25798657.87751273
62500838.080961734
35167316.37422873
124435564.74389091
64318026.418244146
53344292.282012016
51072253.48255228
79090691.91520494
68389383.67803232
66036223.47477566
65131924.05715214
59332556.59513109
116041136.63842174
44198813.875975825
88395770.23005182
116869461.1784447
60110954.45096402
40447102.85436078
85833557.09440094
92997577.87920481
108495287.36123122
35800555.99029717
67288062.10442176
105957336.57262363
78737973.40794791
135107240.45338598
115127956.43976994
136333813.44665262
142266210.5939474
128364937.29205155
128761634.06561323
120520228.74752069
155910079.66433498
144380218.82325283
162181124.5097686
190382473.22034025
170020580.68331754
173675507.01231873
233306452.58112925
235353461.19757596
253861462.62896103
255214375.6981697
232709706.23873928
277882667.37710416
291164156.2709222
300557043.11359376
293443465.29691476
359913648.91058487
317984875.89193606
343627257.0482292
382915799.8846196
365942134.65045726
347666905.13259655
313353943.3935859
382226373.47813374
374213623.3701895
333443540.5144255
364250903.26104283
384752152.09344065
406526703.42923313
417937232.3403331
412873002.2200622
421933750.861397
381185122.26461846
377717340.7516147
339216694.7849274
394103178.67530566
395749232.1636994
335068833.55347806
372517233.62086886
377901237.31279826
352193918.7927247
364558720.9108171
357439526.34290105
349428287.40963477
379486814.6455358
301607039.8766176
281329855.3434839
332915205.10292816
320080507.95963866
293159545.0967688
288966913.23809487
283928428.60932004
289498494.70559525
277272529.19849044
302352261.73740745
271366040.1343605
259880002.62781262
297530482.0704014
277098539.6090269
271991677.1629618
218268606.6968138
236267421.971219
266053156.1176542
241181990.3010352
241040573.97930968
243174640.2113232
224290913.96228978
227818633.49273667
233762683.0154821
180881866.32625502
178299265.4877624
135152534.13134727
164687021.0786186
212690117.40556866
201385629.1810049
172036781.9936772
140790005.36496866
160446668.66256598
134551803.19719025
169287945.68648636
118926362.52717575
127929090.9519538
160176262.12641686
121342778.13978422
114398521.38137196
75653599.80638342
73550248.60863198
141670271.81058076
128609205.11189759
105610586.43276274
122678058.23257954
73115939.9527126
117261942.28498377
92180608.08767217
100832527.56998228
96057082.09159596
73901170.12360325
89517317.9991948
79941619.55077481
104923988.49263428
93543284.12269093
89340679.36766899
101751473.35496126
150973590.80235702
118390081.30933096
129458692.47618258
100763904.00399053
160111936.77914745
208724413.41097066
182543035.13208815
182399251.66259703
187096057.6691229
174270349.9135659
192006073.36520484
160101752.97730237
172685183.3114967
187217278.39143974
137130612.32648945
145502723.0709822
129328591.6438991
209603256.83233982
153962435.589396
174645067.1570052
184034821.67456272
198869091.7633168
209277941.19739696
207723613.48062932
249897787.29671496
269167453.466233
280704557.0989436
244029547.8145916
266381516.7356829
255973256.4427139
250463354.1033281
289140180.4060721
270043668.0783353
233262795.30716842
265973283.56484395
281655045.40638244
291572848.85113716
309508498.29603523
311058227.85464483
330396211.84103197
384679453.45263207
360869319.26110405
411340623.9908739
388590600.0619124
375851848.5819802
399594213.85268056
372929411.4647033
391445376.98556554
381399873.72733176
384576439.9920613
399403146.4411873
400042294.1653863
376668888.41057897
350081208.79045254
327946074.4564125
332500598.988385
319715501.4321653
355362336.5221456
350888193.22379774
321064482.15957975
296956506.06361663
314761384.68993324
298802701.9120885
277196916.09783393
283516583.18016976
286571015.49707705
274084369.4651711
233777882.50813833
222120994.63372847
241430848.2385325
212228636.78112453
184864778.96134475
175153344.88624525
120678735.46147835
162066382.22152805
148335107.1078825
152822047.9227126
150141074.67071763
128842345.77896327
103326686.03857009
88683118.16255419
93792978.49153262
80013837.18603763
72194431.05185841
53171216.86110003
67591765.70030802
35161743.34255509
34585225.49069695
45883193.35420205
56233799.204053275
99567339.5495643
58169185.478895254
40364653.102935135
42122586.786827125
8220831.172325086
35774281.784509644
30973558.536963154
50720189.248603135
32870211.37960384
-7415126.136725936
-8164914.66882294
-30238849.367839195
14007240.430070609
11812454.733259954
-19334205.142429058
17805221.79766681
1948593.5675934367
-4117930.6952183014
480763.8266872037
7483820.115282528
2706522.2191819064
-13214794.730743539
8372094.400186585
-2029313.4445156204
9489206.601763822
-3710972.107426293
24935310.145491466
11591278.158389214
4671447.292609323
-5718117.409238926
-8415732.917530455
19983791.31260966
-11212334.586801425
3135188.9514687974
-2377190.413523728
-17634745.95630151
-2697899.0693373326
19073283.618914105
-20075339.968237232
-15697545.460119758
-35868782.56785196
-1053607.5152948722
-7881167.079653928
-11340198.424857955
4988782.430883756
-12831254.874418499
30590829.622074816
4952138.935730381
13835085.842768444
-37075788.904684976
-21832776.431530878
10989283.163020432
-34746015.56117081
-2712196.1089852247
8772007.939404078
-17031308.05794973
34379108.053567305
-6018035.569876488
1362127.199863784
36390100.179597504
6094132.746791605
-23692369.20525506
-3077940.4518307894
562614.7416051142
-49168381.33553226
32104587.317142773
-8250803.061386167
-13342274.430219058
5979341.177688422
-47153425.53632173
-2136607.5911225714
37453236.56772513
16420506.928998372
31746193.92751039
-9671139.094913915
-17501479.749037445
37967952.27949426
46210763.85245476
17538086.658779215
-8459436.504129507
-11964768.743469864
-1552153.731349051
15647218.081605263
-9940929.6651145
45046628.11435112
47501975.57425369
2425260.621705044
25943750.43422114
46022392.590287946
71827304.58168155
82280612.23566012
36682644.94695207
59703165.468657464
61742742.34887575
60341744.434618555
83145514.80474208
25674200.075887233
74322432.59552333
146103317.41492635
112063346.23317826
104043439.65484935
89148312.34643584
169332202.24968264
145203155.1872024
134806992.41967228
189396370.20287725
164901208.54827234
252808888.87332916
225652979.68887368
255003865.58517826
246496394.88208094
271547216.4861974
363645966.7036852
409338937.03539586
437827500.3308462
514135506.21231407
613280931.1626849
665769036.884789
738989826.795626
761963091.2667243
804032887.448275
784076925.9660097
760760961.135737
687858468.3598068
614245296.5322447
524691828.3033893
446592772.82025623
479620528.7347552
507717851.1341965
532771029.69761515
518428635.8011417
559177723.3916955
645933550.3657689
670493353.4401953
768897872.0198777
874838318.7134938
990484090.0377847
1117462660.966073
1220441837.4174862
1232442515.960806
1247636069.546573
1237454901.3093061
1092810745.2798243
1088438291.6932008
1101769254.6359086
1081163486.8672404
1121012316.259162
1249199261.2393036
1339736314.2320085
1491000288.7554471
1680637885.8289251
1856723112.8452144
2106628821.0762486
2359443690.4604497
2585502931.779237
2805859394.0171695
3032772087.6114683
3100409284.61191
3156689992.1120634
3157110829.1199646
3077506729.6947536
2951217450.858614
2753221126.3512383
2626332694.991387
2503409583.198112
2323433400.5980687
2221902261.3625793
2112000205.9737206
1990095474.809823
1943350215.3665118
1837460160.1713943
1819334077.808115
1762046350.4912384
1702854070.304675
1704305436.795786
1642687609.7095323
1614873542.227343
1610293900.799215
1592589553.713417
1539383015.619617
1540752462.8446066
1545583965.7898858
1519812711.7831237
1456901592.444177
1332917846.7915516
1291590935.0768023
1297289680.3322153
1169688314.4748895
1084485325.92384
1034492566.8822232
984934383.5534858
923528655.8177288
849279349.2665522
816386257.666636
771058937.0808814
721682351.9221625
679012427.4781324
658543671.2539073
597675024.2835324
582861446.0470563
562416094.7628406
554246204.3511952
485415947.1731439
458457472.5958202
414288370.5233204
389829215.1580988
382251683.3713602
337706888.03612494
374559078.50822955
346815851.64989007
338908131.3213167
281319761.9364308
269619823.1496845
272484148.13318753
280644847.4338439
215360666.0962431
195026663.8262649
203140303.00511682
172647438.11753482
206507801.9385206
214524246.24910676
213799986.41586345
162708457.1373355
195474662.0420216
148934643.74105465
139392130.43621802
171806966.76871264
147176612.51485613
115453884.57556763
116621957.31126991
149037918.22681645
108801901.03346014
139749465.22195843
104069837.58120929
106916268.40157351
109494291.67620403
90407661.9770163
90369679.47336417
71074693.67752117
108037140.56409521
73588449.68720004
100780470.20294033
87508953.05830374
19343188.546233043
74035689.29423428
111269095.50787249
54925714.01213746
38882681.388476804
53383304.40164813
75966009.04544394
52664717.36249381
32450804.22947712
71167560.57400692
49404688.34245347
45964482.182088986
66051196.10131072
48991152.370028876
44746668.85275116
55331691.976272896
51368160.67435836
31003250.353545357
34285553.59742759
40017664.07603775
-11644117.703300469
12106158.973778382
5373743.023238301
23420369.633197248
20654995.821273915
-22311082.140783586
18037482.02123052
24586690.03340798
3405857.5549883544
11510994.679877128
35942567.000424236
19863029.20739774
22592960.261757344
45437440.73557195
37538781.34981755
7448022.304966398
40150496.98342748
3343875.824015375
19807088.926111355
6429139.736215592
-17695883.17434323
26832558.180570133
27678272.34837056
52698116.059014186
-10586920.390472755
-30733273.8135081
-1011102.1220564991
-17630936.4343135
248709.3699697815
13650375.31489854
-13788481.21441944
-1879915.239577178
28073645.12541907
25668093.022994265
-6378526.792583903
33581989.25421725
20359442.485427786
26960129.679512866
19735598.93940011
13411965.190713517
34757420.221307404
-35420652.84780344
-20739901.851123378
12187501.459777284
18931045.385323364
39148586.562526375
3484757.675711101
13198556.558442555
57324882.232462466
25868637.349818535
17256931.893217675
-12583786.779043183
26670343.198292427
5614085.335888565
68078438.2078842
72792400.58638054
13348520.706296578
57988103.09774881
20341944.726081006
59052833.85902735
41822425.62256393
49380665.73427114
98886513.65110613
65761611.76985895
41266511.871686265
52591239.93455253
77271503.67718628
76282787.82151438
35378168.92425379
61975322.95032935
99228083.88941494
63398066.98634809
49076011.7093674
88665124.38968962
56274915.987938926
86390943.01449266
97254370.72029434
95266854.90669575
145993975.5354932
133035851.52271247
115271609.55680542
103047351.52145697
134943874.58681718
135604754.55268466
103030551.13454232
145603812.6289252
153025630.05266985
168148746.8989299
214372419.52904886
165057398.78648925
239513067.91955242
229982269.0582226
266403512.81556103
284143402.4656864
275240204.91059184
274076253.9777034
283470428.63723874
332326644.2771217
322135481.33778864
344976247.4477945
338039633.3607458
377663702.91182643
343432191.023687
344208512.55665237
340273153.07231927
372327016.4395523
367467970.7817311
371045618.56396663
381400749.2379966
381436145.91559887
350327078.8721634
376203666.98236257
388107918.1637744
357572289.68343437
417917109.9947031
375554236.53466535
373476257.9118305
362333261.82310545
355473883.0438246
347121659.91853
349538965.90375215
313371867.107285
317131285.896049
330815768.70408875
292575243.33275145
342654363.68173146
311318041.77334017
267787432.0123675
273821520.85508466
253119174.24451497
302777580.68410265
316236659.71306056
287001197.9009024
279509985.21704316
250427075.00367245
229250682.11655578
265456102.23843497
238879759.84991416
195024477.8002479
206714536.38899094
243873520.44222286
209660685.31054884
196312108.52940056
238928614.83435172
197185971.99819547
206686352.39216545
192549848.77611625
195936290.17818207
190791578.0142486
182361048.30747527
192507910.0810516
202506123.27952823
130489224.3132574
125007948.0029273
142501925.17338008
139038462.14506686
171040407.35681298
136614981.8454371
128848623.03658444
132138685.75020605
124747413.22841643
122664010.8826628
116444178.502929
138965996.16583133
131425013.85675585
100437673.73421967
105688709.09598893
54932876.590491585
86279354.80147825
96249263.34816208
103609191.06327076
38247404.51737237
85787487.25230178
116977629.05900595
34192516.54593828
77547305.48001453
96269840.07669152
57211574.52194062
40680912.139208145
81825208.44316421
67554440.83302392
55596119.38129975
156246065.6315138
138494192.9729269
165748794.80167037
159425301.338477
207517508.45843515
175040688.76224315
165178482.7851769
166380287.2919045
186181825.40188524
221222429.852417
197401991.21322086
188142815.89764076
190359640.48507157
144469096.01682463
170933876.0636565
193783900.9537868
185385224.18089482
238474772.24420157
139517584.24021676
199151590.6782104
216920872.0761693
210805920.89281502
224251628.6392418
217522369.31783396
240374752.28383708
272341835.0257786
242115032.61889166
282881258.499368
332082634.196283
301976859.3882555
283089429.9028635
251255991.73064423
259562103.1176569
240818395.41598934
300311270.0456491
287094394.05966616
295990898.8681654
365723374.6203697
384045546.05348444
405651768.4049424
403889101.57394874
374213672.6041119
396481570.50585145
409719221.28188574
434771120.08516234
396646740.77656645
427449337.54706335
433049989.6508484
437812079.0057668
467352884.712324
419074027.0253658
455204678.3481063
374916948.422518
365256712.5128098
374159390.87480694
368126405.9920579
391114086.8629275
404199949.9524628
358469241.00331247
355047969.5475602
319559505.8135351
326204633.1395136
346206336.9194064
275014427.9426011
321044232.1782379
301422564.89923024
321597869.3073444
290523549.81991285
268012934.42778486
267733707.963899
213578538.41979197
231047246.39708564
221320379.67400563
218038541.34194213
218937768.82581618
167329391.48748738
170220861.08550996
134354037.771706
152763402.79348746
166040819.32821232
124271160.24332866
122070990.47032449
124928136.82626125
113759990.54012021
83864747.66828045
131446290.99033013
72717536.73125994
86897787.26323527
82523684.5120005
55690151.92632961
71006636.41836286
67699237.61307059
71551470.7293282
36213373.46787083
22642254.283058733
30886701.488392748
37581141.308001846
30869509.643001202
43620744.52303023
46196664.92211223
67186244.23232883
28184621.496298134
52926537.89749826
37534319.32021538
-2938674.217629876
47113130.01107113
24404830.212356456
9016622.478384636
9286854.54858003
9692353.252577117
24163622.850222237
21750568.658593476
51624463.0919538
17646212.92379692
-7110015.557202976
-8213739.3996475395
9177941.783700943
-10900722.038453402
-30390291.20119305
6396328.456348363
-37135780.21004098
-18254905.903734505
-3201513.3439314933
-19393773.239903137
-14931441.57077717
-10602193.150040273
-10461092.804992469
118716.00558437407
1976294.636808795
26016759.558954105
-1741856.7621397246
60307204.763085954
20391331.58737817
1635233.9121009083
35927797.22356719
9177532.420654373
-3129425.9075744087
-66834203.61598445
8472402.830291167
-24140218.349451356
3347472.3494184893
17224783.459391326
18511929.51724352
32200325.276246082
2504366.115652308
-6987469.570413906
2261208.481513627
23227734.602964006
15015274.875828838
10122577.288364323
21453879.798230883
5148376.843388762
1682372.7678194968
-5514423.38005577
-3138160.2556528654
54562693.75923206
15791571.522579495
-3676079.5592362676
26228502.342217904
28812068.73259709
11582945.482434858
42980863.505736366
6035837.764385484
36323538.544616066
25873024.11910606
-6464243.14503305
-3076158.893413414
13915290.699690856
8076592.6576625
15088667.257505663
46251012.07923385
62075711.93807083
44231677.22252304
49139157.12386326
60907316.56376527
16848788.095578525
89822958.47261186
46408616.00784346
44833389.92354815
34742290.044763654
77385094.25673716
57372828.93529267
61825277.606686026
107577974.75198418
109556766.10072356
82626367.99541183
96658771.69175199
127274948.76604244
97328557.16261053
148828168.2680368
141616757.5831058
149478504.5896246
146713519.9581014
151203678.1630448
137575774.16212347
211614391.00230426
166691159.42383558
181111340.25282302
203294241.8937953
217700626.13061076
276190898.36424136
308201486.13678163
358268734.07848763
398889949.0955785
465238229.9091073
481234694.242075
550474867.854104
625009990.5417409
691523760.957552
730911045.5008988
861383973.4749151
856578727.7286173
828806529.8038146
859211799.3158988
747958721.4161296
678974868.4163327
629844799.6441809
576842089.1173817
518237731.0568952
474020913.6524452
570192702.6029603
605268845.6879604
622908000.0060196
702199909.2532531
799482152.392247
887213743.3078122
964280374.1990161
1059844246.2508886
1195965055.571392
1263837933.6714048
1299302943.5919592
1332241661.117582
1281037330.3048189
1251480317.581964
1146133537.6957593
1160059817.1435595
1139058892.7885573
1180138084.803825
1273423710.2174933
1409333216.9815755
1611348070.1591573
1741225739.501568
1939610868.8008351
2206751445.443766
2466260293.6748786
2755652928.7215466
3016101437.7499256
3190943250.785054
3330986790.971808
3347599848.1825204
3336234749.9461756
3270937202.1022596
3131341306.9100227
3001278219.5041933
2837667923.1067743
2593325546.3721685
2530544539.863845
2332860483.994583
2211492590.107786
2107575744.428574
2012929021.6435142
1998463349.1604812
1876342560.0724938
1861282374.85841
1804264181.153211
1793648410.1706424
1738008355.6113682
1760782995.5442946
1712532348.5814817
1660918073.9462192
1651603718.692224
1622613887.7640162
1572460641.844784
1561721840.4071198
1499485359.596977
1481453477.0697124
1431777561.6496391
1258249595.2484293
1275883758.0868068
1171463214.9707098
1108045892.9708853
1044566334.3307352
982161552.8260602
895875967.116743
851839252.8942381
849812347.6448008
756116467.9613929
704682862.8931199
669943116.275902
666570329.5915159
587830656.7198644
618998156.578604
572135411.2858644
547954888.1360545
503184121.43099654
432167154.40232956
461552908.6052796
404477271.3287884
417823804.9409628
365294752.5125529
351251495.4388459
331972489.937841
338602358.6892426
340799225.84344155
313839016.7988486
274841271.2422007
273603986.71034926
262722119.47966132
226851431.2784576
270002345.34228325
268719954.9485147
235175462.4749878
183840026.23261142
158680582.09680402
180936651.86500415
237624476.9219767
161693579.33375826
192991411.82214922
175087211.16915795
161982455.62178013
160998468.3432555
145804743.81482548
184004598.92952037
131248208.84037367
137081164.79593015
132367297.77939647
145956935.75485253
148775223.8316252
132767447.50147338
110633428.89377144
99204308.06732112
96491914.25263077
93706994.25286713
84773771.61136149
123801613.73421401
80598298.74183932
69413280.52836569
104406850.75138094
70202740.46069336
100268217.19448563
66929646.33323376
61470950.699462414
158774441.76085484
89560130.19095902
69149585.32755582
66941369.49373804
74958785.97209221
106972629.05527772
49561715.819928475
76816069.03565507
63519247.628617406
46441686.56329267
52986064.79030843
109400600.1697618
26612842.878193706
53940280.50372669
74980395.27882327
50540694.790575795
73647798.5620588
57717211.957200095
77503463.1986638
6195962.144534476
36712549.665323086
24985412.006714303
31960258.202934448
32703267.933060333
29454272.90943376
23453259.14213696
51079241.29997801
54731045.931316584
-3705207.724626936
33881982.2718265
5926117.903643485
56849954.58401528
48999710.88467284
11146175.054912465
48111938.339550376
31755887.239372935
44611708.71492578
7415418.091757501
76579485.2595193
58475735.01160552
-15727652.035328384
44562273.665371485
37017676.736872524
39320694.48689572
32164646.884136207
30600067.094574764
49685717.27470259
32310395.753146138
17143670.226290278
30526253.81713447
22089575.9259428
22266202.18525532
-8298035.858523693
36781339.47322699
18541393.061186075
-17658141.654418115
24501546.889718167
31790283.859270923
62752130.002987385
35891832.9300056
27296549.539227124
32635886.331495374
90053150.82158479
74032625.5755638
72804619.73014076
58510359.68029832
20282573.8448394
64331932.322826914
79586853.4385589
72465644.2880923
63677849.54418893
52006973.89811875
68042172.32658365
93025357.85959141
62391016.78513708
50184961.572603494
55336969.18421223
63421468.329880126
71269573.95786022
68713424.18351884
55626508.241188854
111807104.31623669
18646781.76419822
72454262.4395329
108757063.55461086
85142323.51076102
132192668.23181103
86424079.43302932
119391217.74275425
143105757.73518723
136740359.84930184
90205642.59128636
151826930.95977452
98674351.33679669
143948999.99874875
184012296.36895004
195946508.78551915
165740073.69165316
143954632.38663158
196923041.9299427
194099483.15468866
208185260.40782842
223735356.13263717
290776644.44638956
276731565.79350823
305315023.0659881
299141770.57831025
333894356.2136387
351726510.4738193
336608247.65345895
344777655.012776
371240800.9892819
380892099.9146547
398692834.7836006
379355401.93221474
380411397.24859464
352018723.8821696
402155109.35077643
444476745.89038706
411788300.74414665
419482630.3738445
408012014.85719246
438867893.41345936
392501865.3997072
426054887.09747314
375987498.673888
372948844.1283661
399083311.2397991
388428960.07149565
423848327.1058164
415977778.0073614
368554518.91640323
366726813.5961528
378827934.61549014
334657364.8383447
350737950.09776896
340000829.80283856
286010869.43456024
360099558.2359161
321240141.353714
297032340.6515194
340966940.06824875
316041555.89403635
310302430.32651633
261766738.98065186
294989168.4042393
303327283.21764624
278473949.15211046
270392899.7709675
307105168.5697636
279964025.1287237
261864529.68905365
233142366.63000488
246520703.82940376
225143301.8646022
225861625.52850124
231187936.8227748
221037600.40669984
186135201.04360646
197776152.34822115
231521602.01642334
151683738.84731472
169060687.38335815
132056399.64526328
173243735.4338819
197536592.56278396
208850914.45561093
184921388.51332402
161182316.69774234
154151769.1934665
142729638.8115931
112302340.36494571
116038749.67929646
151016073.36661348
151766729.5217764
133663966.41963892
127267521.57501632
93394363.39524871
110209342.75779982
119622487.42409164
111011572.33975983
140488837.96537343
74036146.79069753
118389423.32287
89561336.31042866
107971621.33694397
106966664.5905801
80071763.02969834
86260367.97426946
107135267.52087966
85819882.58956502
35714651.315291435
46883627.882803306
90900270.18962239
143092418.31906006
151369557.4761791
171079468.6437267
183219434.66619402
171125769.76843858
193121430.79867625
184443323.3067902
210169177.22409737
209036623.15769947
156890689.82141748
160897784.04182658
201993734.2645451
185147913.82797045
186135772.57222596
201715044.46849206
191591708.35830942
149509803.51448464
154196480.79319265
212740105.60375494
187068184.47969636
225990038.06538314
198790104.33768988
238222686.62709117
280887291.53077203
241691482.46341676
286938038.9902923
309030762.5871465
269468513.1366858
267010903.760808
329007607.5483343
282412164.50230473
321034834.2391195
307801727.42886233
296821907.93460065
299328762.6685379
302976569.59720194
324355583.5728455
345659809.1339976
364336381.52325624
340992711.3746124
360872729.5644206
389826466.44317263
449208786.87756604
412117711.836728
404034109.97686344
433424641.1371493
441346245.39837575
396260481.342383
426047689.87000525
377503574.44501585
393104240.4276085
391897301.9676833
389367878.65700597
403971655.8123836
405836183.5280181
391840300.24991167
323306784.0879619
388823435.5818181
343292741.3748282
359741918.176654
370534489.8923607
350795442.69407284
330272694.8226276
340259333.3505017
302799174.43595845
346937524.73460174
298838519.07950103
264049916.75205135
263639651.65137812
226633872.8926992
258728682.23200983
204192274.9311527
194056778.50893617
156749985.76193058
186158518.4583211
187732754.90522313
110036687.80717775
120786754.23847657
160470723.5152878
117823994.77748972
104179823.64407647
96136764.78260309
102771109.35019328
91572747.8774733
79468228.32472108
65501775.64121087
77287722.92843957
76053027.09718738
71371017.78174946
63851857.05184757
61134988.846784875
54415701.52315804
40850198.75145738
38984346.60055018
51139250.14459531
28409998.394827604
65290013.116106614
81449639.59300426
23432665.155692138
34217643.257136054
6399361.126180787
28146713.788168035
9730003.93439344
30293686.50152508
16788082.276754335
28741378.864290815
27843274.028348286
-893699.3794925082
9273510.030217785
17649846.254420962
-18006750.38125584
7100884.429534858
-5248443.378275505
-17372092.750679765
-1710748.189113846
9374002.647026477
-8882032.643276956
-26273165.556431845
25839286.142748244
-29650771.804656632
9864773.702411054
336713.81788065657
-6813586.052855132
36576454.93686041
30734768.318001606
-6150430.257145099
42308570.86755267
3452045.3167358413
8621000.896586709
-4547580.384969616
-3825279.957095204
-2041450.8574261926
10224147.518706504
9814509.106861155
-2915838.1327280854
2839170.280139827
-51963256.852414444
13737864.023156533
-18212672.053080935
13158930.189734844
-25593006.261492517
862863.154212256
-17630980.865841545
-51686424.75635905
-20488730.559129886
-41236368.30509614
-5194451.4851974435
35552480.928847924
2489906.5853883456
-701220.9468369298
9173452.199461024
14861776.048196144
8144848.146815991
-1488008.9576149452
29309927.02429578
-13393417.79866398
4230846.654173091
-4509453.489771977
6200656.062401141
16868696.824336696
-5839958.7557634115
-8296702.660475258
32059343.93575128
48091557.00538858
22024068.742392536
15957906.573705226
48581466.60201569
20734976.622582205
61201004.63046177
47795159.55303751
13894897.72697641
46689939.66396178
35684961.959837615
38455133.92104061
10785362.34947221
59689399.04944137
60592139.38359581
35592306.92976502
57722110.46448751
61404028.48353675
51667302.695578605
46393930.568372294
73697231.78893578
109941848.43595713
70484857.2084338
65417352.85188842
105025144.21242402
98548434.15425669
87044049.50861838
116188563.07144722
130183866.13068348
124004890.3540828
101142853.04312342
130601373.05940922
152413498.00062847
172393261.21922037
229819669.0580398
229540727.87891492
280439585.67735153
258874630.49702108
277058894.26997405
369273223.33786243
344088819.06992435
402267251.80517983
452217273.9503884
501501363.3022453
598920228.3348722
653548876.9273127
742760205.8119662
819520246.528374
824840299.5965781
872300617.9532244
922112907.8755474
837164926.4915209
803098100.7630123
677430811.3805305
631148448.8671854
584671242.9118876
539217524.3081536
575297179.0188261
567739587.5142372
614499393.2278146
659770204.9049945
740711432.81959
769535449.7897217
886830209.358783
1031905731.5202233
1125013477.824739
1280409804.4586215
1380727853.0240953
1398984002.5484948
1387359214.7814138
1307401295.6379237
1262820606.320069
1212697551.3773248
1191268062.3818135
1186369108.222606
1255694565.4934285
1350645552.4264035
1476551224.5042295
1625502856.809681
1839422954.79364
2112893000.432451
2319903450.28158
2649186079.3475885
2915052060.2649655
3169963070.7850275
3406189114.161999
3535765850.2768984
3562183059.6847873
3511912875.08539
3473043041.0256543
3322419022.984217
3136856084.276767
2982231532.8005953
2804684444.840557
2598742171.5802636
2404953776.2408237
2343141013.770832
2209256365.090498
2105267449.0600235
2046135522.208947
2014374882.9643762
1974632530.761643
1875996726.2428315
1842790007.5968907
1793975783.0272326
1812656543.9227548
1776746388.4606574
1771726875.671807
1762119714.5111916
1700551914.4083426
1669023047.2630603
1625848739.7548275
1582504530.3130655
1530313349.861304
1439511175.8067787
1353815929.4845722
1309904621.348257
1250181984.1221647
1166072523.5850205
1123656766.2830796
1046877146.4228444
967801126.3647947
884781773.1908953
872339067.243265
849062309.0883479
752183909.837711
766606992.453912
694030423.8356875
635812472.6846834
623201045.3165574
595109812.6208179
554518856.0294449
530527018.8786395
468272960.3926667
478662515.9109092
458919499.8518692
375446018.416465
417233620.65142304
387714993.17293286
368880042.65754783
328376035.2627965
296311528.19318384
292292955.28202033
271845139.79890466
264476853.45385176
254922511.75361043
255494363.1258264
209016689.08147046
205735358.56257585
239829470.4594422
216060979.4137237
213965368.65974396
199020070.8948871
199000840.7835137
191973737.4351022
136062507.83121705
171613191.3520653
144065419.92831317
129695560.50537536
155463520.2295404
162717363.08516616
155527242.52614123
99367560.93401337
126679753.71416041
127762923.85887681
130909398.76715274
118681345.090634
76058560.6404649
112271126.52233173
139968038.9608049
92851757.76276444
106505735.23895012
109052925.22613524
103533291.54087745
107479137.47768047
107239605.54609534
100207369.27743755
64790780.281722076
104901499.56904002
86319533.216946
60454858.23450267
74203472.50000443
55740248.08563388
32395455.28172316
18659644.22031614
39369930.44070011
87971401.1244193
50473403.82533904
46285851.48769931
71453341.75833395
110851546.19182168
65000192.3518284
66507230.297566116
92878603.62646961
31555958.82202787
57013703.64834666
49318344.13466043
63262242.06827385
51046343.00581357
68773780.02662668
49620422.44628991
28357133.7273233
11616851.765424214
41536755.956193745
25673719.1825911
17674913.40678905
62319134.22657415
23289905.74658102
62128815.28600024
25090194.734992377
30213043.590828706
31624154.44324103
25271488.65136064
43841894.841994
64575503.121331304
38121316.86780098
13870005.701496921
45371276.073637575
-27702135.075857453
25176436.66529923
32257012.765827134
15576747.924351161
18319804.402287893
12207008.578033112
-1071195.573571328
-21013152.17584842
30625136.950481754
10693177.197640702
55447130.80138107
61145993.92146439
35443608.374222696
49382363.68574089
28121570.06587085
3818979.266381113
29290853.012559813
56769915.435510635
71203762.78829847
21630880.09057229
59864510.19011755
67792413.39770868
-11866776.983715598
5705330.352454074
39150074.34066069
55195803.54972406
47017747.43078701
66442196.944603905
57565242.77087766
83023050.10935506
70323817.5422275
59326042.94119149
47093919.08782693
93037863.26434228
75336508.60750693
60184399.907737665
59371272.351401255
61991814.26637383
107973728.7717404
56452284.28238638
40690818.68720071
63324897.820219874
84683531.10088533
47108192.848225735
103219280.45459285
91340437.77613033
96196520.05378106
123771697.28211367
97021676.77235307
127280530.98722157
148486719.010722
120602332.26017638
111219298.48943797
154040228.74959803
144669195.49629882
164829523.79131615
163382283.66319603
134601726.5845843
156880444.1122924
194363975.51280543
189587530.7433118
179836887.95458555
223259243.8778303
258949768.6288778
253965925.5052938
263149180.00504982
292236099.8809358
304096553.4075219
324376607.5974851
366951114.08829856
351740404.9066524
342943914.9148871
362947750.395668
373982398.18226695
362140106.31146616
392843727.99330634
425381355.3948974
396926675.97061473
419712624.62694055
403541914.3744095
395441142.28937787
385224062.9716304
400063066.94809294
432715282.5461253
403533646.4391072
441703087.46438515
432240514.8686049
396782317.12046885
438025722.86557007
452622561.721688
386981903.72088593
392808201.5593754
404339407.9749394
387535399.31369996
389227072.5325277
355340671.79339504
374086844.652256
353745113.19999015
348964256.0782908
345389716.1173418
298621826.346012
304896505.1419945
337161304.1851124
334257819.3961324
307961819.6047881
306275687.5410415
339366000.58959746
300744573.0915439
290854100.9710846
306841424.364442
260839762.77898523
264024824.11509225
276026375.540748
265398887.57029423
231627515.7025927
242872509.18762046
263249455.2424112
264716034.0228734
216179528.57795703
220743718.76977628
254749774.31569517
233599797.51067713
177855830.70611513
178267137.09598076
246639685.9916905
214549079.97863355
220114896.7560306
206995621.65572676
156567284.4731648
168422806.31972116
172918640.3827752
135732285.05858997
136345572.73017356
162421355.3298167
123216901.89786
112275712.20189376
136193154.00543863
123401235.93421338
122161412.60446477
132204584.2973509
89968450.46409301
117634169.29925376
130133047.54345328
128751806.22348401
72528400.00888239
50421680.48347038
111741725.88464573
73017212.77328637
107142270.92256014
115296029.70879054
91807334.43156765
76615228.73663224
124789942.78681451
96493962.26146108
81605343.96152622
78122166.22987074
127122865.37834102
146388171.64952806
150289923.24544185
158701751.60878062
200293955.680283
168447421.49285167
172069545.89949864
178067476.152726
207298648.05624813
205612667.1721719
193955229.79781467
167587737.59714997
162729888.91270408
180387014.65221685
187522365.44709027
202154916.71540007
172536609.53845543
192752318.81457707
160858344.06472403
239261044.85821113
190263160.63503757
203710511.84591943
260879791.8252564
247172474.19000727
252099545.60056406
268546963.51781607
292980656.0728921
264013046.7916255
314273806.40452737
268051524.5911284
308479341.6824176
274642029.9114037
309686948.5335712
326656670.5188367
298420485.98177284
332080028.81804556
312770564.08877593
358082194.7776338
348809694.3219335
356046427.7194796
394891357.8124524
391630871.58053803
423458308.2534795
474932048.6779351
457752960.839762
451243432.4259694
440605210.7973791
445995155.9426517
435410243.54262096
405715201.71434
425961167.4458044
445185922.2222977
407904783.21966577
400544178.12685716
382784218.5967247
337981513.4756221
381118382.1150992
368922850.28384423
350872347.02666926
370047734.7950014
337250003.0889949
360771362.659881
320010838.85054845
336731248.38762367
309608694.79687
277899724.2334335
321305044.84615827
278514913.2352582
248026578.9704594
205885690.258066
229826612.70167208
246748999.81442285
217976212.24584702
213704154.4866751
146064763.21525058
148217514.62791368
203951711.39445767
115266032.88854918
158381966.0353145
124951113.40673596
126369667.96063119
105191112.01266159
110088830.45793045
115127019.00139755
104220265.1581859
90242948.19022608
51409730.87045441
122974854.74731214
49324227.06122756
105009914.95221475
64236243.98201144
82285539.86016719
47605632.50324486
31448136.080482334
33911533.42283508
-8734173.242342226
7434140.92973899
-24731444.288612418
24439808.894742504
52932658.36226763
29377592.1580781
33061197.35055783
24757682.827130996
30891452.441678256
45070282.33361215
-17913207.25299421
8360190.615060937
29383867.908330735
-12079036.572817273
-65234596.22864346
42535368.003391325
22029565.745194867
22652634.420959465
11879950.303643674
-30397921.268819086
21233000.318920285
-26296321.981190868
-8294496.335908178
-15445428.8052678
-23666623.379937045
-3933946.550779404
-47621412.1504627
-35882326.33622603
-53904594.18833617
-38466197.41953227
9126775.072805542
3084218.8215877376
21839673.667461973
1124634.2197900824
12035446.06556883
-39463937.9326573
24848006.038235553
-6638048.289042616
-33257222.541694283
-20225318.520168006
4922654.8905553585
17630926.97205368
-141785.0525071323
-14351659.646350767
-19232604.12378367
23491021.33102893
-30538750.295950815
-2322532.6689423025
-11660804.40826141
6403228.111512108
-2441278.908782987
3159651.1423744224
-19551412.520230867
-11962311.772611845
-13051160.032707602
-8667005.291730601
-14990618.777506199
-19874820.586854484
-12453070.313041128
-21806906.48486021
23917668.448140644
-26197425.389508545
-13059270.314348318
11871580.302120596
-10737680.257987354
12090680.331025004
15135595.955692753
-11597292.747185262
51257180.441435196
37617674.048451945
19099984.949914575
28192925.000092715
10871665.670576327
3206181.937043469
43441518.97695053
68633270.31000547
47685965.95942145
80425658.17210951
56102190.99490157
57804967.82748619
34395229.39641021
46561436.58904023
104842583.9927465
63261176.84969869
71359501.98862743
89944135.10799439
98252498.70132363
91272931.85571066
66639848.46596113
88747330.1845022
111471276.22230421
81267260.69052145
82607282.46463425
115859752.53930292
123864314.88664426
122882428.85325246
137262308.40952253
181718538.61692527
185922868.67029375
233277536.4848521
217503433.67159635
205558752.06546298
212927701.1922213
250789827.8320061
268104537.20837364
288090728.84389853
376264805.95162344
364320192.00670224
393106660.62031627
473283310.8389052
545522203.2825128
602603819.0175928
687794727.2871635
751533343.9619225
856264884.3352207
961642362.4872743
955458805.8368634
960384257.4016763
930115081.9834177
804154341.3224981
731918355.1409824
633643431.6214207
596355525.6235836
593663901.1530706
609402882.4963704
624992906.5067308
626849346.0482908
750431839.0589404
767871120.0353267
913370458.8235396
988849277.4706669
1066486053.1217306
1249039534.3803575
1345245265.0821812
1440668812.255237
1457453290.2269154
1502505190.2475958
1410780446.5100803
1319015181.6247747
1277735460.0477827
1232083838.6310627
1291295659.161079
1335278836.615739
1369636193.9882467
1512865241.9452877
1729282734.6081398
1910889318.5676622
2140788083.521399
2465221409.3371634
2777919550.146233
3086524340.069297
3387059562.976051
3577167620.7650685
3707865527.4364157
3743569578.1840024
3729053707.6177998
3679440328.4296355
3522652563.8080792
3345970229.9333005
3138278571.003731
2953621109.310341
2780153777.733312
2599504821.591738
2468967052.6554074
2355075510.100011
2227217875.673185
2141629210.4889925
2096644646.7523196
2026978691.1442542
1966683029.1978467
1935746426.322593
1958022787.7249184
1879788472.763357
1852762267.909809
1847913529.7307003
1794462662.6181517
1812389398.438287
1762560204.7790272
1745744585.0765893
1662869690.9474897
1573744476.7144454
1538003075.6227982
1475392055.9938962
1387295387.3620563
1295200521.8515399
1225375921.5267172
1135070611.3614333
1095271437.8708081
1033740613.9927565
926568273.3677956
898894147.9962591
872992090.3652381
818442901.0763156
745601159.060115
740371961.4335449
712548544.8179345
626331535.9349511
601229454.0118005
564448433.4141068
537002995.0020595
512751788.2406629
486337256.69358546
434586386.5595902
470273528.66288096
417665467.8421354
377091048.60967124
389050049.1867564
387651779.7505477
353876989.8872548
320350753.2338348
320778248.1910045
302413119.3996953
297389442.9205295
252827766.3928056
275427465.1253385
218656866.1343921
252168116.84499463
218398305.37782946
168659253.4932866
205743787.94846025
197841360.99627918
170103732.1238092
175650317.9289739
196062001.17347443
183610849.7347895
169914061.97848824
187080451.59752867
159334407.5872374
98041840.90771788
187026178.08104265
158465112.49901912
150654962.63082877
132992957.57714777
145435611.2681018
145307697.980331
112967276.56213753
107304668.01073973
67515437.32434608
99227034.8144045
125687456.18803927
116361596.23220786
84311599.1102608
90937535.3998604
70356377.04333982
82464408.91622573
92666730.38606314
84033467.41341917
70219815.59078327
47323404.48536859
39845535.24970841
90826857.62624611
94656721.11970691
110816961.76822066
87657148.41500732
-1731875.9406131804
26763755.422243617
48093002.06111425
49354729.71329278
45719217.923887074
40654127.014382966
40501279.444826774
50388650.297165155
19981883.725843355
32078288.026602108
25750336.029236197
78722105.85256414
63393241.74443261
8862065.701128572
14344158.395683296
1011306.1795937661
70581766.12717587
42885451.84793285
23592647.161481068
23170376.439646676
32306487.72111606
16223904.44642765
25380337.78311816
17548514.368388236
14397237.200365502
11423939.149936821
16040388.843300696
48802533.98260219
16405073.631484954
1471445.0306912595
11428587.381241847
45886309.99179255
36643554.33994528
12959342.598647943
10674924.392047497
39104207.69299662
32518574.85658145
40914332.83228381
-12980567.542715702
-12824920.13028195
7300848.613752611
-438444.9856664073
15831789.543395348
-9574478.853241267
14035025.02301462
-3876866.7598466165
24225331.402511247
25862388.618029714
-4684636.102165643
10554925.408193963
-2435488.070217252
51929087.23125751
32793268.161307212
29757219.959318828
21300873.94700794
38318805.24002913
69015001.4447438
3140807.310149081
41210712.203118406
32751215.864959855
22257895.07123737
16869891.56560323
94770998.04314858
92809530.80460347
55440241.114984706
56964816.93754659
47061765.51894189
31276573.012255356
39482177.075652346
66793535.59341109
31212688.65537905
52252405.168597154
45276440.67593305
60725270.83843227
100832932.66230832
101470059.28082584
95286828.71836111
74843427.1729942
74001510.29076757
102812117.58475646
80620701.7976037
112096538.87543967
145280642.68025073
195536920.29387417
123960622.67974114
146807347.46431333
128544225.38541146
154872675.94334438
178985097.21957174
161634128.0806449
186927417.616422
160912715.897707
212028240.91862923
195183702.05771604
250786504.55033588
194214294.48933744
281706593.72461057
264230485.9939714
317058270.6321196
326621416.80647624
320183399.85166645
392504778.76450765
322357498.78194386
371300420.9733902
377706010.18958175
398258017.1666788
412881805.1190289
413964046.78664917
415622582.42328584
425048733.9712016
420860862.6627048
417281843.7435045
408056351.69283605
395889176.2062975
400030776.1283833
426524089.64048296
415730043.1412949
439715796.3919979
395443021.39911526
416925134.8424767
434991046.87280047
396543535.7707037
425924345.3049674
408967655.079184
370589159.9189153
376433262.3195237
338796358.3969169
367930111.09049827
358715977.15862745
320987207.2311949
325514789.9074703
344580188.03208673
336321830.88616127
318390639.6353923
389837925.3384301
281137103.1448282
319211284.34277004
290984056.08954555
292171625.130432
320761293.7817297
288600847.6813228
277066605.4106762
287049725.13602877
283480245.7601541
250098719.16420305
261812073.40840167
237123439.62699232
250626324.38377202
231618559.51668462
240077910.7642137
232364118.45197922
218685036.88360888
221145707.55339956
239351029.8261383
143733998.50044006
150511143.0556919
172065761.96248552
165959200.65167338
196898170.25875112
198761384.54590437
186453805.4300935
155362361.60964325
177147932.27358854
169427112.91879427
122096678.65596373
125397139.55077657
153048477.97813004
143965663.83561414
130133516.74864408
139946722.1697506
121787027.83512351
110715913.56554216
119728490.89361861
124911462.23789144
103861105.04559939
92990856.67031667
113003264.12445231
70652354.56993221
119670848.25872414
80335631.62297758
59346867.1748143
79798788.64033723
86099194.89432502
76969002.55078866
79725464.51064956
65491857.32325132
68692832.09947425
146949382.92354822
174936669.73007682
153985155.1961177
222289101.28234285
194478875.96274233
219987713.42776597
197698126.46393916
175654715.42495045
226352639.19074628
222238711.42044985
213941441.55457258
248942275.50953767
244499950.0420911
190831727.4407662
213002720.23138982
199221507.59832084
204463234.6078062
215492035.3856566
239889738.56916413
218768224.58745834
232571025.47669855
220970058.81208855
257735850.4410494
295338833.0920381
285970524.62488246
312005707.1210448
326174451.7183659
328977904.125011
353487526.23114204
336860128.1481197
348195165.5519718
350600046.47823006
345374786.9439813
385085917.6560754
350854387.44455695
346313612.96336997
413199866.09320736
406781420.1358643
393069675.3281016
415777557.4269328
412054017.65168345
449103698.7854833
468085559.50481904
459167191.78849435
457684988.27821887
469296681.46833986
468632809.2229426
486033113.74960524
443909834.5242192
462354121.55971766
445933915.52333504
432028458.0694571
469050249.95392674
447222850.41754407
436644233.66024095
419569234.3580685
374529310.4754546
434311682.4365904
434122735.8631958
361579243.3723043
373650703.8432539
352068701.5294566
366431947.2120173
337370736.3527616
363866809.3728261
350288055.080643
315393753.5452306
317802817.91213506
261833587.3097954
256826685.17260858
292039105.4478257
269271290.88687944
228998751.76467985
173917734.13968122
231311784.2316126
196827528.29334044
153518166.79821533
157163640.1227554
142031130.29148445
145030554.41820744
125249971.87135276
134988738.5151068
68849205.14327052
119572441.477296
95505932.27677563
91209181.90233159
54153056.579037525
94296630.66957514
127156508.62041025
44349072.445968695
92278542.02043481
79436941.55085701
59021504.930400595
42931959.12882735
69979919.02778602
80599471.82034211
30578630.276105642
58646522.874242954
20320527.263319522
15349967.339699307
43416242.616007894
15669004.172608258
27917322.250876576
20656855.475868523
57209545.36236561
40355608.832813144
-4520286.773279532
-8690341.620984007
49551188.228316754
-3392901.8353601107
17417860.255985916
33621739.28672455
-24212839.644626707
17517382.276477188
17371623.233218968
40653792.05126348
-4257846.757947561
4830250.3163243225
22402950.193014458
13116156.892034069
-1550776.274753126
33090781.770060472
42712717.29278692
9636709.478970764
-17868197.662285004
-47940671.05832839
25615386.88782498
-1581184.4046071155
-3469088.1933509107
-3074476.930605028
-9617984.607790707
871209.16434693
48746335.21646265
39843561.75160755
21565935.5497483
2168249.4729449037
13649413.912130166
73476485.84800515
-20815043.843763333
61783860.62575925
28347262.824455965
35864946.3334494
17044357.69202731
-11672124.928933114
64596870.42037588
8187213.55857864
-15156596.685693037
11742440.565843921
19404951.566341225
47158674.22856248
34147992.02016933
22147416.03438243
68023542.92706648
723099.006456138
11230896.309061933
13397833.484617038
68744085.79751122
39012021.400588386
33425510.878298968
46445425.865981124
76523960.39472897
29234079.147616383
43069864.90596821
53297253.302224614
36535493.786565535
84032890.69275786
32024126.01541243
66782331.20343004
21191620.9845588
32900373.625788018
26525047.73971831
47087512.07417406
47470886.50184971
78777858.5773109
56675129.83898596
114390504.28979889
91412095.35436343
45641238.367416576
77581191.05844729
74294521.83133093
133943506.12960984
106262095.26073378
92475728.40301245
88071268.1240377
117913008.22199425
140494051.83338317
140714622.28463006
151452911.04431143
138697644.74439284
137226263.0084563
163133020.75688747
137598608.36127463
191484185.30465198
157282341.68574572
202943367.83971322
213268665.49759236
261675645.53005487
296798256.6593238
273023050.67723876
358207283.2087124
374621232.86976516
380075336.8524954
385304359.6273049
475681911.0721629
554748877.2250947
596180984.5945957
661052879.1191652
760872429.527013
866633230.5084821
933583227.0838729
1012371395.1788844
1083994411.7036877
1007076253.0851669
1020942251.0508486
904084201.6760492
809898906.832674
728727406.4017407
670440894.9463104
672059857.9041806
645027872.7615812
703032136.4655775
739888533.7547994
833649896.7709328
890050142.0191019
944421904.1931368
1065964278.4364539
1248048551.212421
1332750323.0191886
1454760694.5204303
1527467051.8572025
1614760889.4587543
1578691710.8610444
1456282494.3817155
1410558018.4475286
1348065446.4876828
1309376301.110373
1323900006.317155
1383712440.4860382
1509584740.4803805
1666082681.7416365
1823667836.4416757
2043543030.8501215
2298508611.9175854
2652892927.6451416
2966655163.088129
3306247048.621827
3586899054.944534
3835889187.0719285
3967743917.9143715
4002257767.775786
3976116237.877866
3899370943.2248898
3779012631.2638297
3577699637.9810348
3400880011.952142
3121828544.647106
2940955466.4683347
2789992806.2013245
2580778877.513885
2505261518.829168
2391087196.07469
2295040139.9970403
2254554332.0552545
2160334943.360448
2117404211.8569694
2102972959.892775
2053401114.3947577
2007333714.72351
1988424581.955819
1948853863.5625658
1943621137.7462742
1919476687.6782534
1923625376.692017
1868764282.2409515
1765649965.1881843
1704848804.4239266
1622783593.272101
1520985359.7073426
1459218146.5080228
1365686646.0708654
1318639225.06627
1249362051.9285536
1132138199.3037481
1093944030.7042053
1032717363.4439713
1001128772.8595469
883141946.2013178
859552454.6788571
852173565.0509849
778198432.1835477
700546688.189001
727374593.2206748
657499193.4901265
610919840.0135424
606647928.4065349
524805049.41791636
565593057.187424
535070775.05588317
489064167.99703974
432327949.46503216
476662568.7410169
394204956.60777974
387688530.8256135
387440778.6661842
334627767.1924551
376283688.9058068
333285377.2710449
300807291.27032024
290747772.9639419
283281125.95459074
278767760.57965904
295909493.3862372
273401293.0838033
269611708.34100556
245528463.71406657
266934053.44072694
256416602.80986726
259237707.78097877
225696790.34429383
196898298.9858645
193564737.1378327
189638952.0979009
169316274.709386
174631146.22620484
211787385.56635502
140246451.79525372
146125103.6209375
138179039.76162738
139959792.95553574
135787576.42233804
142189110.54143545
134383528.9811236
143669755.8306336
131134081.38959037
100539122.5880934
104935774.09106551
104308940.46672656
132049559.2528938
112255612.9008236
102467364.77772273
99819365.51699454
129832406.64879957
144365292.32523587
96945579.36562826
93117474.4681342
109711125.43080993
82402542.44479445
105777558.10246421
112503084.03647324
87804657.13649862
92562668.11582698
80564053.40683399
81535425.05886082
44948204.22164987
46181162.84922937
89910800.33408147
39069376.22480788
105251973.04063101
87950189.24869758
38250654.81502716
62295680.398607194
52972820.51890038
65366976.040082015
34989953.41490415
73374869.7558364
64674699.81801805
51991396.72097942
27797934.62841085
27894136.614427365
50905037.15736322
82682774.60426642
53866102.49037436
33929320.900461435
39276266.06133482
51192256.25229153
88700012.39846428
46633093.11562637
50586609.58746007
57864704.994903
69318852.66445005
34155722.227401614
21690556.072794862
28223480.530679263
62714855.72224569
28250871.450018853
20925897.825536672
33894238.78990218
32616454.472567525
61435600.481241494
46115659.87452672
78249702.74111527
45534175.19333476
88567995.64938113
41912368.421400696
25076843.271153897
49799268.54382125
31826572.717748072
30791649.52967259
34917836.383051135
67568649.08404544
-758146.9221542185
71846470.91682395
84145281.91951069
63185352.75023815
33175994.831965357
33687789.62073632
91028153.38723442
69057571.30943894
82003672.48896194
117520456.32662809
123402220.94462621
92362926.55578117
73246281.65042908
54889287.99400835
114692489.82008469
110047834.34750924
97088520.89905298
93272552.37326606
114194262.64491834
123371046.61488605
105521417.61528918
111424705.83432704
107092859.25280201
109599492.24353465
91015943.2185276
84655753.41767424
114599874.13279472
133865035.8301193
134350805.89808646
127439921.91238652
150784577.0529825
136878511.79013714
132921254.73768
185030767.98765707
145491113.95053667
209745498.3455956
152183462.54410395
178896949.73611918
212240332.8205989
211792866.62481153
185955177.705287
210054279.37772772
303259525.3920643
234575011.36619467
265146475.3086319
281946753.09166574
354444632.27113295
323951254.22962534
352208868.04101145
355476226.0436512
370447680.5611941
424645565.1859145
418935690.1847613
398867237.001387
403221176.3870453
440524036.0974428
426737954.23387754
435197158.0192199
452771926.72499496
444094546.5710639
409075509.6479837
477096774.2965574
478449379.0343637
477396090.0843201
466380023.0630436
453912248.307635
455416198.91596216
452805602.57373255
445050499.080193
432088614.7923285
432025689.7505107
449184709.94667196
446809859.98940235
444464928.3556386
413645408.107309
446436043.02619153
460690747.1626721
376744413.96466506
398698787.1809192
381281536.9879827
374557749.46767914
370656111.5409303
341428622.6588943
328403834.4813963
353466561.84849155
339375922.6171504
329151363.7609251
324177536.2695343
325739456.8898589
297582768.2875772
280479675.6373484
296948507.10950476
322017798.17134225
336091747.7958447
271458326.2844245
262998319.82473403
301362726.27119076
290702247.3159982
265192310.2931103
267168339.1125665
263132699.5541463
245266736.60015786
180866176.94888386
264175229.871769
230576427.80334097
205402847.33674207
192099297.83643663
147425134.80141047
192012960.35726327
200925599.38735864
245641256.8742442
169577656.95404947
195872669.87705737
143253397.65202695
127463618.79994576
186773934.18053973
132600894.37883274
130087965.71628264
185763790.7848494
175822054.23986042
147060019.06834707
182867857.42011786
124337512.810384
142886442.50830278
124080474.4949109
124454726.01965684
143838860.8896995
118154349.35835254
115370362.92476666
104941773.89446327
120994210.9241389
100649780.8944776
90860078.46931171
77179328.12187497
127330337.31849897
137793401.13508874
159090656.27606693
198813320.80935743
161958539.2716693
160281634.3561592
207477121.54324424
135393367.08231542
201218264.31499943
219744241.96803725
208177529.35397136
224298631.08407402
197949258.32858825
200009118.86181617
210833314.147663
224020515.6879114
162228076.17193943
192996035.64589602
209497743.0284518
205166051.3135345
213850962.10239613
209202008.58617696
244850221.40945506
224748150.80167878
238920712.5907337
257883560.06134567
252698157.22252682
303040642.5845074
303462920.38710606
329480393.18745446
310064776.8196848
353026660.5772385
347517117.16706264
316927903.11135375
314911399.89821863
324208054.854231
347493843.8619034
330137262.0671097
318303839.9314256
351410295.46779627
367854574.91141903
351352426.7159354
410597378.71861744
422250037.9134768
439077531.83447945
442399226.3715779
454663515.8342713
468099456.5442479
462730843.07691157
459849511.50363773
471511192.00576264
453798041.5430583
484304430.51589644
477580394.2627766
418150026.20374185
414269870.1813707
412276207.1914006
354150168.1409824
373418700.6410053
389523843.9381725
384340196.9471838
394264673.5891312
383593422.86965495
393338665.9062352
335500097.7373417
345980898.6431316
320535514.01166755
322650881.2466409
307595415.1469701
281216562.86569464
302851586.88838303
273478557.3154292
257441786.59843948
248080247.18457213
220029800.70364034
220948971.74355793
175244989.72177583
163208662.68187922
164478681.01487473
141289384.54719204
119976531.50179085
117291111.6667954
122865642.53850499
118843116.4150796
95603275.22957598
62601884.69877249
69081191.81982623
84961946.59468162
114665661.33335565
43552612.29729831
38658537.01742476
53830585.80904596
62056634.731662616
58253666.11903125
43209027.98117104
28743528.283975065
41616156.98448199
-11446117.071157552
19669295.472171202
23803441.304518875
7878460.327686399
14237033.717554532
-46495310.68691862
28439246.76728067
464646.03236490116
-3327109.519718595
19332074.853408463
-8686188.368931234
-20955527.173939094
19423847.46208581
-57129985.11787316
25108160.882934447
13881950.22018972
-9118083.484414363
24154404.528291978
-50588628.78861974
9775871.712846927
-39129948.471238576
17041512.746955596
-291167.1684225425
-10965005.137151752
28266115.121237107
3371416.8619342297
1540562.2921313494
-13579083.776218817
-31544036.735401362
1436614.7629640996
22997628.839663368
-28900477.425990116
-39196918.163213566
-30798252.981223397
-6832877.243772335
-16828564.699107885
-33098888.514729846
2378643.5289656
5911258.98685693
6049742.191699423
-8270808.6341554895
-18808902.571310606
-23992795.48893895
-53844997.882668905
-884028.4912739173
6870156.328548886
-19729791.59607832
-40261299.391418025
-15815960.133388236
-2355892.0728186965
-10673345.483791485
34410366.231450066
-3651439.3168443292
17922105.784347907
-3735416.2893695533
11606853.02998615
-7738160.79538244
-18561168.58318177
60891711.30912521
-35978488.540182285
44603822.43336415
30394616.763620853
-14472293.794913426
33383779.797827363
6664325.741037548
15764673.140671507
44156494.82503891
21811086.258331776
-837088.3481349051
57376759.267875135
513041.1112193167
17805364.99176848
26856637.96987596
2935249.693936765
66237042.89059645
75901322.8718755
36490793.26773211
68391476.41605057
53860437.20626482
71715551.16246697
48974975.7716161
67019975.77755359
85957300.43031001
43921036.50873661
93485439.09019879
32044965.345385134
99961181.21436006
110597719.95191848
48118897.02553642
94956166.97550648
136541329.4091748
109980531.97016752
151728494.6798228
146500197.03642738
137772790.89223778
158677623.28893548
145309895.3955621
176346343.65786022
197899648.75241017
260608204.50728464
212599162.32994854
248393600.03250134
281429727.15510845
259888304.0725907
285722334.2010313
306290173.36800003
404544842.2549131
451765658.23697233
463419191.626672
543546505.1712332
589032548.1061058
708713267.8723044
779963050.6342583
880375779.7061005
976638504.9553766
991436265.593647
1085237868.664032
1052761861.6907043
1039848787.2759485
959321373.5228062
810987727.0940742
736208684.8242674
672772731.2555127
676352355.6140385
672640796.4470968
662830954.0055652
741096624.0918319
825570473.1172109
923746595.715987
1002032283.1320014
1109395540.8691869
1262944819.5364823
1419992311.362804
1521595821.7157936
1636322652.6188736
1663092754.865242
1618364285.057787
1604482687.8775287
1447140376.4510865
1391359185.4118652
1383749901.4133544
1394698161.771771
1475053143.0502844
1571584507.0631962
1666389755.0656424
1900135190.1038213
2163902718.9755917
2435293134.0573854
2798776776.2140274
3117773955.334097
3484697363.0264893
3827774252.743311
4062618177.8465023
4213090867.1026344
4238302021.1545563
4211456599.947506
4109709676.7260685
3961245741.630168
3787347287.1734495
3522344914.993305
3305577180.3965197
3075711014.609278
2907890881.400502
2746849599.5981874
2620962216.5550127
2457559418.8897004
2372461305.4960713
2360173337.3359604
2260046484.631451
2216636346.097729
2109378609.597006
2112299402.9256704
2089139303.8837774
2048224060.1374538
2072529415.1767502
1976690000.0724802
1974366813.8834393
1947323436.4082608
1920447413.3139672
1898467916.1846614
1774138264.0196476
1705103552.2715278
1622318848.7597232
1551449978.946672
1463286544.0603242
1367077580.016988
1280433022.3218315
1205930320.3101742
1112396804.1316571
1067688421.3254919
1006659650.9930787
916779491.2157776
889086904.7883968
854767080.9454472
782894519.1719506
774908270.5460632
723618727.629102
670345566.8451511
654352085.051509
576643710.240809
567592075.635967
539172738.1217343
500877852.3340927
452943822.53988636
471805919.5688585
421908916.895676
432728078.17696655
411081258.7693961
388271007.17441106
395446616.4360751
329415646.19771266
359115978.1800276
321341174.8911112
309935035.373304
270258182.9960642
249692630.3575239
291326957.1560427
254384492.89610648
238916849.21282813
224349396.13452116
221621666.98546305
200721499.28418708
217829084.3952343
207614097.96288228
135683897.15123364
192437848.88824242
162466463.70043424
167918522.68224356
144604273.70885894
125096258.11914599
167082925.81055552
178105033.32856074
153162679.49689466
151383509.9162882
156042107.23737195
129662595.6442452
92366381.1042913
101236074.53013487
138514042.9355014
104618977.43535498
145389504.94546133
88692729.92855579
98871042.69602002
105198254.84404862
77841320.56154922
62061104.28759956
77583443.3314848
95505386.83776477
71969587.32212573
86889632.0153439
72314261.6264905
80117176.20589988
48605565.68546857
52757850.823580444
59085250.15314978
64817057.10587472
88550315.60486703
24837100.793988913
67417042.77119325
58825635.68820965
47976652.525527924
87524211.90461764
41169870.00640221
59766468.83866446
11191952.405411735
49241397.2538252
62283803.54455945
40974848.85337901
68447100.16072163
20802435.978294596
46633248.56326743
42796727.58577151
32099525.1329263
82175238.67838606
-9236477.675895229
25637997.446614943
13550616.727929205
14748976.82652703
16022812.303113908
-20587423.726236098
43293615.1008031
24148226.877879277
43623814.15556969
11328238.360348843
41528194.71151479
-9806308.595310137
832436.8599460274
-16981216.722223677
8251994.779116169
34015052.08585616
3369882.5481330603
31181251.839325234
-28965935.699095674
-10936946.118339792
31006159.83441095
11693450.569758877
-29287317.214381553
-14071755.392171018
-11446072.541757755
5197858.49840308
5655885.566304155
36223848.6454218
41369374.73581602
23259379.234210663
4411741.894314416
22112353.114592716
59281283.77524183
31779758.717724413
27472494.290647462
26308265.164069876
79700210.30304945
69683694.54463643
38132175.63269809
84023712.29993618
41879558.15729752
19301356.499280512
58528010.09871936
115913142.19696754
63570888.73067126
57859913.8005386
72267514.42887715
68387406.62597576
94445025.67426786
3665689.605849594
44261062.22357017
71810043.85988888
31910435.918162555
97487473.82021113
108108783.92416145
74086977.36547963
99624439.76960704
89534096.54296285
88867558.54414666
112426344.88302726
142758044.92187953
113126701.84657896
114753805.41318545
158144356.37667102
150144223.69900495
144098201.40142512
157054457.33978358
120897613.35854602
142894423.62933338
157927077.83117747
140425628.0340247
201752499.25615135
217962441.5498298
219464080.54923886
227492569.79119846
236337342.62867218
288248366.33830106
322521215.6396551
306983219.26248217
389955045.73745906
364406038.160157
380021572.54680693
427278228.7741822
395708591.35322165
393877515.2085979
403087646.7699435
376047440.91278636
431551225.2139496
461817599.3921191
458969446.4534295
452130619.0117817
389845398.68178487
440015852.7461197
427340266.1189046
436320667.53085697
409880408.81745493
450468872.3967427
475157603.0584028
457715331.78143597
468057902.1830988
432753492.4870915
437680744.9092109
473697289.6905221
459959663.0281891
402636593.04629254
402702729.86573154
383735245.0964521
382435640.85926026
394468430.63074076
349767160.0485283
380754733.31945497
370174444.1493466
374363325.78640586
333448959.90200764
273129744.1718172
318756755.1890979
333670569.365149
350259954.53778374
329876920.12977844
330946790.67385626
308129490.5145486
308490002.0550546
269654772.25414014
264623968.59748247
241660689.37550077
258192598.88886306
259668232.03001246
269955215.53047866
269703906.5323575
247086989.17609125
260245475.75714922
232390848.4174819
255742495.6252147
217352247.92760316
203028153.2406962
228466945.95284435
213501351.29348266
180636764.6299901
214818162.15680635
190734032.58370176
151605960.52000782
160558992.34720445
183741444.7548455
134407884.6499895
133678081.34316029
157576892.57224578
172096076.0303867
141429758.41193783
163735009.41878027
147111964.38355538
88940591.74951053
122590173.8299034
104472758.01622835
127451084.18741652
86088956.82360111
76024739.91419959
114835141.8822903
115051250.24675459
95735490.22504257
107453916.80439276
95743246.87643994
128946022.6870926
107904402.38285346
112992827.01864491
125507577.22530103
66129287.008947045
91850909.25623825
168299241.64542472
209065788.16030413
179545506.8196267
214805634.2024138
171690704.2297439
235301552.8321014
215057650.94637832
200852162.06074488
219587953.6301399
218472102.0625593
233439532.46877676
275067075.70882744
260400205.95062315
203573642.0199024
253603366.672546
250771295.13692
207712724.21234602
243995986.65941885
265347929.6858334
255582983.20148137
281087231.6489552
261356846.41111195
302133340.5272584
314787987.9321114
312043956.33420026
353682121.9466959
368640261.0805527
377342927.9583827
336606626.4134602
348880385.5699923
404009836.32741225
334666634.2909384
365561823.3185498
343609922.16514146
371211799.62474334
368036119.87169695
361718011.5000529
413862354.27023894
371499524.5207224
446012399.7519871
441842809.8334888
434361284.5881786
458641928.768456
478331303.4788567
484620613.8573345
508493167.38172674
516289050.663563
558654483.8116033
492443775.69318116
473214378.61295485
493913405.3543107
474127534.225186
479426930.61921036
455860672.5631119
486351592.77234155
465332946.60572386
454981962.0848432
422540610.8187343
391661800.45217013
392475619.9714288
390172377.1571863
341987199.6297476
394907203.70029175
365675455.1581832
381408748.6463816
328741335.29596967
309217984.5606235
344220873.49968684
257979753.16256255
266653447.19153848
233604486.77728346
292659002.47748655
237008691.46904862
213127021.2415853
218997058.18630153
204126176.4713676
170916901.8194824
129257091.73795871
155163069.89563325
162141407.78082138
163705618.64340466
126040242.71770728
131048425.97276919
102629736.10033908
120861697.2608224
114699469.44848624
61396510.42026378
94701176.67710483
90141560.6902067
67371463.94940576
41266515.01420877
55586721.1800814
69277180.2126596
61465202.91562133
33823129.98150872
60634627.11973368
85432117.88955602
1538943.8045586273
43488677.44950791
45387713.475411505
62248256.24080383
55145381.81667994
17558159.853081312
52251060.54765287
42625635.60593944
-4199415.20766812
12943054.467697393
31573733.67950017
26800520.859566428
-14543153.704828983
-1019431.4627212845
39018765.55997813
-10658556.219397496
21122003.033282332
18605297.269256487
22816237.21293305
-259945.41236244887
8302916.668442873
-22879864.105554674
20395209.120807834
-20624520.76356361
-27158935.35316613
12188783.32729001
-22983431.053421974
26459535.90285579
-32930992.328438014
26217656.740680594
40405841.886585005
-2735851.9613251174
-19716116.683217302
17563549.692751907
43070829.037201524
779189.0809588535
2684855.487620022
-4554942.422886092
697006.4925137805
8451307.70201885
-17447384.64871089
-3693847.7449380793
-7215936.250308927
9843592.601361625
8636458.38857437
21378254.799644522
36781837.78676401
4369403.651886232
-1127534.0691620335
-1235348.0192147493
-8374660.270577922
-29431290.939436965
34959629.175749436
33417602.934214897
53757370.499361336
24209766.08018554
-14915702.576536566
15403466.11074163
-14624688.214386351
65842388.2240216
91867926.3035734
1450467.8962345794
32185658.990113415
69953963.2964595
16640309.670333833
22290400.66227144
48470220.35677211
-898684.765278101
38327533.21541026
46475418.95359306
45902458.54390934
48123899.55130556
11166674.916445777
79913936.57148838
56590732.747226536
45209664.28519273
59611409.121261865
84310117.61324148
90275742.15124236
48536991.04708144
56054751.66262221
79340827.0708858
116740174.48073743
136667320.57898438
104051028.39702263
120324856.12212986
130550726.92487884
142042058.96785453
142942608.0931489
109635312.71977627
153519754.03108427
123918584.90498361
132918876.04277843
197986413.72287485
181870236.39014322
175319222.2128871
180568147.1848017
226429737.9889356
283784443.13539386
248312046.03664792
282222814.40784264
326384984.07762194
357766358.06440246
396942475.2975694
407584996.76390135
455188484.1621263
513135529.7257869
576596156.4557319
667204234.793709
762510915.8157496
836140487.7556334
956672702.3942723
1032699474.4601297
1102609731.7494144
1191663934.0780945
1193928797.620492
1088734027.914651
994424415.4245758
935648555.7991571
851038144.8937116
774115142.2631531
725521208.3830156
737849161.759872
772681732.2007313
815915712.7762585
870230512.6531577
996634411.1458123
1151267263.6269174
1259193589.8602195
1392496072.4661694
1525030779.581501
1638171069.4860134
1743761144.7422714
1791538418.4800434
1773589583.676324
1676365105.3089314
1588923156.509675
1523091158.1777396
1454718626.0501623
1468144079.918087
1564421221.8271446
1703822885.7044969
1845186929.1230812
2039458543.1422682
2282909560.7694077
2606614325.694268
2968829202.291237
3332328161.482727
3742553761.645877
4082209534.689123
4328650354.927296
4482018398.271959
4514822502.849045
4500978394.999017
4360482551.971872
4247693244.0272846
4071440741.802414
3776204399.7415
3561320647.0310426
3289293621.1137714
3106970493.4392786
2933132221.6697097
2777783254.868371
2689819367.1698604
2587072505.868638
2475340520.763877
2398893010.586048
2342083048.230339
2304630352.312156
2273563816.5447063
2258187930.953669
2193557399.3702183
2157474953.6901836
2182620315.566859
2109757453.6437278
2102952373.0289047
2029000068.093573
1954907397.8289614
1889712191.539946
1823718763.186717
1758796300.3567739
1668985127.0453043
1566789601.53713
1469194639.0657878
1349103063.0822163
1278154430.4315624
1200505908.5678816
1117653231.066525
1037980503.5610265
980445996.6632476
976155987.6448207
893668926.8279799
883864012.2112279
809153123.948873
757964705.6125755
710407823.1949378
696980618.9238781
671034445.7845331
633340833.8417474
597108093.576843
561404089.4134088
542719270.9155679
485196924.30928016
471040104.10950375
456412452.83156705
434044206.05622345
420414582.0379958
390810293.56428105
390730684.72889364
377764648.9616612
337829903.2996305
337640271.70087886
312530013.5988239
312066513.89540786
280828641.898575
274716159.98935664
235069911.2184542
271177894.2335738
277568151.2690208
248645771.61115882
249983692.35380107
234453459.16667542
226957901.86746806
224890262.79309464
222576600.94963217
186327220.84389636
215093737.2044176
165463955.1644171
149059108.16779962
186557650.31515962
106565170.90245041
152743310.34159505
154783887.68538493
75810400.40244408
156601258.4957991
141130646.55428457
133351557.01595894
113448711.46858522
124946760.90172866
124003054.8550116
116934981.00873396
91263403.32664719
100965080.79758644
112249078.65434541
81582199.76802844
102100814.50453092
74994704.60927863
58622218.11713115
68264169.55342934
109305464.08496389
72145729.06958067
61107970.7575007
85711031.43241632
80289676.85648634
37259530.21793932
76996712.97507727
53057929.398029976
51106118.417022735
66562286.417850494
72702013.53964397
60777440.62577193
34112813.139400706
78481593.45757551
81463556.60613196
54881659.45203859
52650062.882489495
57164584.78838381
22177730.456612147
63088867.82199018
11160798.185149625
36601855.99131537
25436098.29047396
24250194.49824582
30399823.035731208
3215270.356991414
26798584.048228063
23858255.604194686
47460568.669304594
35580039.4453038
40762740.971934214
24362269.619534433
38485332.025559194
3489795.025540352
43100997.6267757
46407216.77138298
11273869.00112934
30776446.377345927
28733904.059405994
51445946.45566028
21229274.13227491
28775726.219590314
28365008.672389634
27080587.44783174
19376261.51418942
-2757450.085940417
31261832.331280697
54316126.17058076
41804785.279498115
2553087.2384244315
-9813180.6794183
11352402.419739641
32673317.591602296
41878080.206093915
31408099.85443108
40416870.646955065
23074758.16254138
41274130.33282349
34487476.092337236
7066139.526154876
51914979.98822134
49548390.68155387
32261075.80872713
76339535.01713443
104459263.78896986
69404077.88106386
86916242.07560705
72597548.911726
77557661.50250149
75537041.19593233
56225566.07494077
62182661.557923585
64952795.89989054
77732891.47513323
37737401.1349974
84091199.70101754
92758498.37324029
45743041.47870222
73106484.43318392
56957139.644070834
72581005.68642837
131233513.27705222
124867022.71663523
103198160.2298646
123458869.65612373
127492389.33123228
124933101.16654517
149191589.56136253
139408961.75488514
177106033.9173283
128013789.63842158
187360701.70066375
208700959.61406738
181923321.80182374
201756684.28020638
165616443.8116406
229727416.51521888
250101435.50187176
280310588.22365844
271563752.4329966
328126828.17010236
345454800.79918706
376803215.2356255
361945529.5494003
368015247.3430138
432147664.9667622
427385183.7885456
450113077.1716331
436838174.5349819
399105329.3665976
421426396.8988087
468321575.1094717
455124331.2195178
471576157.2603244
481322703.69892293
466448457.14300716
464298060.89069986
547150732.1819209
500086027.93130267
469845658.0401925
479523229.1236697
475240848.8708419
467564020.3881305
467692025.3049622
459805041.0974556
438822893.619453
452594648.6936677
419134995.11121345
415039989.45413625
415015122.6716565
434909403.86623967
413004229.3069413
403035811.09022325
379224301.2148106
392524582.72488135
383418888.97463137
351275829.9715289
348473606.69040805
345359216.36683464
312264105.56296724
318796075.21731174
336378970.20228046
285792654.9888679
332251794.31522083
346565003.6086766
301462909.1897004
337706858.499105
331176466.3435162
288609587.49357
293787232.0620823
290651894.99220103
270665451.41223025
213331596.2596648
229960508.9360974
253645746.9251839
237012287.0402386
204650789.13088417
251527225.81084546
192930329.25549677
187655381.11465302
241313108.5537884
160585203.07946047
209836988.4383997
194533948.68434843
171282344.5484842
153786695.24040863
169660750.62316924
164038183.9800579
127064986.13545802
157524766.13633192
196787917.24914482
184614001.66562366
139394468.66783264
158345454.21727285
158595456.21579936
149508957.93980443
175593527.28617913
134567484.54355395
83727268.00677058
138951685.17651546
130801207.67752017
121823257.93077052
114572918.96954164
110182589.72974172
107136138.0477801
108237903.5622269
112407962.22176659
91156365.86085472
100910898.80386187
100507276.03351717
199444890.32658064
161364439.21569237
213228754.276273
202601198.20599174
228492233.38575175
193289477.92138374
220591268.24515605
224575296.49658915
245122400.7642559
238862820.53121248
257056276.39570472
270565873.69128656
260639727.26087114
241341325.46322557
214277262.0693593
246114357.04270405
230058547.68043503
231860107.04258657
239836327.348188
250651404.04059672
234639700.09837902
265400356.4802515
274490633.0623917
289433512.80644464
302069797.35877156
339978630.1222886
361109190.71069884
347422613.8785708
366455201.3153022
414536981.70829606
375166427.5711398
350878328.60189277
347218647.6190257
343924220.59370434
371067738.1897526
366871381.6666396
411801936.8539883
418188132.9826337
413777066.03281915
417753432.76509225
452159540.488909
450291393.3785206
484842305.87727565
490634820.20032936
511851875.50489527
523133315.36327314
510998889.1165355
517197795.8327596
499288105.958008
486621751.7152914
504128196.37689114
479936810.99742115
463904612.015662
475928700.3328202
424189327.7838092
441626214.2761838
419920958.3094665
427022168.87377584
419771675.4327736
435237767.21349293
380599507.5439885
387470919.8597717
425261733.31265604
396171899.01578915
398704418.35452956
327288181.05741847
313854967.81774855
307593780.15655947
301986668.41728103
309145371.0507126
290540988.63560945
240585647.51842555
220683824.37063867
189771084.31563562
217648474.86747482
209763302.93565577
168808264.86634865
169631044.36127338
140578878.97585678
110319316.56379503
81663212.8597551
104753745.281338
109880417.33602339
111855712.81340532
87469173.12365678
53667392.74629264
57254975.019920886
48407240.495782934
45396187.43376246
73260919.85860687
67620771.41316828
47499593.81468353
55910034.42372027
4476124.499471918
22351811.463419206
29581157.71965161
64657693.797861695
68268489.4469942
34943416.193297975
24299142.513103392
-7078096.616618015
39449946.29713344
16126493.673056446
44517270.02558263
37328748.43715218
34235565.79604573
611380.2624725793
-945535.2478081733
-9633007.33853138
-6100056.683604822
21898797.518742636
-45358265.17438901
-10052424.645050336
35152816.5057226
11994625.842326654
-1802233.5517844968
-25071244.81302142
-8979986.210494928
53536402.68275421
2514532.7524382398
28494068.627343554
6700356.906997789
10100804.895028869
-28884020.502620865
143885.65562579408
29278070.702589694
-12387004.683484055
20422039.931280285
1972902.3184002712
6962475.707533585
-27620863.765784137
-31754781.45928345
-22110305.150842734
2403541.628851589
9798958.930294186
11959171.614871357
10938264.682385616
28387547.764875315
16309948.377972566
-3435228.880581159
-1829481.1153093874
46539583.20017637
-27283655.568015173
1944232.0998915806
49348334.02786599
16353036.661903337
66440314.746287905
14770291.063135024
32482768.287548386
34273235.88217625
-2261385.7151980028
-19915507.469040863
-7558132.86641407
-22026744.249773465
-21548771.8764174
9291856.799677841
-7439918.988346539
-243425.74193057418
40822050.67765545
25493327.33293201
12756235.55489944
36198120.37080683
47806782.353062496
24425094.072447628
39184266.580304384
38534614.80718738
-471728.8968062699
21469629.38464217
58729604.3281447
69886471.87238574
68305639.49378376
83397976.77497801
41077609.76767726
49992955.00279717
65029314.48160462
62139070.9795008
84974797.13937664
78229227.0764748
81346069.48510206
47474587.318547875
100129404.3121514
116672506.90868503
123771465.46886301
119996108.40048635
84938171.16939262
168926363.49171805
163371865.9500074
162767583.587257
181669473.70938948
181674522.1535532
153590356.9493692
226689378.16722304
240346558.54482174
245760428.553854
264366970.95913875
288482855.68048096
304669864.4447665
276093716.03205967
353771665.30701596
347159178.3027538
434130944.3749131
469150075.34180975
491262208.1819546
554871149.2787201
624846885.5133756
707762276.1380913
796349221.0311506
909523802.7195597
1006462953.0884686
1112441105.159264
1188641799.3634968
1244778657.1232667
1243057314.3645992
1188397701.6155338
1112414053.3388157
976233869.8844838
881384437.7494283
781900464.2378736
795202677.0002041
823590811.7665663
837005433.3452685
932764942.4155216
983456197.7009649
1101639150.1907756
1199621660.2649648
1370237872.872781
1484454359.5731878
1663366415.726869
1810621222.5436964
1874935864.8440638
1899158852.25921
1854880714.6478605
1746445912.5701995
1629241078.6011424
1604576908.0850248
1574019954.4103127
1564402920.7452016
1638374417.9095025
1781401674.7630525
1988059503.421617
2210408153.124511
2432919101.962643
2788039741.4380655
3154249247.998948
3595446211.3276987
3987401705.483798
4384261040.205015
4652753841.834243
4773397241.9652195
4812684878.350666
4800699708.027475
4687267410.731841
4468852080.56024
4247372382.7028637
3964566944.885918
3722111714.2332463
3495983690.061166
3277872111.8066707
3087073375.650032
2916108735.5370812
2787574897.5187583
2702084427.110387
2613986752.378003
2581572815.9075
2506003997.7275276
2424431946.327374
2392142140.1581497
2339603811.3924007
2273302766.50245
2313169671.785578
2255716630.39332
2238628147.4162974
2221388246.0769033
2122756308.2100449
2096987360.5877469
1997407445.1092308
1857664215.517608
1773238507.929445
1698357509.822015
1604170419.647622
1504800787.5160408
1429103067.8125663
1311164402.5325255
1257241640.541676
1208492412.7851138
1099087214.096498
1105636023.5494804
990543485.4203659
944715290.1988653
899296828.7596598
845971058.004671
779602414.1782049
754882716.3009683
726793618.4851928
664459669.3319644
614098312.3225987
611071069.5562043
581264852.8567932
518510844.0157926
520299979.18889254
506292190.72327
488611239.13418186
454758359.18983597
483662792.36546445
417980310.557772
393381461.45597744
381222376.1381192
402685963.5441114
369513190.1063202
380747902.8724147
346506122.55482465
318665586.0014874
300017465.6680189
288078237.3889564
257432849.98253036
210025056.5116553
263247466.6598527
246467668.05325446
269159113.9990806
235327353.59778792
211417779.5975323
200213081.77622107
234710582.7391372
186904759.75687528
206505753.2170403
206912048.093134
167179360.05273315
194260345.19440794
140404049.06252784
148918720.09706002
145479169.87257564
152142103.44629407
155598500.9910752
105888428.2251963
138915703.24506578
123111832.54076591
100760438.16009243
124642591.03228693
120850883.69575974
137725988.85618684
102814142.65873525
108502824.76211476
96843306.72280015
83575510.12202397
110174570.32441367
79007631.79691741
77133528.6926854
101818159.97526275
97364554.01340404
88846134.78551197
105531143.83303879
95391033.55779798
89255814.8845003
84213032.31483907
50325502.51222566
78578394.02560245
57498668.247435406
27533830.672282457
56787698.985103644
69773034.50144845
50463417.48308773
71996094.44686626
84141383.49696682
62475445.37110865
60488680.24678304
75292082.06953192
55762148.59714694
32128751.678907722
37535278.1756829
36316612.36810317
62087290.002980396
49447841.61314808
28421540.339849062
59267559.40676427
9489145.578222148
-1020068.7330045849
40013459.97579017
35120221.73560095
44562149.98456903
35988276.183542155
55657026.941479
2926592.1135971546
40143512.44764374
35746916.336051166
41628839.183770224
54867595.08506289
3273920.3024175987
22718996.508988053
44706449.505727805
29815879.99594684
48446403.44951132
49919599.22517468
20708850.47386338
995944.531280458
-16987026.784081325
41709592.24688323
38866811.69031282
60578828.92847299
25685085.483839322
44143351.34023448
23011110.70808199
21663680.27082534
33216287.65137545
17451000.23577127
33937396.41306747
16575986.897977352
63804313.8413104
114549207.19577289
65212506.90514922
36637965.87472069
54675456.471526265
92257935.05643019
83188346.82782954
60302695.11956841
92506575.99505766
75133061.44766974
81641329.66368672
84672413.0457473
82262722.00027478
67543720.22005013
97242911.84801878
42879138.80416547
84686025.98019308
80777351.09431526
120562631.47839451
125688497.70763935
125757255.15624604
109986666.71905127
129686724.15151164
168747177.92782307
117416709.27434227
165401545.5195932
129724409.27999295
190226670.7557532
152094743.85122803
147683385.0198775
195709132.37903923
207348656.56296343
175067569.44480997
190137151.97954285
232483774.5794681
269867987.1255423
261427857.07259735
314638396.2654683
303894807.9429482
295611050.10098636
334345862.0791603
356282839.67847115
407667634.6759862
438604119.280385
426671115.70758766
379514066.09728473
481554989.51660925
472526787.4735994
481300370.5824971
471266704.67489123
512165217.23246634
464404713.4615941
434769344.9635999
468272593.28128403
475207622.78081506
501196863.3185501
510305607.8684716
480424859.7685657
483551911.1223143
535266936.27574193
529238735.48451746
503438204.21427226
456566257.5453181
487451461.67273295
456842529.31534994
467631746.8455143
490910678.33032733
489650454.0515657
448467851.36305004
407627849.75776577
449729438.8315739
421587386.0381396
399831870.57636327
426089950.51249886
367943250.33130395
394978452.53749514
355942812.05792326
388278686.15741026
380617152.02585757
348572952.83289045
392225842.4995744
322970651.45206904
365780603.70672065
362729912.35071635
334981808.0706459
292323800.04007477
275711487.8956162
241144295.62926924
309988024.5187077
314429429.88536936
270943774.44706035
317424920.60806704
305365441.11690986
279369250.10228837
240345396.4398005
231603846.9966375
215733094.52273285
249369890.22493035
249972170.73843026
245850519.34770417
193164904.47768122
206883756.68944642
204615291.44061655
180326899.48081946
246283866.78149703
204353294.94390947
170960474.87065113
173863710.0219901
195758886.3863226
176305052.27416775
158675068.8883245
163098301.5721558
173477329.41316524
132898347.9864107
117079833.34123969
164995780.56734237
122978278.51323873
129533404.28975685
167991311.7519734
112519629.5533619
122110663.52452475
117381043.70371413
91263038.14606792
109068252.36075832
130965741.49913089
146886515.99760535
101172917.27332573
102726075.8286166
67972242.76787676
102247885.4515168
152962533.0394171
192531132.49849015
176466719.38901564
202064056.3840579
206785586.61518997
238492818.5294728
284124776.3435515
277013362.5475357
250941474.03683755
249354613.04238367
258070515.4415165
271681150.2538644
240696699.04533416
218569340.64792362
263895494.06298745
244594699.319522
260900026.73067302
270045365.53480583
257808982.2219821
282534322.3167782
279240031.4975718
274629184.3581827
327404780.5032151
342708054.70507276
342153608.13657707
371090324.77544606
381106162.08109397
381859372.4050163
386328919.01150787
392327924.9113536
390696700.1175089
397684380.95832896
389602740.14832366
409871845.62237453
393574635.3710997
396623055.4902946
391270981.7350333
393272827.26140165
421161686.4869654
439561428.2256764
464789628.6547715
474250025.4529298
509786334.5653479
502230872.02189416
536337287.27380735
562910189.5292215
544856654.5969553
521163251.6921782
497641969.31172633
520646670.76779044
534248860.87630343
512946067.7172343
507311928.3004693
467949829.3407748
469193920.3696035
455101077.29814506
465036298.328151
436712018.7547221
392097227.7908547
416273483.8862082
430353430.4487493
404416925.196779
366639556.10223734
394108314.5650085
338720958.6352799
347162391.61021525
324856130.5855179
339903310.6834085
313870498.2713535
276115111.32354605
290515548.6778765
270209732.9249521
223798062.22513205
207439094.12388426
236202304.72147053
211738095.71985328
185957949.8433202
132170557.49095966
134184280.12834081
132927377.36039266
145788021.29637182
143017634.13916975
163609874.727032
116746231.37471938
111636923.55490871
135568373.37755227
69191044.47031555
74614902.21262206
116576179.8170684
68345804.17322406
95715780.0702062
63323300.48342699
43257024.7269595
81343936.88431361
7855343.934307106
48562497.865565315
35964730.64190236
36568893.514041945
48940508.64461693
52639394.46007853
21469188.859591477
55030450.923923075
16413540.112002442
15957469.93415114
68113730.68013835
-12710891.292239683
15233561.704686401
33181512.771458838
14097970.937958892
25383877.6598884
54116520.37260973
29866190.91793409
11800922.483216435
-1975055.0690074181
-7769340.118520243
-798260.9127435461
45352124.13562877
4041555.130060807
-18147225.619664542
47710220.626022734
7064076.118918177
-48420798.60962136
-16810525.07401423
-1979282.4061064124
-849712.345024474
-8295114.072978998
-17995998.224573415
30816024.53858332
-12217245.041058104
-13768568.316076092
-12279477.197862899
1306379.3578119674
21183105.411818717
20564101.364296574
40138370.18860483
3838971.3418053314
-18426975.48887597
20216515.494567323
13463096.708278902
7377578.589121658
58499834.622620076
-11344086.399925582
4398916.2771811
19716721.41877216
-21328758.60132057
-256160.40700061247
-8201956.357346255
43487106.1264602
49828766.63453222
7699822.375206821
42169410.058981
39932403.01048985
13835370.389757201
35861401.111516684
57608075.58274862
62276831.970293365
27876806.356367715
946280.6761537567
17616796.32977914
34190057.110222474
36645987.54577957
42325344.6866585
45473707.603679724
38418872.36741489
55103080.82352887
31315084.462899067
36819644.18671976
88669825.5890855
51679459.725416645
46733556.92040312
98449329.14679343
90998129.19111052
72088426.43872109
97349610.85625373
99900955.73544544
113769212.28792952
77591939.99280542
68410727.41244239
92107953.21901202
128447740.36189601
127732055.18144448
122940326.47186711
136410374.43369192
115309480.92932457
173370303.9733253
134762906.24974704
137414045.75541177
133116398.71646255
166709536.7301937
174551136.45825592
202255550.0709042
223166228.55260032
194366477.3143953
278233698.54752743
274384065.72459936
317336655.49346733
284787382.01906645
323229895.98559684
388572489.235658
373577701.1835538
436717325.9219136
465775361.2285285
547797391.5672805
607249253.1432973
665425770.235208
766887643.2493167
853041107.4545642
983936431.6478567
1099020870.359496
1216936247.6176639
1329712356.5441332
1371613483.0753279
1388531303.7767181
1365628088.852469
1208856090.8250165
1100092998.6610484
1012229455.0906408
896717683.9422054
911466679.9238563
902897874.5429635
889962438.7388076
1010514763.1347725
1073348643.8398479
1183791466.837656
1366138980.1420255
1477564307.1571584
1672344606.0932322
1798210448.2566876
1939867851.107684
2040791477.6720328
2090335172.530962
2081966632.8405247
1902354169.4375145
1798051949.183354
1725115949.6982334
1665494729.2388337
1744691362.7155304
1792554312.8059888
1926011456.6971354
2139844400.7619252
2366340298.023281
2675614169.6958694
3038150293.423399
3465472096.1671453
3845236370.0133777
4298215767.210174
4693421233.450607
4967339928.920158
5131065292.097429
5194507215.54492
5140829066.289955
4993016800.584152
4799678997.549922
4582200946.503458
4283112190.310276
3980229549.922556
3689941911.2254586
3459495918.5216427
3299724716.7678175
3110160704.221377
2998845538.343647
2850276468.282727
2775274876.28053
2704040766.305126
2619899079.0755973
2567421175.951954
2516984237.416985
2474388689.695574
2438689510.199876
2402069077.325553
2411603055.501432
2354175850.7492137
2349584019.271547
2333986629.2071977
2230555038.453568
2151400220.6771927
2032828880.5194316
1994143729.9917607
1860773284.525825
1717839002.1006167
1642321002.959806
1526711311.3709273
1474713149.4831133
1393525254.8738222
1254117285.5864723
1204933311.0974119
1111483040.976046
1098872509.4635632
1017494421.1184876
931535579.2943923
913370079.5208986
848203204.9800165
805371977.2750112
746193671.3280888
721654997.3820108
712606737.483778
685183489.118408
600917201.0725231
634863825.0836244
572147334.5982468
523225584.8756628
529608587.7377296
479039740.84700906
478964093.1193416
410226005.03664625
425004971.38806474
404933788.0958768
359529988.8384968
363579279.95283383
328244373.9608693
334770330.2777176
316692879.85554105
327908355.6423344
301860251.1235322
299074274.4000225
285686828.95379186
279937515.9516581
245775890.4363569
195120909.30902427
242163217.24402782
222256870.99516076
237481272.1325365
186087963.60357296
238930525.68504983
221748050.99424502
148435737.46981317
168796995.84128064
162016006.63548183
175415127.73750997
147698331.52738264
176087272.038029
118081811.84145933
109819584.77850506
147853619.37650317
139816428.1863717
106024625.21646944
109920699.64528054
111150707.13617104
110902390.5210639
114158760.67037827
79350861.95851232
113040098.73020425
78358127.52006872
133581989.9525901
91789149.0830616
83356493.64432594
107269999.4835065
45352834.841343686
84331455.43644582
102858415.56837153
114115044.26303071
29171651.19300084
54475139.502023846
79352542.30307685
58838052.90199634
89893205.01089913
74692572.52531798
67895563.60159206
92510618.38976729
68694433.88768554
28248938.620973006
52232331.11720502
35676570.2351233
28692932.05525522
55300205.02769706
49984711.12250124
43019454.495238796
64748464.589037694
61773243.798999906
49331592.352686994
45425575.66834764
53425661.9350812
28306973.96711952
15237996.938112888
61170891.88574432
22817933.890083093
21003573.118871998
43838530.79870658
30671936.570734896
36695439.55109886
34856308.27025757
47768734.747485965
34310158.6971724
31773874.842370242
42330282.357779674
18086038.819813237
5662132.9069453105
29132138.843308493
1838300.4656474069
13036821.741783608
3588901.2489022035
47849495.54037735
35771340.794547886
37125472.6957063
90165831.86220148
4795843.96977368
-5455813.645950332
22001074.134374492
53337706.50669126
14259131.27654371
28517987.18540214
54162508.979470626
50753476.857877344
25210033.09436973
67865032.2586812
58578190.87341778
82362630.13822398
93000177.49137098
33577233.6592308
86222642.92526355
40129315.98350248
97142667.67684057
97836897.29541221
85552691.25283495
93367325.21522453
38622702.472061396
100032978.74111626
83890534.17256066
63871653.55635396
82193767.58101329
37263726.692230895
90184077.76653151
76917631.73038433
73592621.18320933
136354840.13439208
140795110.27355838
121428818.74462813
123374324.92668292
136448772.5683486
158192126.49359712
160229355.15689605
176559051.6003525
194639368.4443135
160970714.02602178
173743426.33473012
167882710.5537098
194570709.32665074
146602938.69117874
198290024.4127286
176245528.3662347
180605310.2801051
258687119.06394356
204888194.85911882
282885469.6741278
285709251.9420524
334886289.5180935
365357471.8506305
337885532.9181675
413471759.7163373
407812766.57586
419419846.21946144
439833233.07251203
450752803.87128127
472031429.1938596
482189470.3956977
506673936.6780889
493319421.0558077
497545131.7993288
492461639.08106375
504874935.7553102
517174279.2892977
524324068.30448544
494842472.44351184
550396257.3650297
550824591.0202982
492741753.3258335
526850340.3047454
542102806.5061088
543873959.6166117
494713399.76602054
491431981.00625443
474922435.68734556
505583516.76614714
463950384.28455937
433357824.5841438
452434693.38750196
399057312.0436549
407955819.60074055
404073289.27705526
405220038.1844878
431878326.18017864
382907174.2493142
385868320.13540304
394327757.86370087
381249996.8968825
415694033.7182839
340978748.24793243
362683526.0680346
343723385.8244535
320791617.661405
375266114.65911144
349647660.6124486
326338008.104055
362861942.1638324
324773856.9650325
261528596.81895366
313090920.3197772
299792156.6558888
272100700.6949506
301397203.90539235
296637383.6214248
232770250.6579798
254681695.3905453
220780706.75768924
220985422.7899092
244487982.30807355
253644423.4081064
207712910.97283608
218026413.89267194
256191925.42298618
194817680.78881475
210423411.03905347
183250579.60662246
189060707.656004
162032948.3218075
175415360.1068731
158144515.85902014
160192335.91832793
149833404.4006777
170191519.33981913
182923735.16388118
112197813.99997516
135317573.24941808
144116654.24662372
124504042.9892742
122656458.00873569
155692411.64770433
151953037.81537238
77953674.4563525
95518896.9523352
125352477.67109859
65598475.148272336
86893500.53218886
83804918.03161898
127486168.12886721
102495769.1915589
183675700.37612766
173477483.94244134
237979794.20625424
243281512.3090374
234879374.46913782
211127248.2765156
186860326.47896564
225349645.43488574
265672121.47046554
280535113.3742509
281584125.3355832
282705620.8345606
254521785.75138605
294588587.34899706
300262713.64937747
258555208.96713904
271633103.5525068
242845099.68210018
273923748.98157036
277850826.95283115
279366188.82686186
321759061.7094518
345609738.017369
337218444.4287553
358703340.19697046
413357582.7379846
391789094.15114695
377250982.64591724
407633473.6964216
437046396.47479427
407006398.9882861
422600961.7190679
398826877.389235
413448578.70001316
402624290.8195725
426404969.6899909
444230369.50419676
463138748.48747075
449920594.7313935
487348593.787344
523141091.45713407
493284229.794693
539605797.5732906
541705620.7005782
561527536.047257
539954628.7607827
581859134.3908237
535964337.1429197
558070075.2130821
563062445.343226
561668786.819774
532106746.4832971
521809101.5758245
497781786.1926156
438818496.56071055
468277870.5216557
460614163.21507883
454127328.36751413
432905757.32449085
415169301.88677925
428520803.4002803
467267117.48625016
379839579.5281727
358970703.02285415
386923051.4374371
377196593.31545794
352444996.1864353
351702172.2761173
308384510.23030823
316136839.0377675
304619804.593063
261678823.5092449
241559935.38897023
235590986.8244385
238347426.26879227
220406523.8419362
198386646.27168503
162594939.53997633
142639720.9915353
115286768.99429435
135950787.6995651
112303053.11303458
109281888.3454149
120806878.6357561
95238879.12801906
77304650.89182276
67078620.840238005
85875297.21090563
84553330.64537485
57161587.43455577
107420658.17906457
94677286.27008897
72582003.80436406
28958324.138511762
44037068.75877088
71179554.20773101
52121405.15434574
23779481.54737723
25655439.663810126
52657498.59580931
15151065.726028461
17795146.7408353
-6654212.638591935
-16892400.69625798
-17163422.507930532
18444599.494795777
9801485.773699356
-6410689.964922253
-9116773.984412622
17757419.162036866
-12795026.410275862
-42522988.69631
-737879.1068053059
-2651169.9949462228
-23481660.664381534
-10272797.898036152
-39171314.78226763
-19587909.38807949
14504812.691224027
-43408125.05037125
-1188511.0775526143
24483580.574134193
18080662.317946184
5490226.857356615
17684061.812136475
-15299984.745783761
-8278845.083629575
-17485419.12297968
-24576444.497230306
-17345097.73073812
-23970585.663624957
-1256940.8281492637
-12951361.40006461
37997297.632809125
32197332.07215157
22437554.808816373
-2908583.40233103
39277076.95758283
2382810.84143412
-982571.1468014894
37248808.844004184
-1476967.9528950378
5767270.870040506
-15854581.74478196
30621632.93803768
-24740564.21068943
18006821.25673908
33281041.39397252
-42847718.57271632
-4409899.635557145
24734251.154253084
15645304.316905938
15777027.283700705
42995834.9401447
38394041.35390174
789955.1627929304
44430436.48528708
51329960.42184506
36081116.28948625
67583861.95141454
37613698.740076184
35511932.660607226
52730378.066736914
84200712.4866131
28525072.10935186
31144066.149157196
39398681.238677606
35308676.06582602
25341372.048842832
47586899.65720037
48749386.44703526
60179853.84721118
68064910.58455518
81334082.16264428
85515869.8122141
36929084.30247539
96441173.70213467
111815786.77914375
119074433.25974563
83081914.70828742
112080367.67068449
123823441.0101111
132993216.01128578
152699720.86150593
185984224.70248437
183762215.57549745
154012559.26772502
184016855.67288256
188644458.6263703
200306312.68332666
198972840.16481787
197764659.8134521
262688344.7206035
256655896.01150322
302391964.7232019
317538069.772571
331550050.4685876
404725754.4446657
374634888.545599
395809195.28340644
461724468.89126134
538836089.2395357
562248877.6023043
665434892.0682135
699468488.6042768
801454755.297343
911619671.9173691
1056616845.6609017
1158468774.7887921
1305211152.6040921
1430382815.2831273
1490057937.5098476
1525831882.7683635
1431223660.5979655
1363401426.9583144
1176759252.1851473
1087787804.7003603
1008789947.9711416
998958390.6940739
998567625.2866567
1023870372.9645591
1094309370.2788568
1175567122.1557028
1336682241.5577006
1502840328.9363976
1609391900.8988059
1817266997.1699166
1939222360.3974113
2101064602.8224144
2236019268.496394
2199179872.2812605
2227896244.517812
2082639745.9521048
1945247639.4933422
1874708874.1759415
1820444495.4534926
1824593009.9993484
1937007384.151032
2101808255.2435179
2290674038.6697717
2552512585.069918
2904610615.609965
3286019640.5228577
3729568820.42235
4226505964.490335
4677227032.099819
5058859259.999399
5342939881.139754
5515955769.105983
5567050713.726955
5472712701.754019
5391733720.56481
5143902214.621941
4833607774.4706135
4529461396.292507
4235630536.5742207
4010128731.4698105
3673465291.6271744
3459648745.231767
3302513967.8580365
3148934410.380948
3024832464.102417
2940772948.443078
2855069115.547001
2780636045.669389
2718104563.256371
2659337389.411477
2583056226.5321074
2617460299.573099
2570797492.0726743
2533793937.4929633
2520909592.800841
2445909787.8179746
2435603205.5610776
2315734771.0301094
2243854663.870152
2157772855.325306
2064236384.3131142
1977739451.1883364
1829579170.0857377
1737818275.6847043
1648476773.107212
1504164914.706143
1417215182.3285327
1357478874.8529472
1320912549.986925
1224384533.9557636
1119169657.434291
1060273281.1796129
990122475.7991018
929743229.2328122
895141150.019835
847602964.8135179
801694968.2664317
766814325.4504852
719798778.001701
651414507.058339
658928303.2460551
625328686.9541209
568380011.5740467
603393483.5465446
543670329.3379955
497996972.439262
507223216.3538043
464209407.2545805
414778201.125246
424992019.3460616
401934818.9234234
397976555.6044811
388880782.5759841
358661248.08932924
328880722.3630791
339698236.6635411
307368765.5820214
260230007.46042734
255459428.09543923
279652056.646285
299282502.9166564
265682357.80028236
231476311.51885366
255322710.600915
231668621.1863972
208158916.72248545
178337148.39869246
192380502.88945556
228355676.50808957
151968019.1527755
189058503.55887628
136959008.62368095
156671558.23422623
154684979.06605762
159273603.85578066
137314971.1106779
113771436.32061236
137890917.40747315
114922989.86579764
176336426.10150275
139113536.95159978
126148299.63345432
132799345.04038383
85526213.9048149
94671137.44021183
119264427.11541414
69001597.0865485
66633591.55710091
115016753.331949
68307127.8830744
31942894.870016288
104615242.45707184
53909649.26948072
55012592.1847429
81635971.67557979
82507311.04940163
84186021.00022066
62165112.47986293
42412800.762709305
67154764.99559057
71252332.8002174
32068086.564943723
76336053.41723809
34452424.97906702
51807214.74366369
56850489.88853829
41438868.5462486
37109010.062524796
4897254.356508996
45197990.23993159
48631428.324971035
63676113.197107896
42818895.485395335
62182929.54880815
51723967.62762
4403638.810403287
81733498.27407518
19450717.432331327
47101299.15161519
64301532.94314948
36836099.03860934
13551387.996120537
17014647.176711567
45082701.00866486
-14551078.720281795
-36181943.372361004
28809973.999226402
56211430.17857589
-1321714.8909797296
66811133.19403835
29302083.704391956
50707562.482726246
44332461.70250916
35774770.78977794
23377155.400178183
-1773642.099945344
-12387251.301140293
-45596.812785580754
55951562.45589552
29009033.268799495
23703833.789323807
11035810.479455736
38954886.50619519
4541384.822267085
37484530.80110628
4207660.930037409
5554063.894285433
19436603.364630334
6741475.362333305
16246673.999350011
25611950.4649738
100574023.33585873
79968624.36229482
26171442.200882226
59660066.83518055
96983295.71547256
32443689.67726034
85064449.03112328
79876756.16851634
63640942.715800606
72749694.0676657
65117428.13431843
99553416.13397813
97596055.60803759
106455089.62889893
68840482.03878322
75733305.88132054
100647031.28221126
88110074.88503592
85276365.14819404
126092847.10228448
174317774.79842108
166464002.1369262
136510223.69612014
142783391.61968797
200938593.4715702
129202580.22379148
134554729.590908
209970399.2813077
188130876.57722187
230734367.18186894
195288015.12654024
224892883.26853263
223459558.8552112
256923139.52993724
288446160.3290885
295952745.42372096
325267789.71373135
286574406.2070455
314771381.64390707
353181220.03232014
373575918.7166896
413805208.30459756
509284717.3854784
478243085.47114545
479720002.1090604
469704757.67054814
514455552.860062
503634524.1375825
530233634.13678443
559187763.8060341
510892403.0512159
538220312.0953983
538701160.8792034
565003184.2697504
513516622.01874006
527898476.80008364
552488325.2780275
536421261.5561475
493448866.3095757
484519877.96047044
503243812.0175545
523650675.72608024
480682102.2352097
518904712.2609341
493794102.2450089
464142865.6320899
484149141.9772798
463409882.07584715
476539503.787723
433231243.50000006
417185473.6416305
404938765.1974113
426812050.89399594
399786582.1961945
420905445.2377337
423628496.38025165
411248206.7163376
352854087.7484205
359938400.02303326
357631730.5637869
318785927.93741244
373507152.41402644
341183126.5131445
336650526.5323515
317026804.2829256
298711864.86628973
345945904.7058918
287423935.4121889
268914958.0303651
292492576.0232957
256192160.9251927
299432806.5401399
270377715.18787855
249764222.57756886
258161550.12908533
264255078.07480288
259546476.16015068
221927058.27707556
190502339.3654754
225590869.18632567
229358046.75359562
198261657.071631
240009332.95122463
182649786.6572906
204076756.55379292
194369554.90978494
182672902.98275557
161238764.12983745
119742104.03046963
172614323.6450641
127082696.28835186
121561696.4274126
119490461.24524544
150639957.19790012
139369664.13101116
170749900.09895685
147366098.85685113
122716584.21032856
127615032.71120521
99769972.4983637
152075305.47941518
93122838.02972016
108321326.51818779
94606154.75373949
148334514.7605469
116025452.4102663
83735248.40907787
140684252.82555836
229222519.94976282
215038841.73002657
221226091.0260385
263633057.8570001
248696040.850463
300481574.3916428
287134409.63122356
315847066.4729905
312623958.95761424
276165562.026783
326483588.27408147
314447337.0373846
245725943.39735633
286313138.56738937
275449981.5427339
274110849.54431874
275262201.0359651
302981752.25935477
334931759.05285996
310746914.06925166
294390018.02288383
334543177.3689651
369502511.2914311
363030472.55917263
420751572.2292536
364254046.58785206
390266087.9830486
370173175.9681128
403750884.0932484
437412593.2497053
424809230.26651186
436337072.84452456
402456678.9705179
453958129.818181
438413184.34356445
456770834.98784655
448366159.67585456
461551580.52121025
467684981.74729145
468074277.43261325
512565682.2861899
522447921.949608
537674040.6906147
567077410.3363594
598199853.1820166
594473690.3293723
573509967.0365008
587328301.4689838
569904624.5586033
540327773.53774
580193290.5826102
530281002.2467422
522463338.9622348
528581563.7633102
506239565.1098107
531125595.92833126
462745643.03594387
470108357.09553313
426036065.66255385
424388485.5341317
471673741.31771237
421330618.7367861
455615405.460481
412410884.7791366
388951173.2954786
378682575.1154838
392376058.2497512
364160564.43811876
351053392.07463217
326665245.444817
261922450.3191517
282729495.5248908
261507721.8784015
238395200.2739151
196323953.12785462
233772352.59663823
214254333.3453908
157896944.22827914
154712026.5843758
143897292.12964287
140769956.595655
138554094.367635
168539242.88944653
130081271.60472897
102765636.3971503
120534578.40230997
69850067.4214452
72138152.89061381
54154460.24011011
81542069.15909055
59285752.998773515
74991790.38008405
105107104.00566721
43650741.81134283
36036487.20293963
-6518900.63922938
45972120.14383539
40724880.71109451
23292219.075949974
58818708.56334388
32702214.289039686
5787552.169120027
21861189.388556316
20440806.946276814
68045298.88658811
-16812343.245112527
-10113932.675158055
15391782.5931511
-4700930.610419171
-2643608.596625304
-6831719.806946263
37187210.05280906
-25217278.97286217
-11595961.43728862
3900392.5263255015
34406907.88143211
-1226764.7049728604
-18564673.119262993
-33417156.35022398
31874404.602865048
4820097.76016758
-6562849.3460092675
17004542.213996395
9869931.487429574
43844713.21045464
6952882.764317712
-8190302.1313333865
-17908196.282778658
-7452374.884202418
37874246.85738914
5954333.231701279
-37511793.70847913
65480966.62320219
47711541.960975945
25150565.998366743
6754560.074008603
25270269.641930915
18412894.083293073
10382808.215383336
2961933.123996936
-4201619.220896859
-5866675.074968433
33191897.363596577
21380878.645891797
20407197.905206718
9184149.059331343
3334928.577783309
67663639.57561637
31053603.933310397
28950486.75211069
3791344.5464967564
30616314.65941748
26525397.469424974
52684082.67014935
17717230.91984374
38410078.516912945
61593322.76065588
40587451.34711048
10931557.207797967
44356686.6106634
65813282.40146355
47162688.00446554
45114858.753133826
24676220.195012957
64621082.25970371
30379053.810030665
56486199.95812786
82525511.47037789
91396685.0302817
105977659.60113525
129726501.8422991
81343652.45550469
106447883.10500196
107456023.43854132
115584256.63413909
134922782.04778385
84194799.22108272
109381315.78521845
116859575.09899686
169028233.67184165
158472748.34098706
169005804.87932324
179481229.12292287
142057215.42567426
194160706.71936274
204763439.41091615
237101698.01216823
245610471.52007082
221450833.44091666
227889795.95953602
221818517.37331802
222587143.35633898
280557065.36112475
292772700.14762
319475125.6437461
353848630.9601395
340704926.1414837
446007287.81491864
454170921.82581484
498971251.3172369
511608613.231334
570844235.4586589
671416268.822377
702943829.9086347
803597103.8200519
907951302.2195171
1004244868.793059
1140016404.7542238
1299623856.3817139
1455855906.519989
1596301151.530602
1666806587.7593334
1752147322.525185
1689091666.9799857
1539837094.4416094
1370268362.673122
1240588903.0231307
1156136560.8801904
1122121457.2765708
1124988147.8881555
1173224490.1911862
1257602152.3379283
1341654259.5086048
1474105351.6252775
1613979762.5891986
1762331385.772201
1933352830.6407685
2183278202.479974
2309018769.0611053
2426057714.2172093
2492850113.355489
2368759725.054897
2262620149.3005238
2143118287.9040334
2034877861.8975086
1953789662.9338644
2011054462.0707784
2106283603.991171
2261216770.4246335
2560243644.4663715
2831039901.0801706
3203422934.8947225
3609101615.6837096
4072901622.4352307
4599335791.420355
5150843198.39501
5559427035.076906
5851377802.433452
6018295414.5323105
6025455678.820681
6002859811.046787
5785343442.454489
5572621462.15395
5255766433.290379
4898747923.262942
4580366000.654435
4206010873.617691
3983456196.7455425
3777021775.3988514
3550972856.338914
3385692439.9712114
3244231408.9445934
3104471728.34654
3051503928.86098
2985878862.0504475
2875712461.6211686
2848058629.86504
2806167104.763028
2775151648.2814875
2741401618.0737724
2703437832.447786
2712310363.961415
2677066544.042041
2584451551.7461653
2500900532.457498
2430940893.4471
2336488338.207862
2184706096.679537
2040001539.6798244
1911373556.5402474
1819105846.9757223
1727527429.8065426
1657205799.7914906
1521366648.0736973
1424538382.0600538
1340220442.3459835
1247076390.3251462
1253152251.7598839
1121854566.0657625
1072629214.7030365
1015669181.4564552
981333041.4742197
904305281.7742565
839081271.1895318
808167464.3913321
765943153.7711151
766777937.3251069
683842143.1173928
689001554.327086
620916163.6341308
568435130.2493242
561482436.9940367
548982559.0427656
530748808.25066996
470387982.3337122
449541289.9977521
460434589.99994093
446601857.7746198
430279995.53647834
384404099.39744055
360526838.23390347
370612250.57034564
350127880.39064515
348405209.93208015
314055728.164589
316326741.6627683
302612773.69166756
266684773.34000003
233230513.03826317
234894333.5849597
236936635.72147766
222147823.9778124
277580739.590208
229031432.082268
217427822.91199112
233826420.50402254
218466538.24001834
181872735.41185755
186451778.3723291
202392090.90222794
166746197.8375348
162562501.3282953
150170665.5379097
148470798.7132542
136531612.71763372
180059549.9794327
143352793.76854187
127292630.90823013
160652296.28143364
146620195.58852217
113552856.90973794
106913615.6077335
89934455.23259674
110361798.1047522
116105786.73013008
113227395.16942604
124003362.96936476
134698394.76351008
126328596.74283129
103999419.0957347
114601045.66483864
110694237.64905645
81974663.43393508
39340101.88473709
138874359.2113873
82261684.05767414
99364893.95771255
84533501.87897554
79989628.46102
96213484.36992648
55004339.420726754
88881947.43821235
57405941.497135654
78007793.32157274
96924429.86933002
93487504.74580695
25686367.357977334
61242703.28821597
75211171.651279
76041473.68156871
66411931.970079646
58313772.098829225
80677256.20739858
70423861.93499064
45911584.39416008
-520121.40965373814
34424329.16437566
50211590.316484146
47023059.340059705
89501394.73824227
47975023.48374526
55284038.768585
53207900.935593046
25272262.820316024
38684360.56459667
39088597.11284356
31938701.651894916
32946563.656818576
35758239.49052384
-2933920.687068114
18701191.635528557
28071189.201253995
34768672.52692441
37532592.919537894
72514439.87785473
26781396.35584853
35926418.085015
95600659.71270876
45434615.37779576
48905241.73576386
67523534.527046
28352822.26011368
59984114.39380628
89055142.14701185
57704718.86727077
74186628.74273299
60859590.78508924
46953633.929637305
70601979.68340427
79182681.67026825
90033549.95858075
109072727.75233683
108846734.1509109
124197097.16856658
106275841.23819241
117647131.2948942
133728770.81972302
133821034.55075657
99812291.56281324
83168793.31743118
72826340.5253744
102384967.02451456
122143017.3969195
109847733.30614628
149615106.64789468
135066653.83415222
147618045.10986632
131945039.62257567
154976600.94861096
205677427.75792268
186277875.61704078
200994795.6558004
148393052.74055135
192626452.5330757
231728310.86363602
197441599.7474507
224338926.4903332
208905597.49723244
227310666.35788262
235828453.70331568
275928475.1342999
242579374.6055165
284346161.24211705
316179772.60506266
326452174.3432844
390194182.56636244
408973068.91219616
396332003.4729666
414000213.2718902
486208446.5290916
487444602.2366818
490408036.8210921
515024585.4506276
536419875.5742401
506809136.3187364
566227009.1884608
553315951.6722138
542486612.6105261
588511052.0802654
579552632.2826278
552032665.2144964
535801799.6538973
572675038.9451797
611257616.4170476
585411733.3951774
557837362.2340055
564111347.8229429
567957309.5353894
544221490.8158742
506440753.7956334
562470220.5674328
511970522.8602166
491750972.93154186
537992274.149902
472459939.40205145
489445373.0357203
508102968.70196605
468885538.7613958
474106865.74633884
447007271.4114601
443434727.529229
451868092.86288124
440302312.26415867
424848623.7420837
415491747.194891
431139790.98448145
406369078.6924074
381736169.5103421
409599004.50970745
375481858.32963914
371666726.0413577
369430661.4830798
368935572.9421499
340524101.0729761
310753389.37742984
328444389.1404474
303193100.1276711
317983466.4055435
275791836.18519765
326355747.6479922
294199053.1785677
277806907.3106107
291582022.318429
249494295.30161133
299996201.14198124
281091767.8497744
281617730.4402105
230259054.44923785
211791470.6221065
258778960.48859182
231554846.19022226
216044736.53712913
236384999.39235222
199769043.76897296
211152483.17700437
224439753.8247466
181680597.90619147
190331203.2970181
148926812.66737038
155890392.28062704
178280334.3308237
175718695.26612422
170309748.3554365
151638846.1317329
169986366.57983357
174771504.31100968
172753391.03461984
157942042.82153952
117891426.93241078
146222147.70089552
158020054.72263545
128061251.17599532
119934702.19912773
108260876.49695973
130216409.33344823
66604557.39287299
166959179.74558324
174875273.63345438
246647781.26127625
221490152.11161548
238396512.8077209
235491172.92939848
285423806.1962804
266532589.1469013
275423304.9377687
304740925.4484896
333026402.1201867
325214756.4669121
308485043.6665968
293255420.5767361
296791417.9706615
326250189.450027
277482934.9767326
286393986.4251258
281178974.7659294
319059454.2731395
330170837.2945452
331811939.33137465
373296676.60306156
399592136.5238626
327953439.95543754
414020793.0824707
452283737.93601733
428230654.0680361
462344605.5786916
456415863.1707137
439758306.8514286
448596314.06677425
453485284.81472003
428913581.39072436
439096791.01494884
436772482.5492554
443640696.506086
473028519.83867586
492180380.70665437
504945083.11999214
555315464.5030171
521737311.1622174
511883671.0694582
581759566.0839546
580879459.9740899
542278342.2749202
591162293.7393334
576700625.1778091
616720494.8916405
589527757.432725
532117542.0122254
554355213.356996
529819023.9221104
475685965.01945746
455976011.4086821
476484823.1967431
466151022.68670386
433455457.8667108
460427084.6203945
476919068.5030298
432673081.53122133
412367567.84105307
380489150.8519418
444712162.65425545
380136500.21688706
411601762.7641757
374923828.5236211
346425394.19666106
340591097.01755476
285710356.206988
339563229.387821
246461009.7825886
274303716.63354456
239324230.89442348
200608151.16558498
190354955.90947917
156293080.05354357
163936574.38707364
139838597.01121223
158235649.71530747
113702734.93090917
125211004.48745593
102291169.361112
84692151.46302576
102724478.76131198
52726066.923366755
66512089.938176475
51102597.00155437
83801218.42425919
50430112.24199022
63235485.48673075
69563915.66977844
19705539.4708442
25327640.35666117
-1535922.9523670152
58114131.971115604
55838331.78775082
23106577.770399947
35139900.21833035
-5131682.073721021
-36223128.517266706
7385510.805815579
16028252.058328152
3393870.180280354
-7697927.162377998
2892739.7691765334
-339773.28418580256
2398678.5983247384
-15303984.319941955
-31389763.657023072
-28656690.481939815
-19242499.25190873
3516611.6763506606
-44857977.32169554
-407177.195240234
-294345.95021394454
-9797383.792792384
-9573751.387666099
-29898010.776898656
13504530.777192308
-13269451.119297206
-10565843.825333592
-1477362.3894388936
-24976650.471054234
-25261626.356005974
-41575442.49011934
-34405144.15198314
-830452.8098094752
14903631.440097732
-14163968.727540283
-28164677.980856974
-30062899.18100244
-16862568.594029237
4219442.558997028
-3741404.7913100147
-29870058.123672463
-5244983.967498039
6025074.286607803
-36938530.393544525
272180.8124699921
-22652322.461966358
-34908558.782945216
-18465790.854830895
-96881.42830746993
-12946520.495262824
4436420.135666981
-3048150.7158078477
-6859284.019650618
6260682.18784482
-22967848.207167797
21955327.5277312
39237740.88248503
24997111.87248183
-17295146.577136956
21098427.04323078
-23368059.46953601
13974460.735449068
17252025.693167757
42013242.773078054
62672140.82386689
1360919.5759767517
49535480.45823018
59688535.11591591
46301495.68144474
11226918.12926843
30089842.024070367
66430198.657598875
95136043.07350832
41432271.20405028
43562098.94051474
42993543.429496974
98174556.29346783
73180122.21149597
70578087.36025469
122052196.53592809
70158440.05683155
49723129.86990762
94330340.54791234
117902258.25549036
119517518.30296564
166845489.60574442
148118256.21087235
152478277.0644441
127138323.57246676
198152522.93588343
191591616.66023004
181413678.9106347
201316786.9619357
217126489.7452051
248371298.6467379
232660522.79641154
278521970.9685086
269580135.549631
309291237.7647661
352559407.4629307
382023546.775631
392420155.44477147
383274522.6458858
464639686.4064604
528391299.7351043
529653367.1842166
599340926.9394437
704763976.3234372
714944102.8930613
825700500.0256189
956547693.9200767
1107061653.4189324
1287987669.0787005
1408999253.9422345
1642396205.9916847
1750704477.1880565
1866103352.2464304
1934467470.518456
1839682239.509326
1746433428.2906241
1505857711.7345645
1372781817.2361233
1332201901.161542
1208564637.065506
1215488541.4816508
1275919360.408277
1349822304.974659
1470899401.3738675
1579497076.0290964
1720890769.1325297
1922395711.083245
2125833783.4927201
2346606358.0685544
2464834183.9000316
2639353619.3790607
2700769280.9308987
2559842151.990611
2450524728.4930286
2267139761.255205
2157147347.2338142
2120942116.9653726
2176549114.9360137
2260488362.7413187
2471103819.4408517
2722497757.2403345
3031492922.638122
3450397108.8472395
3951713229.55687
4475418170.692104
5032189746.661125
5565342254.671911
6019234729.800303
6368047388.488991
6533420620.891688
6570531024.47352
6445054488.392585
6308231327.47439
5969067246.948307
5629797587.078217
5306172779.604609
4880367403.16516
4551397282.885431
4228429004.548999
3956896020.5838633
3764178850.6203756
3550714936.2589407
3468705235.1107755
3312835154.7895417
3184742680.2410836
3123528752.4396157
3034761794.563368
3009920189.5345707
2947362482.850366
2929072951.373601
2894348033.611086
2891110375.092868
2869086070.6549697
2786004427.805727
2795424533.0526013
2665923898.024911
2519997400.613709
2468659922.206894
2341808859.307356
2280878079.627654
2082028565.0080311
1979551336.5270348
1829309462.3847218
1746255460.4440112
1658394343.4700823
1514226648.6266494
1454000486.1857352
1331055385.0010564
1248776912.1599934
1169372097.8092284
1099021364.4659138
1040540563.6338074
1010553836.5566014
892811637.520252
862187415.3637851
860944983.3366528
830572497.5605676
753089893.4282975
748616548.3287781
684951255.5758681
681088354.7964044
643938245.0848048
566188429.5580338
580168659.8978131
558085717.8669143
501739439.217646
474239322.35929173
457446763.48211384
430922193.15272593
426354909.08869463
418471078.4783517
399971755.3142724
301882634.550676
351066048.8655566
308645423.6158054
323241678.993893
315037486.8516636
255603321.5819187
259936369.27025998
315371672.7353691
286166535.027683
212812048.8586601
258740137.85211578
237055426.55929247
218565145.76583022
244447366.80419862
215878431.4530604
159316477.35256654
193174702.68069115
199824674.75443456
197662413.93423945
190913955.48996887
195127090.37895167
120216378.18374455
116048352.89438629
130991319.57336831
145045516.79689333
167578554.79068208
114021354.05146116
105397821.64360191
116308090.9145343
126229219.7618105
89781782.17812133
99522990.96794266
77881925.72039375
50320832.13987267
90813695.97103664
93301710.22919397
74615056.19739152
77568176.20504498
79795546.82679284
52835008.52128558
54064253.62781793
111443177.3493312
99696831.94745152
59881612.01054114
66057421.78955587
10882044.47018335
33285201.751038983
19522710.997587062
48251908.22914579
70891802.27977505
12702236.436629452
59808612.87922719
37653382.66372575
59310053.67020433
62209709.81388919
30579924.082008135
45286470.51821201
26229354.956204575
3174216.0618870333
62393566.792042054
35752443.51498668
62510231.28876484
46039098.495988965
28510148.850446064
30598262.586289406
-1938015.2068047011
60274713.90240851
23577356.969127752
24161161.363028243
19062228.51536415
29721530.479950245
2977353.3216053694
38939563.6563579
56499854.39591102
16716356.893910691
9458882.57574185
18386032.279574044
2408317.135335207
5787413.794156663
41655061.17886773
34968677.24572284
21683518.86854059
5807062.16416405
11415214.818144826
8577812.455486165
14843192.083232004
8828993.328274094
33971977.49793217
9208801.2934317
-11354981.639398687
22601898.375418104
43606063.933457166
20842791.06200799
32627737.680255342
50365521.38011388
41725209.04810627
74851872.62730223
43931777.32584263
76055711.95435101
83845795.49988218
47296251.372723654
95621607.9231534
88993315.23936908
75113356.02072892
48120186.4281159
114944597.1176262
66643997.52710844
69530404.82841879
73333198.49417967
40337341.8107478
112478431.64925107
81362516.03519186
89237297.95706213
72541021.64500438
103785133.43566912
110840533.16485159
135758507.38872612
140134406.03379953
170043300.53353763
156788045.71883774
146585199.05526593
169082637.3512407
163087327.2200622
201674975.69464675
181608841.8641855
170265734.25466865
191109355.74551296
223175125.38741055
224680853.4776942
206598707.78525284
241319236.13199353
262281083.5635842
294726648.4667501
323494886.3034772
302669571.01775175
340025924.1772246
363264281.38072944
434634232.5708745
471852651.4377682
508567593.251822
491390899.5925618
493890800.0499118
543899842.3622884
531770148.2742421
517610329.7919092
548080582.5591135
567147051.388166
556645877.6792402
552528767.5272611
553484609.0258534
573321343.3651235
534992989.3645442
581242621.1983309
565636521.8365825
551576133.686676
583964765.7653743
539232673.1069335
548883357.8430232
521015099.00408757
509976995.55669343
538552758.7314118
533157915.1105317
523160946.16447216
461147216.7780809
485254558.28827304
507269352.84802085
470702315.4426228
450148627.8023899
443389067.3928379
435932006.6503969
440922205.19413817
428408267.5417982
417876551.1081181
372652094.7506229
310673417.2589855
383706368.5244306
399071554.9772456
349583441.5271048
372095920.27455515
360990308.28217995
335831933.1479353
316177594.3615994
347781544.48284703
373997443.6897165
324074028.11895025
339876548.09078693
255063620.1689009
258740336.77354956
266726586.17508227
291996666.03150773
296993745.1216355
232622958.8715089
231760017.60879835
235688853.8004448
228686862.8870508
196481316.88676232
235972176.85999355
192957107.5537208
190255748.4349078
188696597.49047202
167613686.19117743
166338024.71264404
189771522.49177277
193271516.14057335
181523307.1600204
156773975.31223032
156351059.42617586
173910797.22082445
150744959.53602687
132955674.82731378
115043151.18424174
156091752.10944784
111867410.63213088
119759094.46879317
135091187.49097943
93295707.9317722
133452181.452079
109382355.93886462
118706692.90223037
112900599.2311742
86527879.53523323
83670123.58082318
72327783.53752309
89298304.82187045
107663394.92982271
266485653.65274566
211754879.48089135
247444348.52287808
267362259.97163773
314173932.053877
302106828.384726
305515106.7412156
376127111.600157
359981222.8386826
316781601.38022816
319768639.52686715
363760825.62281775
388069821.7541773
365886333.1178421
369249151.07914287
298092658.4844708
303299471.3108081
366880879.3443538
372708591.9687237
379927999.25647694
360818528.5711085
382695743.74131507
380408086.88296795
407478567.48279023
441457457.3869184
427825133.8563115
446406358.1927965
504040608.5268916
467126062.3404999
496326529.676037
509756832.75928825
483400799.6062101
473432556.86404294
468317278.1619569
491949062.6055974
495978711.13466966
526295212.1078706
503150800.83463514
530228780.0305643
580840444.1676396
561347440.748014
573059672.8796034
595255192.8463306
616203745.2984389
632255947.7409878
687111742.70169
637156772.9401302
654989027.2008913
682713031.5244907
593011923.3701826
632117399.8603505
585926993.0131631
589937397.3403823
539409510.6584575
549986174.6596627
523745640.5514529
497942022.2187479
536007710.8213362
481862734.94480956
498392695.4237716
492506586.75719225
552400585.012226
476817526.6783077
446287578.27486473
450753687.9590728
411272603.25020593
423071597.7299145
382426077.28240895
374369193.4042523
350105149.4459414
341102622.03948545
314777383.1960983
279143591.02590424
286240184.1024139
231086067.25309658
233013449.88579985
227894624.94890442
220141042.29446056
200410895.45099908
124914826.37009236
147212891.27241617
141649855.09658644
142136346.87947673
140224115.06042656
138420152.31488863
125636740.89688596
81807142.66283801
101715388.45032905
75120936.93741433
80763608.52208984
77584150.14740375
72695667.74464591
71856115.11538342
58773362.90582611
63684780.04047473
14603262.68754007
49786602.75966366
20369335.91997522
26414737.784052737
75252638.47625293
53575286.683029786
9508059.707915787
29170661.341711603
40172349.132223025
34963405.09591162
20583755.303582303
-19717278.33217723
47885446.8395295
41264991.2824847
39155024.07916406
9291318.774388716
6437545.416553207
28016250.987409975
53424634.71917543
42139053.30580555
20935381.740716964
21466228.810268234
15185139.714859242
23622502.442694172
4051175.7302488945
-8167590.694298038
5797085.85447512
22871107.40188012
6725722.960347014
48409049.37070011
49144843.94543332
24421887.182157386
10785706.842265975
59494682.646465346
23490929.491531532
-9216961.248074535
22860628.574737422
34376803.49830501
20431586.3725767
8757382.52381154
24027438.533370428
5467158.219715979
5589030.317997271
17575805.06561429
46717313.72414111
4889427.85342045
19179487.411926024
39682607.01262821
23848959.606915705
23393856.149626143
3456761.8108936585
20835453.65825794
50987819.04980423
27754668.39813661
50472159.07069671
49519741.80659256
31458874.9162678
20934680.94755283
14171004.408721464
60582917.12776187
64441005.533119865
79310906.98104861
98338058.78281519
44523483.411645055
34375940.447912246
67796941.36839502
55842124.317186385
81394356.37964886
70361123.03317656
72323031.09989579
62116178.37769468
65577386.81098123
60535457.46795849
108055810.97187206
109431456.47913718
118794867.42898533
123370870.81824288
105724531.65249784
141463720.49486822
83688135.62026933
157019321.57932854
167903015.63753572
133649674.64676034
140257791.18441308
156055479.25201082
137806325.87232703
150017691.49209398
240222920.4238215
245784182.93153313
185491898.14968255
222763855.61953366
243991083.89516637
245656712.12517282
246694287.73522288
257268054.5827919
305802413.5172857
305775271.19230723
360558772.25961375
339771748.5396871
403762844.5745952
420999477.6864482
410734021.61053824
492302546.3040724
536164357.2028849
573227318.8796082
699189497.6048349
732576655.6191602
758178248.4457704
880158624.1681385
951625379.8648338
1115226093.3845978
1259471374.6622589
1446291425.6836946
1624409103.2716255
1863273921.3423946
2039688660.3131757
2178078133.0264645
2239359426.9712615
2148583389.334488
1968015510.098989
1730908781.6824627
1609318009.2662034
1460478317.6589184
1399916073.2363145
1406307190.3004918
1454432871.9012065
1527528729.9427776
1618835044.5191426
1760277294.9691496
1970059369.532094
2153276238.0512004
2350000367.258188
2556696182.9181833
2783466198.1409535
2943305659.4596624
2941497594.284816
2864291199.0001693
2685605427.424217
2543444027.25483
2401694498.406884
2344232639.3551965
2391895572.2936606
2531704526.0080366
2733420799.64126
3041409041.0730414
3423088838.0435543
3853782587.4806385
4383023803.37162
4971313932.89084
5551660409.585482
6214574018.653106
6705048277.20614
7029991303.408593
7226652836.140507
7211713027.653891
7135284578.592076
6860261677.3795595
6589318871.329711
6173466851.677931
5737038742.116192
5328398579.870462
4906188559.128035
4594157127.360399
4328307787.29646
4036482840.506234
3884673742.6360965
3741579066.2291284
3582742361.3311996
3455154406.389164
3379368407.1146865
3334915364.634303
3216276613.1065855
3202723194.1151843
3146412029.5004363
3149315172.3373933
3078592849.218123
3081044847.951294
3033487343.1603336
2892632866.102539
2885159990.5518904
2816070557.9370317
2650859105.2916045
2491572127.6880784
2337958501.3480363
2237135763.2719326
2062586798.042407
1949923654.4575984
1875415765.0499446
1744373437.4841366
1684468381.430538
1520617538.7367153
1422098096.7020836
1368024171.7457206
1316333658.9378297
1232631721.921805
1155243531.484919
1116143491.5159152
1023995176.3723539
938739551.0265265
969629204.3296489
901250068.32797
839970191.228914
814442671.0698766
791245882.4954413
691628478.6330308
635347497.6249086
667022859.8842875
616149882.7399127
576780580.7233131
587986049.9306734
578940569.6456128
514188617.31437695
491199980.29644215
461531550.74356306
484010954.95798385
406632255.81221896
413333256.991044
386032851.6673575
400698238.76502335
386364065.04744303
342535292.1817435
369553213.9533231
352560885.77832377
331246898.45571524
351430665.5326767
338720996.34019005
248848803.69199595
232226326.63746488
259631008.20629978
265100605.7869066
218503649.37136415
241304080.43530515
209894914.39838576
260089710.28742445
221960463.7542531
203688388.57655284
220609802.18050843
204697810.88017407
194437802.25655377
144364673.7497343
151379198.24037835
172429305.52610475
141425424.8898935
148029027.05938038
159657790.27799034
176098166.87526387
194833786.14655477
129973161.8878519
151179626.70094118
129079141.444624
138131416.0408899
142223385.58496872
140086546.0005908
129757060.3901712
162990263.1581767
154936770.3966362
91339993.12379842
112420729.52314003
99101615.42516036
60007779.56719455
87864106.3249922
133446283.18970698
81196950.83726218
75668082.49641222
128698080.48866779
46202012.60837018
43015384.52881732
70510040.58868386
54284738.507981695
84973434.79773697
96032543.4762125
66793682.56365152
66484249.52453103
90826725.29292527
34724934.987572394
92876853.05019112
77382908.41570996
87516654.53893064
64430547.885363206
57799767.58434048
86638288.46873619
73995373.1079244
55147457.22597728
37250640.87129314
43506609.385075316
10445572.996713964
54923034.98018948
46782362.51349631
64540356.79381229
67656164.41385128
76589433.44937003
52710714.00005231
54166105.71073544
78503980.14198129
45426887.058325164
7191384.089573207
17940439.017449673
37585597.971048936
51106035.35312233
69660100.79376957
66096125.87866741
59603024.77160964
22257976.58431331
33586166.89610557
48343132.90035243
66010005.09446736
35981792.11170785
-5134783.628285734
47508848.945435196
62345297.43270278
68517502.7914507
111621434.37550706
91916948.83305451
111334717.64341632
103380963.06259803
125796813.70741257
147194682.11424464
138098688.7679875
137635169.51696014
127736453.86747316
131061918.83353764
142889775.46143055
153876926.933143
106948293.25380023
136946395.92948246
126091705.62264273
116705841.59572223
115244994.74458149
153405694.19210637
175763384.2486609
126566873.72949985
126887862.63276842
175990638.86453652
179183180.45021728
161531707.62195343
226292325.70425022
227929104.10579503
219751257.07304597
224380256.7220045
258031726.77288237
227703890.61518615
259251509.7959597
270550696.2943566
212326604.43362445
240294754.48978415
280182950.6631879
335660773.41961896
321934493.0286688
310669216.0033668
382409105.54082507
390292915.5605106
415037736.8812971
496615908.44098717
464751944.062513
481027203.4208063
518754825.7252492
540207025.583055
579363155.0850697
600547932.0065863
551867005.8716547
571696791.0398899
589039066.6851743
563902858.1234679
590720140.2762746
629182211.1509429
626652805.8850613
612388189.3642675
633538731.712046
580388243.1966752
586864001.0512973
612892935.6701946
598366798.9675071
609074796.1359049
616673905.3405901
574445761.7295142
588975707.826261
571497753.6226932
553313298.2482748
549625578.0408969
543951356.5659581
529588490.99099004
503854304.77821404
509235002.2711489
512941339.99744236
487167864.39459217
480250510.97070116
494394996.27110666
478889078.4823752
470943085.4210113
440846794.8658001
461096493.4193931
452664708.23744696
457630912.2972878
432961273.25049376
370544749.8312478
398288508.2424714
446199478.7465688
388268185.1724782
371375817.72057146
358753784.68214285
330140522.1133835
335163243.3552538
344404078.88620406
306289937.10425955
322132845.08357316
350246487.7098232
310706922.2274023
256944157.6615833
278408095.8674951
320539370.2818902
259708265.85736662
284291505.38632095
249600441.40429857
253120282.57734776
258319828.1903199
267538823.8564371
228552787.40446866
247032446.32511514
193535160.57874116
198050051.5273595
215731720.56474304
178185711.83292043
222682560.96911237
173707501.79496378
170093348.340204
192037721.24165067
189159896.08593422
164871483.68621773
215710177.0627222
164546768.88205844
190200603.47200176
134060400.19932538
136496147.54209664
139454234.2625156
138314679.31863043
140602189.03714395
146299567.0122987
136451669.78082746
91576421.11288671
130970596.96530075
109780271.31538415
200217889.66686073
269049190.01295364
261319891.75398594
293438771.75828433
286927098.4865412
290198742.76675624
392250076.4446265
348561419.8187604
329279990.9078072
349433669.96821475
340404157.03384435
352994827.1570978
363586490.2893853
334045096.55464435
324602950.81629676
339793056.68954515
326230451.25269693
344750850.04665464
365163005.2252441
363741391.1599846
429936164.4565835
402161091.84638625
368882425.79665166
419618542.1338397
439560083.7935572
469745738.565771
466502113.38417035
505962874.27940905
520659695.7075833
476367865.57650185
485156768.78458196
502696180.55437267
475282371.46791404
457153886.26226383
472222158.63725126
499989149.1544404
517836149.5569784
501964423.28169596
506665327.2589402
565310827.129366
606073120.9660497
564219530.4462333
633682709.3260288
663994964.2844875
675982904.9489856
636338612.22789
644026644.9358302
679082546.5659878
609635331.0858372
656716613.6488181
610282781.2976658
606500296.0784365
576813920.0992161
552532231.3801547
531380402.6784433
529177617.6638203
514660723.41188884
470098883.5835154
558280377.0338218
498461890.1217484
453173301.3047244
493969817.06175303
468902527.07033044
434508448.21881276
426035285.2508674
423804326.4641664
418553052.54758996
386886897.3024834
357652089.9882921
340220004.4998419
301342871.3492501
297134745.2784229
302098289.23452324
230552946.66112733
203280258.1475557
227881241.66286662
167414818.72059953
194413199.52671653
203903987.53027943
141838042.67699182
162459877.76749495
146732754.31491798
117834846.92857292
79740014.9445762
61399799.68574475
91623485.78119558
72388605.33886692
68317626.38781802
77332167.63904977
57174644.81964724
88612832.63292812
60331845.00091775
26251013.311209027
30632867.362767033
60542743.47619992
60875057.79595482
26140015.477368504
10866473.692114867
-8717357.136572935
-11336243.580371708
-25313859.66338211
32920107.741323523
1796604.7299172748
9761508.950523619
7459316.283991015
1652496.3825744353
55951981.22372005
29745305.471062705
-4690119.454881835
-27580653.749104977
9831621.347232152
12245952.858131072
2034373.2638699263
-6634042.054260094
13528003.65633374
-15696902.292530311
-18761550.807622913
-6464771.147635816
6704453.271301564
39682357.9949044
18085250.91141149
29361102.3520941
-7635425.396083393
-28885751.37702471
-29883515.248155147
-6949352.3461207505
-21743093.57699709
15539563.836714815
27933908.114192408
4181562.73888286
-1205199.53419682
-48809167.70600044
42517536.420627125
-7814565.330184046
-1903616.205101231
43352059.8431306
1763902.2180901896
13326236.696367789
-1757997.6529391622
1851943.3942649178
-13853146.289984904
-10575681.545390781
2654391.6455993187
6896693.966490306
9561205.999524452
56745731.486804985
6529635.514342144
-25019991.755233634
48205813.15066619
18620060.707427565
29706436.342798475
24585829.033985194
6710480.6692126505
47571410.87202897
10101893.363438703
12600796.309639864
32566809.387950666
39819476.0186528
62954656.03586084
49468394.669243455
48330600.47598775
53138575.73328653
39894557.05579585
97914716.36135432
36673376.56159008
72646366.3751653
152650155.64529476
95280231.96449457
120926668.18887584
119550768.17529239
82875885.25487801
108515045.26453677
116285638.5318867
43060742.46502751
129422944.87113103
105860045.92804252
129952099.46210805
163214404.4164356
112744030.65927939
168863528.223513
183419416.2552694
152205318.85879922
198594911.9828609
201327009.0252061
243571502.22364473
209407235.25123733
191874553.17774272
284691216.117511
239400754.15059143
339068382.1786904
309667440.5057018
361186507.63080084
352098935.2845615
383453255.4161416
412705591.6149174
436608840.34871525
489182030.89693576
523880084.1755204
616035037.6468168
611894628.2866914
691439425.1453327
753125248.4776311
880132931.697548
920263266.0985948
1044987389.4718417
1226886827.9886327
1403626017.5985851
1614259939.8946261
1864378830.9540823
2085729131.6298988
2273873515.5173707
2431913616.7432404
2468165624.240547
2418722975.30583
2255382273.0039897
2015078148.9638944
1801821653.5401416
1640642341.3273146
1572128322.7218044
1565634010.5314271
1600565407.1657462
1662567216.6892319
1786479656.9042916
1950688843.9790175
2087840473.901017
2328970262.4789395
2562897343.604861
2782168365.623814
2991172604.701206
3170105418.4023867
3230405536.700941
3175036758.0758123
2939065089.1510997
2767802552.4810514
2636255417.529221
2599268009.1809926
2666330077.271154
2795923032.2299967
3031343022.6415496
3325854386.299636
3753943993.0418987
4229156943.989173
4797218181.682088
5442899513.552486
6182669807.014011
6826881851.083125
7424409107.949862
7751398623.804348
7948887139.835066
7986504882.598452
7810668700.886187
7524183258.188651
7186090731.62906
6783102578.721699
6264543599.817291
5799864066.591908
5348185666.736014
4960362995.211461
4612846111.150337
4371413102.536437
4089529378.252679
3972429880.4245167
3841089600.24017
3691760192.0382013
3619043757.5599194
3492503784.2968717
3481769580.78783
3438216972.585265
3404551093.180015
3362038426.0458927
3321121455.5796814
3292397948.362844
3236959291.351279
3201129811.580391
3087779388.5034876
2967305681.469996
2820133720.074485
2691354597.7477574
2544030664.4237604
2368824355.751558
2211902896.3018575
2060356832.3049123
1940780266.7788942
1829408458.5892944
1754736866.8208978
1589825968.7135687
1531792097.7316945
1443884720.7090957
1329252913.5289936
1259064228.3968952
1194333574.5792882
1130556149.2332475
1045652977.6090328
1011635729.1161305
996317077.8556356
914783588.2514995
817024706.5532954
828672132.8445847
770037627.0757583
721653117.1456872
697599867.198227
676138180.0951172
662837550.8217647
678684102.0455725
594319683.5033445
568644487.4552277
507535466.51174223
507572950.05242175
517798387.4429696
456588999.4750026
484838184.56879723
442876222.42435384
450111516.5048975
383866043.2411901
401821774.19749314
360949661.7570606
322953470.3387856
304655843.45709485
285460131.81545496
294900758.1689367
290323518.38502645
271214321.276145
252616332.54962468
254992800.92676845
260574141.53116712
251742784.60678428
218620001.9021898
219486135.7708675
213835961.20498815
213153899.20229244
163224752.94895047
179245292.14153308
173014167.83017346
195201250.5956248
185052159.18981534
161638850.65201265
138906173.45618838
158480685.90499258
149174305.29221982
183885295.71901456
179381656.02243957
138319115.96023777
125037210.42796
92145152.6714033
150075940.4346683
125723408.32447693
125839995.90398498
140824931.19841853
101948334.03717655
82049498.78482588
89126915.85928507
62312993.587434754
137254067.49274883
117124950.48728944
110614746.8401942
65941699.59357982
59866573.79806981
68346400.4457765
61522001.52026436
70021491.62132654
69720334.3995287
126477024.78485239
76941151.35070167
55790884.65988976
49929933.87432558
49069910.59005962
57160310.22147523
56757367.21841475
50677523.64772007
68042519.75961787
16359641.76891506
63126403.02248274
76794813.59769087
45764786.50452973
-6669500.8945182115
48393271.675536156
56110766.957026854
35818530.50060815
22085538.958323687
17552075.955150187
31302818.933250308
-14932941.502456523
24713133.398822237
23456090.907382846
34931444.27690343
22178813.00164563
44276936.38423415
15417796.674432687
7496579.580198973
14187244.488126911
51786216.46785844
1859286.6038168296
15504095.756275227
19651060.18588153
13980868.860691123
4068120.521052502
17310550.5539994
30777025.31236633
51467050.4675654
71616005.94672652
14885678.227094166
32854751.29559371
19874431.929390438
32437613.352810312
20132866.544396847
62899488.96614908
45632101.059041314
73965579.99060795
79710234.12742248
123102511.45839304
103528432.92121315
95120943.11525998
141338201.8566669
122614628.44907469
81379583.41712153
99461337.28419816
100232157.6811579
102782898.25247177
112570105.38123932
93703579.35631436
115815514.98047937
88102903.6371545
143526623.9581771
125188931.7410512
129730116.82512851
118226693.43228492
138122981.97097203
186560749.51894614
202680906.18209296
166903917.22926748
203045468.06385136
187733330.23347586
213333241.80654132
208679787.45041728
191631199.1655043
224978205.05401874
197079461.883492
236839595.9947428
228824599.60007653
266903950.9134388
265144504.85496193
280020401.34145373
284373340.66306365
346869754.99330723
361682608.670933
374205525.0108237
426740140.500208
457706385.5820131
488638178.71112484
505231645.9858353
526225646.69767636
532672417.2459756
533599391.51823044
565218333.5115098
598540061.6269927
569426787.3443184
560985922.8490722
598017479.2418954
614621544.3592106
576744933.2936403
569004111.8183073
608752082.6535199
626200767.6666394
626099095.5384097
596122937.7250296
601942504.1116889
669075660.3516344
604589402.819985
606542176.9473228
594171761.794584
587995843.0464985
585463763.2662147
527819290.6985019
529203867.1301131
544978802.7317704
569444135.3417106
565289068.9587891
529303975.37461776
463984208.17248046
462570117.9707796
483005401.42707705
488048991.7104182
424046532.6786896
457137050.3090493
501344919.8232884
415950825.94237405
461332546.8242877
452686648.5216006
405924711.25473773
430326848.8647959
390756105.5790342
379835475.0872465
346469587.3653049
374188786.4338948
359951035.25358605
337404021.6037214
327049487.2942021
291666939.9129741
323584869.87836725
296407024.41826755
301408465.50898355
274172029.0729059
270453702.06774014
250278797.35353646
257840314.23815063
309115947.25862867
243175308.75256652
293756656.85272884
259136137.3075806
194728407.10118386
241401343.36031204
195053991.15657303
230740430.5735144
217775710.1108317
188151606.0210779
172853705.00862825
151894972.21831825
192829022.93019933
182867183.71703666
184469876.37015733
166570895.02391535
147720760.97786444
165818655.55830038
165434397.0131215
131250436.69937548
136535785.08352336
156302627.55472118
152948390.28058082
143104847.26959437
116887797.87267867
146185205.3562505
145811459.98605248
102105414.93343362
120190228.1336881
143041014.2390748
147881046.74000928
254729866.33205718
279952544.23600715
304394151.08898365
321207504.9068491
332606652.1256926
364259854.2848343
347693937.1217261
363134110.5878792
405411006.2425132
434976734.81722707
409263835.6888702
387850793.8199113
390343864.08465827
377024708.55472785
369811634.80579734
360765391.5373221
371067892.800389
373844857.7521655
398213379.3236403
413786917.16419405
392748231.58859503
428344927.5319396
463620497.28903925
450156377.91870165
490088458.52825636
468906458.0552472
469707160.0089413
516635817.313036
529436410.6101872
580830199.1158437
551088413.2836229
480164753.8687001
519105099.30080223
549626546.8419619
544562357.8529651
558105284.1337482
554286288.136243
563426145.0930548
613199486.5411882
646402529.769524
623559140.5279053
673607528.7284411
662098518.3648757
664604206.325408
719604669.0746094
753873390.7829394
733986086.7763005
727485949.231876
707360177.101909
665439269.897375
679510388.2026931
667743758.5260723
635908489.5284256
590365161.5274694
615805779.1191425
563403106.5622985
593151311.3506405
595032943.2600598
520063011.6208863
516434253.1264062
513572423.91300714
536006325.6615688
512557183.7971897
488401634.6900146
496480219.24441093
448528495.07324713
446587760.16513866
421256433.32199025
404984717.1588433
420256446.1554826
348554591.9228968
335179668.56923
318008445.8817844
298900306.77338463
262444491.71097186
252974005.7929418
226780464.09836146
205427421.52254426
231427992.70279568
168092982.1160774
135130263.89858317
167461336.6587604
144546916.53303856
146232951.53862336
107944267.53146745
130547315.60480398
109016608.71549006
78374437.8990026
126288852.57921728
63006716.21669291
34308664.92181851
41585083.207269154
68304638.7200451
70822106.14374909
85326681.66002016
61099498.47261169
45454460.35956947
43105176.69969976
29057153.716904767
39291278.53348323
59104925.99140993
62039185.715332225
46860489.414221324
43187788.30441007
30020260.25150548
23688076.8181022
-4730812.505970568
3737301.195203146
48462508.07976103
8711963.11406014
13922622.933841381
29768435.210429333
26525618.59403354
33974824.67058171
41170958.35012939
20581702.142502517
-28894176.494825494
39532744.82015124
17882775.97086221
-37712671.31801764
-39053296.62780831
2127698.45862405
4983868.350936679
34700447.17678966
34606158.86344491
12667279.702323653
45993054.88030267
-12497350.803522777
-32437075.194887057
4180912.490619435
12310448.304332156
-11569968.534599543
18617319.460278302
35430805.70122699
20692676.825075004
33213516.747433662
5034653.801677462
5599491.909877699
65705670.71810665
52343524.94894326
-9470366.078058299
14846529.122162461
46874541.55565375
7326737.239024633
39023994.916525245
5212843.538075225
30260079.252913203
5871618.342711695
7285365.671084923
65006383.674197175
55399536.06244767
99413490.1253792
43422025.053735435
38298878.542019755
64399931.74571571
95704997.82012734
86112205.85510279
91444192.71245399
61301728.17065303
60385866.72798903
49820417.92049446
70160380.04964797
107017568.57079883
104652101.4585083
126957712.82028417
68450290.4233061
106518498.69135737
112778574.96623407
123283564.35641481
107203124.77459869
138806493.9665114
176898748.0060197
130280964.6367172
165449778.28355646
166570168.9856611
125913639.35687593
171778823.11185056
199977761.5902375
164106387.70772666
198685025.29199713
179450022.12084067
194457416.87998506
219674663.43851203
241486409.34940434
258189724.24623942
257246712.48159522
306361474.8308488
326931754.5575386
302558244.7236289
341493655.50421053
371762678.4279562
389624153.0465665
443434563.75277084
426489226.4372095
500968106.0590934
515666393.97164834
556601923.3851163
594135848.3620142
644610678.1657336
748688354.8881936
782561062.5455201
877715718.9125696
978503314.8431561
1113449474.1505127
1278682833.3556223
1405665458.335044
1618073478.6832302
1887866983.7458491
2142868166.3700776
2422502297.2865067
2671198835.45065
2824275075.435396
2896571171.532795
2819447727.09132
2560077570.4858403
2317057079.841842
1986251250.0271454
1842181020.0616019
1747282975.2918258
1732435064.80772
1784303721.5310626
1839637289.5135257
1979018409.3559377
2132723540.1806974
2385523625.6959467
2534082718.4839706
2813917483.680114
3087285957.40712
3340889519.046803
3514877060.2670355
3570955984.34271
3494594186.9832273
3323092211.4698677
3092196846.6577296
2917502628.5557375
2896255372.417816
2940334197.4188695
3160864539.3219914
3451086243.114726
3761171756.8110604
4191687640.4612246
4767315190.76073
5414527840.320351
6132478686.186884
6890925325.192659
7663266137.819585
8230044094.12216
8671031526.107845
8915944030.416807
8923502412.343004
8771092938.522663
8413861796.998172
7969804198.2467
7446756904.074034
6924605545.010431
6366058339.570843
5889494018.478535
5472883664.377787
5068429727.893058
4794745802.3713665
4534847948.593185
4342041399.34541
4196837285.8508716
4044752546.213855
3937439409.4510922
3860935257.952157
3755215243.0443735
3706453833.094437
3675463125.7419124
3616580904.5458417
3613411936.8425565
3596201290.0455065
3494785960.5157514
3457302559.0638986
3366620995.0091577
3229700803.1904655
3111052978.7607546
2913830455.81066
2809612248.21846
2584956193.955346
2473090366.231443
2298150239.8935204
2158170897.772741
2021733314.8970115
1870375243.5741808
1797263161.4401736
1657696487.4112926
1584554040.9891667
1407842852.2366533
1407726359.4080777
1331058024.731507
1273157621.880381
1162017870.5738716
1090319627.0532475
1075742978.5135808
998437110.7185076
972401632.3035444
874208433.3333235
883272825.8334645
807535717.4154811
748568090.4748348
750130071.102179
710707831.2799599
670196210.1037283
641608269.1637005
603441464.5219656
596771378.2881484
550483230.8496749
509225967.47318435
541912695.5135809
458180335.876673
473164745.87468296
444259618.7736555
408130277.9760299
448785847.6132955
407886099.6303801
388620501.6803677
390099178.6914061
366736221.0217125
344951969.2894223
326992817.65921193
254760786.46504465
300590986.6581347
261877796.56911722
298810360.8928735
294944186.4220918
255972395.45016617
249544058.7782013
213727898.6350824
253146301.4152476
218855586.43437332
240822791.94218504
213401675.30204007
213955522.8913238
172829606.9750173
182229546.83585578
223382603.79287744
189932865.33972046
163795413.8546648
183963809.5957701
165313762.48236826
165287500.60702384
190723749.85478312
144935732.85695902
164307910.21527895
138378629.91375875
115862065.71106455
125110130.76693636
115178761.68327244
117569532.10409948
115398478.80545092
105839985.55551578
106278665.14358145
130334155.07030052
116074608.38750742
60826333.56539915
70207714.51836634
97747039.97915794
87109388.58547463
59980466.243848726
71373791.37432368
95912891.75580138
104602259.92789185
95113896.01607987
76460447.73288555
70184920.80385633
45992832.61226645
59759848.338880464
81680333.19724463
35501290.57486123
39182804.24211764
34068925.72440859
33319431.501542695
33967831.94171191
41028268.34121324
66183367.08868228
47919894.49392679
54602400.842525706
17425775.02839949
53228094.597688444
47754615.83004354
30251352.75432928
40844789.83910863
38233481.45959929
55998945.735649735
29685236.946294673
33165500.565366827
24050591.817845922
63761840.70341808
48940358.12670087
36722251.794169486
57924204.15846962
44116112.7964619
28774213.719113566
4304386.8671322875
43778585.79660334
51342573.927817486
37954554.45852572
-5112601.387028895
29181619.26113313
59849501.2268891
57805828.00109447
62277469.110863924
61225302.147787094
65964366.875644855
67592090.4616871
82509911.13874795
86561353.79681224
130466383.61364265
130437659.64730948
110465812.53763533
105717124.76492342
155616303.55363464
104707332.95959315
130448151.73309612
138892832.58167085
95593464.00446092
125990444.73753549
84991579.49172647
138918171.64595705
159230490.11830857
152156437.0378821
145808283.3719644
84131571.64144969
168903851.98279253
182017535.1608923
159053227.3040691
145375843.80369154
171679140.11501858
246027139.55263633
205961688.17664677
239771054.52211475
200208527.8939034
263175559.58722973
280088809.17957157
258087404.64979213
280117081.6692332
252810864.06274804
240561521.79032472
281087555.0749717
276626245.1854573
299241967.75131416
338304791.90232587
328756284.1882749
396514456.4428294
430210596.69303405
473207053.25886804
477896512.58316606
532460562.62297267
534219683.73052895
546732696.04308
570817545.4108813
595202634.0775839
644849124.9152731
655881434.8931521
620269746.2593145
640450166.23721
595680724.1958785
643337188.3267802
656296405.9108067
633117504.4898467
668646642.7276556
656283707.139492
677791486.2809016
650834109.6135706
684340539.0325556
643918611.1714965
622983591.9242461
621959534.9278387
628136728.5184783
607502603.0587754
645318822.0311526
596644314.7491221
598264783.4572484
536388187.68884903
541758840.8640555
548964547.3640763
522992363.1639263
551393501.4679695
503068146.5064264
507126464.37744087
446642899.2655898
526229568.9003005
466464244.8355831
441866671.0970966
452663763.79895127
432495425.90148336
443053723.35840976
437235512.90093553
382721807.84398663
372745718.74783903
367927455.1484543
411104104.0907093
385002962.8212484
316125799.9912149
407980593.5118912
373601445.85866135
357490795.19952744
342594109.45729554
299743842.4139361
304796361.3499914
298849580.6562189
321336379.4758645
365196138.0434363
295673287.07076555
262607100.69385082
282364171.5767575
261078387.78677142
219610397.14346856
263769740.18946686
258616938.50676993
237851740.44906312
228554498.53743762
204039845.30862477
205475085.17650822
202179361.99084732
199689141.22967958
193538589.17424712
214602102.74702474
166826941.91131556
203314669.26419708
190996483.32932758
161312408.46113354
167025235.26002836
192681995.0094755
199252154.55444625
165359649.22377923
156745986.6731615
150137161.52915648
193059224.28112435
142041045.2344869
121639836.33320254
100303574.60969073
138457214.99682215
146263922.62807152
73453377.38789913
278236028.57979417
304202842.04221815
316650026.86140025
342705079.4015616
315919392.36183435
388762166.5953392
402917635.1959768
431035087.9463186
444402962.27980244
429230996.94722176
427812270.6996812
431225425.94592726
462792415.82862616
399825420.19284225
402567049.4652719
413031334.5463799
423940928.5433684
379785264.0205889
409942574.3851823
404189648.4784425
434864404.1756048
484053073.2519226
476725894.7944898
530564252.2846103
521557130.81911445
540890429.7404339
575773246.2390097
590743201.9272418
602163410.4945489
544198486.1334984
562921395.1724198
595827340.9162967
554914357.5264169
529109183.79038393
548922349.7486048
584806650.4290094
560154346.4725451
611744722.8405437
648617409.7170117
630324163.4447262
656593744.2947047
719369609.7241178
714818494.497373
738039775.2972131
739110120.8278486
759447313.037294
769829673.1722866
738353189.6243912
737550906.0955759
707682177.3048487
715014131.6962303
669894030.7853765
648349405.8494633
632227367.6881194
590155647.6754501
618341579.4747187
629630493.6562058
567380167.7898076
558397203.5514895
559243781.850434
524636154.9291557
535076495.2468033
536784145.08532435
496083513.80966735
478052388.039666
449368300.94239545
451674874.4329325
431939378.22636735
418244106.6891361
388067263.9551038
389699961.2378739
359606015.61881876
281089057.6787898
317186199.49631107
274020684.52286625
228472801.16463137
210179584.76656458
225365227.90213698
181926808.20690206
159297277.1739057
176753951.21487153
131594416.27676514
118970316.32989322
89848367.20355521
96351124.55814645
111681523.74845481
101486309.50161994
111994681.21008423
88511541.23361757
69498265.07184742
80348045.8555304
89112842.15507114
88702341.79476991
47429571.26684977
52856692.4257705
39824222.636815205
49446047.939004056
59105615.69244484
37568817.50815719
69447005.06698805
20116250.68316928
3830702.3482012395
14612367.500000045
12721872.383366589
3646375.0573366145
37664325.63508181
60757588.978409454
34187220.82758245
23419917.91544996
13830535.74138685
22061391.83614912
1056766.3651502263
26960171.69183014
10168151.036534552
22362099.17829045
6172600.789761173
26665083.878987405
28860795.169594124
24947550.095305517
45007261.25891944
3986435.055604152
14135787.456833448
-1022963.4267445942
8860235.060074331
23712804.8241738
18476164.448544767
40849569.33724499
60212993.77739486
-8985683.086295264
35066153.97716268
12604734.029997056
26689034.459424965
59192556.1293107
9639703.076617913
19773775.597866602
17289995.922725037
10819360.991806746
-2227996.000352796
5514077.72397688
-15988317.264056575
59660426.48005943
65530336.577049166
33332080.409963872
33738004.47961532
29676820.951365028
51647509.67658976
60441743.15226895
71439612.12107185
66645239.049866125
60653316.05837516
74824650.46232177
55811652.58459184
79005756.41207334
97992030.94279857
55007285.911862366
60242583.83544882
67624171.82827024
95757581.24507524
89959094.52792418
106963363.85900411
109733603.6220488
83321430.77607837
106719039.29371925
101532593.14379758
106337988.43323812
91748672.67656419
123566703.42220938
134924883.69302496
129025694.89255339
190296090.19127262
114454819.99605134
115736322.82942073
190209306.2099874
179627561.6288148
182179195.4624049
177378121.23516265
210236774.02210107
198738809.63777897
200693878.82079074
242799743.13010508
221562544.3617552
264937197.57510224
272801428.74049544
269284824.0328476
312699981.0275555
311156758.00043297
317585261.8494126
306162316.82700294
355814251.40815514
416954084.36210865
395826697.74561596
436059032.474681
486627320.4147689
497165717.8350022
558486936.5661416
603820374.4003993
665407605.7932963
699494863.848484
746379057.5210772
830291555.699439
881955860.8197368
1018509344.4420213
1096610575.1574047
1236225274.6251535
1442386808.4455667
1609518359.0785208
1880767529.4519036
2125685370.1791725
2473051542.035259
2823573447.9226565
3079646616.035967
3283512900.6817636
3384122994.5510936
3280782338.9138956
2972641344.46409
2658859327.5862513
2351378142.056611
2116878962.0807357
2025846935.3909845
1957151178.017233
1965578261.708984
2080169493.4948115
2143053715.8761275
2358898542.956642
2576127257.2072697
2828342871.3639355
3134722131.0702434
3414475193.1172676
3699797284.55123
3950828805.8926797
4013169611.8106174
3930663336.7255864
3776422946.1251516
3506574236.104314
3385721787.580331
3321735150.4638715
3397593518.8594775
3594436289.1273985
3864686107.0119886
4255884452.8618317
4770190403.18968
5397298834.941379
6085938957.72145
6885892873.433767
7802446593.153322
8649080174.501734
9351288319.259544
9790617280.728569
10019966062.214773
10018042042.880772
9828893270.482702
9425081411.600506
8903613546.768427
8337311369.365523
7677385931.415754
7060392710.106987
6456958119.317111
6034025900.525707
5548466981.940977
5218264821.539259
4952545363.891526
4731644502.731077
4515047618.3557
4369144580.667082
4262397209.7667737
4113367197.771806
4068311516.636259
4029901831.120742
4029811059.3412476
3950172386.8926516
3924511902.9441257
3854071709.029565
3816215577.0434155
3729113977.4092216
3599736719.041356
3444401081.667582
3306049393.965701
3113698755.0282736
2884786976.1294804
2759690453.5482535
2620634151.5416937
2408921198.258165
2277562363.3783116
2131766144.6097531
2007291016.9566085
1916359966.7257142
1803320583.5279639
1691900804.1651304
1515630141.6753983
1479167332.407045
1357994906.405923
1308586741.0801315
1259631391.661227
1231388081.36524
1150057358.0968204
1072175836.9416316
1030930255.9618543
941698315.627244
917673391.9200071
859870895.0024798
840922177.7910665
786782955.6452923
785820315.089916
722850571.3512678
715772663.7067881
697426311.223274
653846175.9763231
653112759.4067494
576057079.0103608
555746314.9087145
559753368.5809402
537508612.7690082
509933135.8635262
483255373.4985349
459148142.90152776
424302688.79970026
408053339.453979
402008154.5214791
360082520.6951017
356532597.48572075
341701246.38607144
322234976.21295047
327305265.5527363
329635394.8201599
309987679.48459405
271003910.2975234
269010336.14418715
289330139.4088199
312006018.56320643
278667149.41207266
245380738.24603242
222882213.7296005
265971667.59617332
282157740.18626684
215292765.06868806
243130957.60817114
190301054.3371891
204609523.75042573
251176301.9029895
187732000.7653574
180685722.14104882
192805338.3436237
156616353.68652982
164000433.50650397
177715181.93046877
147351474.63928637
203612079.31571245
149976408.579459
142260536.72134048
154405117.2598936
145447594.52551445
158358342.15410703
121522340.01529767
145625686.71278062
129380746.24917145
125006136.70958811
104194460.38808216
92792133.25889789
123798282.09493929
133222521.94579203
124781176.6837368
108928761.52910855
92906044.29827094
81956245.58262907
86871800.17715523
110702282.88093406
119913059.9333258
103796313.5665072
66016212.80859565
65658355.0247928
58756766.58747925
100011541.33352336
107584470.01795687
83540716.2013869
107719481.56199831
86196083.75074013
80387774.1054013
50147183.635218315
49681154.27221762
78947797.71514614
105191554.21059549
36839202.33366251
28922713.839585446
45155525.04772716
67523255.4029207
75819679.79235092
38301713.94764171
70489256.7033701
29121207.553506114
41167011.66139177
90490607.36685176
50213749.48694354
29353346.93038281
56446031.299740314
56222090.6490931
44766365.2503967
84985449.01036449
85217816.15906535
100453886.58192392
81129444.79981226
34184285.58860139
54141940.568798356
27564925.24112022
79889791.76351666
56157814.43842298
110285490.84640002
107655630.52165541
126418853.15013352
142869471.17820856
120216397.63495933
183109815.9745497
152373651.9007948
157593684.15555677
198296643.71941456
187011150.55299047
133809741.72035706
183427261.91476896
144834971.37530407
195678592.71159226
133797879.97635634
159202106.24283066
169372479.83642286
156085429.1036932
188923275.1218383
138559147.8132948
190212823.78082767
195599189.98227128
245093243.12778372
246999593.426417
233337074.11524644
256917529.28284004
264896609.5372883
229359359.25982544
268348063.69243002
241704645.1687286
260857633.92888752
281948299.1620476
298940116.329184
301055700.7337396
315555702.07486874
304388438.3083063
335988625.6798337
391536445.7753784
405703711.25852156
437537179.91800165
412644336.76832324
464781607.30344534
489421491.68829834
587328061.944531
615241829.8828903
617388971.6273825
644207033.8011032
647753479.3911211
658026014.1880176
688388052.1202606
667157964.14032
628161898.3571942
667288747.1423035
695313580.4386466
688397168.3921252
715642562.639562
692671583.8413844
683895354.5072688
691626133.3589613
693138839.3082287
717814621.6351979
664419424.958533
696184015.2715975
685286414.2249975
683365727.2915213
675739662.5333387
609082408.61205
637959207.9829031
653218211.7940705
629678896.063521
607673646.1564586
594732784.4632409
600377061.4444144
546222888.6541781
547060295.5644164
541200140.9972721
515256217.86379546
503703343.5492982
517073006.94344395
535848351.19217765
476834250.5237354
469946507.6968866
486166125.84986615
453393488.42445904
478897614.7874812
472111517.4057565
422325298.4775584
424519756.81936556
369309598.93304545
394698174.6205704
382792781.1803705
393348111.8720675
389938770.7538409
348382898.8150015
392091678.2772668
359530132.8555842
351745509.11420953
367408330.1849393
327714775.9685248
317905373.32355475
320037532.21563274
325965841.8889601
310419875.62688744
275837073.77682257
271944384.9662605
223704554.12938997
225194660.51906776
265186967.80388635
254609742.28885487
253259204.03736985
255099981.42876506
240260044.02392176
201932115.62352565
190936759.019546
210879174.60247567
214891416.0187386
209877475.47592103
191978094.32475382
203741730.49206793
179703430.7490895
206809824.89404085
174329544.7737996
161921473.9819112
176686655.91847914
144612059.57982174
189564370.7316903
165039852.81922755
156981662.31647474
177411800.2013572
187933945.60608175
126796180.49708669
308560737.2902984
312510099.84146076
366942358.3527568
359718634.769763
377606558.51284915
416910008.3461319
397503552.23251635
416898966.18235105
461387781.54714775
524964402.50881135
486418725.2325407
489995120.0814254
476900727.13966584
470760949.3058958
466664391.27106863
411352242.6915005
376591121.495056
407772046.30966264
456262254.76629037
458633972.8263818
472556910.199764
442835169.7229435
498752212.73031336
534503513.58901304
574254215.9738432
598166531.8927004
561994637.6578922
599287522.479198
598377850.589856
620131257.5603902
607492160.290001
631525655.9638753
627027489.3975396
559673879.1153953
563144085.6491882
625701319.3846171
644325664.5052537
596984987.6318401
633642146.3643329
658401291.9340245
676316709.9792176
705246476.0248834
785059688.5484713
791873750.7401183
782606569.6588247
815192447.7336466
807062656.8456709
784865181.79141
768637702.0370783
718090044.3880614
739067692.1717925
757798044.2638048
668784536.1536604
657189705.5511045
637735741.1392949
639685620.2339394
589885057.27763
586187562.8241224
612529386.6324668
571195030.204244
577238718.1856023
576062388.8357744
553462396.3964094
501337935.5642089
485653925.84035224
509011853.93139017
457207170.8005002
438718157.9821354
419926659.45517474
400594703.14159197
365711397.89016986
342238659.7784646
339081099.72720075
302702926.05599695
316195919.62601185
265501130.84606007
258291683.93716413
237158043.41350415
208907057.16255248
198797151.98449236
179335921.3820473
159315110.77042168
128033706.669162
135614847.6961174
126042934.27835593
132411841.09828468
149897374.41867274
92269010.60112843
92404075.61736478
52738973.85041567
6353396.240229286
68598478.85121047
54722448.20084786
70838819.58072005
35095327.19187378
58106532.19910082
37065346.7744109
38263795.122531384
87757973.01446682
32877689.12872461
66194816.27102946
75065236.60927783
35299431.74150577
25961338.173222285
36889161.98416924
7117055.67819602
4331058.250343728
6890413.475893203
4314599.495041398
-20207614.943108946
-3046539.165653391
12916561.662025256
-6198868.18234692
-34255187.41851944
-34389872.58830607
-5666184.231588386
4157257.3260075804
61774041.76314901
30615946.362460054
594721.9914186373
18465594.315557793
7840540.046701591
2784426.8592899647
-25664093.925506096
-18463162.11068301
20710197.130455345
1990032.3337208498
34354019.27466548
45719741.75109558
12480151.785095135
47628592.216099896
37250267.76375291
-39002282.25435059
25839080.75598067
42253075.80149104
18738605.815911934
29799948.1352924
-32869307.15443398
42452543.71092142
57826766.458104335
23216139.133317433
48700205.09402889
47262763.49412242
15354634.272101121
51792014.869568124
71675373.47650406
13769796.392990116
30253971.701555356
39614857.37887457
40349162.725805566
78460229.7550021
55268751.57646052
52362244.130520046
46015280.82251862
62351924.54894775
85490191.8668522
119803610.07824954
111134814.76418363
59984250.39814941
137363456.85341173
71751152.00723086
111645306.11701584
111983142.90353028
67588685.98001507
131184411.03302816
130721909.0859132
158384401.53344592
153705556.11887324
137350858.25826254
138297049.52541518
154468770.5900149
126627160.95500186
164801219.9738324
199069317.16908523
207803434.83361337
193473781.0231047
211474890.33355415
229810045.06962797
213890847.135647
258117266.2681995
264241933.07096165
270647621.8252847
260637229.55879557
271754534.1265147
329658634.48358685
381013844.74616605
361415838.54430854
400821289.10098076
407874493.37993747
379498544.93800706
448088159.6341123
455790252.89266425
494010424.52041036
547364484.6576483
599798512.7471927
632692220.4218427
705606634.3823795
762215695.6704865
872816150.025994
936210802.1763663
978236673.3394474
1106403195.065025
1240577339.1188
1392343868.1681747
1575592947.3065836
1839876282.681715
2100488150.6703286
2496018515.2326436
2827929812.66767
3273754291.2862387
3621565942.0650196
3841845381.7996974
3969148007.6771436
3806837021.824046
3480116585.0665126
3053207175.476323
2701857682.074337
2416811040.9789505
2251845265.4018927
2184507538.4262576
2226190261.976883
2296543314.588334
2424366698.5811496
2579069568.485629
2863373025.7746115
3168325752.5254917
3508792935.0974627
3892802338.0195
4193338441.6942315
4442099642.319092
4546247429.148508
4528988872.242694
4336114502.667682
4065322187.0999784
3863126401.6071153
3779200018.6673393
3914292899.2726135
4109592471.531502
4441944435.8075695
4891449323.497771
5413882206.759714
6151485507.369055
6931383200.850146
7869605965.726206
8859110828.544497
9779740313.283546
10608234498.420177
11144280811.767467
11358082457.246553
11361002404.833872
11074990918.502403
10656439542.37057
10046295172.0816
9345697073.839613
8602793234.789734
7832604848.379971
7183059091.993685
6599683477.279699
6164909782.033343
5744191664.246633
5428272339.460695
5150594797.484115
4965255123.254522
4808947394.425978
4640647421.325848
4551060638.320294
4457520532.726574
4364357800.41075
4341350638.9364195
4282254201.8138638
4231998846.5231714
4229736879.9099274
4177483467.09279
4057003904.560791
3935877921.310231
3757525233.529973
3567663603.775945
3425541457.4992747
3241433582.8921814
3051856438.296732
2841922656.6918855
2680286168.426876
2477327922.567519
2334893417.1978636
2161265618.6450324
2039270810.2107384
1922814907.8521254
1784173715.5160055
1686241819.515693
1601253107.740724
1527815577.811077
1434477747.2918704
1343243175.3317308
1240139790.7037
1222001250.4731221
1153299077.0179462
1067020045.3996378
1011748086.6499707
968571514.8863277
929320430.1949842
885215034.7482944
810341710.3677995
818114125.4512354
777779885.0325888
727803275.3441632
700397524.6704637
643840331.0648359
623765221.3931597
609461226.2544647
603620816.0095421
568910298.7450035
545650516.4374532
495177006.59208274
503816476.0732789
495111766.5503295
424583725.53084004
412270701.3192677
452554391.4462726
400193533.4386694
393871024.9121624
382471240.61611646
349772100.1052233
372692632.53572106
336984519.80037254
359296769.90935
356824381.8337138
313136084.7409274
313770334.3457569
288103178.30411637
270552615.25302535
298003789.63272697
261785972.1108459
246534586.4673375
201116795.88849154
193460180.61375266
212442948.9796609
238305822.2549806
196419873.6506064
151111682.7941609
210215676.100734
173066507.72465947
171668295.99235466
183577175.44532743
161812859.83977687
131659229.3208276
165882492.39285395
146387446.8044564
160538519.39764234
159420294.81786108
121299572.36404738
135859391.30779472
116722397.63766642
116905102.67506881
135746001.64525622
99630413.44571501
94319374.86484465
115080892.78634132
102110419.22620086
148866996.74077433
89998752.0906911
90397808.00245911
92829868.96584214
96949680.06462741
110299649.40267901
98872949.05898687
92456591.87072267
82321216.56872192
97256579.81662425
116920862.28769073
64570704.242981166
61620793.031940445
84780154.85569699
51062444.01452234
54816674.4737816
30582921.86155192
75059342.01707575
46435656.51185766
61466621.37125471
41958210.56305768
8342931.09067414
28249236.067733232
72276970.95060779
49344855.16460982
25495899.087095767
70957232.10833256
33793794.43874627
39854747.60715901
46406995.175152846
31939457.79456818
14505190.697777292
10961830.448390199
41118124.48621468
35818086.93386429
38459985.95064606
53199894.194174394
55905966.7956329
89810220.15693969
10851062.793420175
35647687.59123389
65089002.069832675
59889711.845543966
80104416.43836346
64826250.86883458
83622175.03223518
65452178.19214596
78315443.02083226
92996295.404243
106109069.02834766
161263099.73006487
194818275.64458892
175603228.26060486
189433044.3287202
222526403.65125352
215804114.7974107
197325573.39538276
194354207.26041147
188878403.2919446
157304897.88764727
169727704.21636522
154573578.43101707
120569867.76973277
221258914.49833304
159598241.08006495
124375866.43421505
181248230.57585946
163369429.9034235
184018573.25125575
221967272.08492902
224524907.03954446
236294376.91462287
273223198.4045928
241480527.9679587
298857867.2007171
323211665.73613286
335360271.4730699
340653050.21452963
293319198.7113852
289967918.8134712
283777164.0495134
348565601.37416774
349567083.3329436
360635579.06208223
364260547.4872856
382154520.7707185
468507709.9134234
450929049.8450425
526969164.2112311
532279431.9803547
562252282.8356147
620000305.5605671
650669387.9954861
654564357.9631611
633089508.547729
667600211.7998278
679455612.1175479
703669424.3316078
732156109.4492129
749159638.034817
701109514.7756164
707657354.7555171
709761927.3618468
753320083.6239951
713781620.6319224
730648689.2631321
737926447.1905618
694835164.6330827
691577908.4948369
656313543.8853993
680780808.4709488
655980048.1182894
655859139.1090766
667879315.5214432
640318808.6538143
657657830.8388133
613375599.648632
566041659.9596746
593630521.2964087
503570216.23778355
547542695.4594122
579845522.6775767
536202455.3853019
553951942.3001425
519476009.1479826
504334640.17088
511599003.5035795
456332493.9685744
443332897.78577125
431538687.4059278
449861741.58041763
426474772.85157305
391698154.4571204
404083702.96976346
384947314.017521
444942381.5006173
404047625.7809896
416204530.7768176
377521847.18810594
362394543.68094593
388900177.2921338
307563543.9278416
328894096.31875676
342561541.0395386
324934626.16469646
340233454.5054299
293853841.5405365
272093177.6202897
274479465.3069541
278335768.2245721
251155289.2331695
236664344.65555963
223418050.5129436
244338779.98015502
233819384.78905708
218116064.99757755
228382687.31141326
139812893.7883035
238845457.0043758
229174200.9351247
195609446.37848705
196902460.98527715
172205769.2857339
193528921.7226867
200676131.55486083
158875631.70947167
166981996.58427903
170290576.27048957
145260640.47416034
155585592.49190605
138143705.76504678
163501341.44388062
149067399.21895856
138446052.5958385
100962166.79591188
183743203.79455525
138904790.06942627
118964385.30708212
311268183.74386597
317984181.9136847
320335822.94199955
407204248.475464
383385067.4979252
424960762.98631805
418189152.2358958
452600410.8793223
508625054.2945705
489103244.4630145
514361459.3906919
478929515.35375506
494160287.2756326
452664582.1498505
447385595.3253934
446985081.1918584
444606003.6078503
443127662.7580612
432312491.77317274
439158316.20462394
462708686.5539409
490192529.9216554
493523911.1284978
557450264.9587208
557050085.2840712
570301766.646761
645424105.3509154
627029584.0032258
640759799.0705678
604023782.957879
628755578.0122252
651208810.850904
615467817.5597792
602394900.2195114
598097362.6920732
649402772.6544755
640842446.7744694
671213073.6169187
686015501.9215608
761190432.0147796
733925613.7651911
775122043.7364794
814904189.8145721
805442762.5790734
850125710.7173672
858074876.8110912
857012564.4642388
845903631.8743429
844289088.7957892
832338976.0649927
786493531.1712425
739620336.9394947
720382537.3607997
687725105.9832492
708329225.4529176
639976980.7412972
615662851.2600858
607152879.0876542
615546572.4426516
568452064.2387285
597784289.4684806
578063328.5417653
563490062.0556762
577830113.5703388
535359302.8655404
521115783.2295236
493742797.16970986
455002425.1518574
417573116.9695174
404564413.1313113
367947567.42889726
366265535.34058535
296664641.0473321
317801014.6492474
240720652.42111927
233530118.76252636
240677242.0832063
209388044.97320187
158521400.71335182
161336403.8794725
175781572.0638237
137236744.38902557
133901595.63762309
111557028.06933923
129091797.17884414
90372058.16090745
102217488.77374572
66477114.94127243
57821297.327397935
46362185.61002164
75597842.83437115
79895505.79221678
46443962.148701936
74707609.93791035
73429408.09017177
21619017.556574438
17056853.341315936
54270735.87522334
29826417.76274836
45177211.044626184
12438308.551433451
-24891637.050728824
1701782.3717063516
-19545696.134475403
5026983.823275013
8121207.717075504
3843140.12084799
-1854701.8688477362
-23061031.98394262
-22079191.784666587
-24709849.852287628
-5902158.241419148
-8720609.036860174
7493547.879701026
-32797747.423964486
-25960712.545994908
46158675.543622166
552140.7229702175
1940506.8104329277
41443729.980904765
-20375960.55470128
630959.7803887203
6609717.74499216
13683011.870995043
11140658.698370934
32183379.21839781
15321585.640556134
-30377703.326518904
4909663.538276181
-23180579.27070687
13932254.433343707
14764047.719889684
16392351.737932703
9713933.107009942
10751678.253558308
33098438.35398022
7617459.940874832
42954948.31632799
15760992.945713345
-2780472.9134116815
31706969.435130924
10302737.123834798
1905527.8093120158
31316845.951150306
56913873.717261866
46234127.02149025
19574608.089558266
31537338.95186553
65332911.69351125
42340029.24702895
27793230.545212746
59505387.22118701
102280373.54288691
82488943.05797887
70869863.93914375
59323268.52363822
71416320.03236592
46415971.684098415
64448879.38613105
91409982.3846072
77047438.38409972
118217472.60918471
62179847.82638729
110393876.44011198
98542020.99004468
124878680.96690589
162218067.23249832
112826052.81203352
147808706.0096717
145840259.7499042
134607615.62922844
165527020.03608048
165336761.1849318
211783795.6097886
184389356.2176667
190402330.4757282
233912727.1178805
227325960.13641936
271931660.72416174
249708594.81224734
305993818.7551863
281857982.5726264
317625068.2804873
335413394.7949666
347135703.2267838
372569251.9130476
398045735.2073126
421549738.0204482
405204705.8187194
451247682.4292632
459826177.3889989
555313096.6732678
572297188.7153301
602807608.0724165
681690155.6374853
714981167.4253967
775334708.9215677
859960829.6283493
979421619.2793251
1048897206.7747567
1132362367.937505
1283018714.5398068
1400042572.1688104
1635384707.4414067
1869577148.0301492
2105452190.6001716
2487110337.5052238
2869849306.3644886
3358672690.6201305
3791561385.437369
4223289204.8377237
4596967112.13885
4651053967.644762
4560728092.028381
4129617412.9924526
3618487560.0988216
3148190065.2793713
2764615834.149023
2621109815.3551726
2494457550.12617
2492207878.196457
2598072221.0828056
2768909110.9223514
2935407965.0990105
3200096820.577033
3545703453.08459
3985999323.3451304
4383419731.63737
4825824702.214302
5163782037.2171545
5279477715.311909
5276291074.725416
5039939446.284061
4833982223.158476
4574928009.87147
4499074340.238407
4561242316.108921
4765991768.661118
5143947766.91419
5594473198.514271
6254289623.513999
7048091366.699073
7966979064.511251
9045273833.838026
10202345452.239536
11297720294.80215
12208603433.821886
12817700135.720608
13035432381.423485
12966623156.158943
12718333827.19001
12096878052.138905
11408111799.398298
10614743972.98766
9702458030.836605
8861963655.775394
8059286426.876102
7415585875.117891
6819178846.205727
6368029732.591778
5987660362.681841
5682835756.373161
5495070506.126634
5242685312.19037
5076654233.615085
4944982762.3660755
4851296486.674839
4783355124.973625
4741871953.103092
4694117938.508024
4642314176.758672
4590430084.552328
4492001325.432017
4410195571.071857
4247894950.7365847
4152039012.034394
3947489674.7970467
3735424530.143685
3532586952.0357146
3323278386.981053
3045484990.334668
2841687826.3348665
2693442866.1270704
2482019426.4934115
2367993587.1753397
2165986306.065595
2048889932.9583457
1944616493.199041
1826686836.077272
1669226417.5641963
1597499937.8549094
1534464868.3651776
1476524570.1409833
1386380225.1210575
1314016540.3242195
1253928985.8232503
1161692611.16829
1120886871.9827445
1061477730.9808028
1030123155.9587668
972587911.5499663
922095138.2758825
854151541.381686
804426727.1905124
779864811.4496541
759287051.4914181
735138395.2802436
725158136.8303334
608995204.4168036
596504493.1496623
599895645.7745883
551663869.506471
539349209.3281481
518360457.59486
503296081.12620217
536840569.4241675
520447630.9817767
434840756.1563547
398735342.612188
446549609.9877241
436193589.76858896
367136462.00594765
401857244.71820235
361430677.245574
349487480.5142533
312349365.56170154
284149762.08318114
298132440.4787265
312591486.76504695
277815200.1552099
291774919.6292131
316112529.4901165
271594440.6135646
236174983.7488799
278803844.8394076
218069481.92806152
168214182.78868786
237289089.59602037
195578577.51287925
181302327.3175045
234544717.5565055
225964336.8335955
199400475.24743956
202713395.1240678
167186225.0435581
189330859.4916966
163494791.6938503
186066907.8942492
141941461.3672516
166861217.5839174
166947103.88596046
165411765.70978868
148693408.38585123
81591368.78354695
120770273.63010742
127883065.89110512
129218990.22116022
99983482.23846915
123206427.1270936
94303691.9517866
129315259.43975022
88887810.19126964
92517964.79668184
86477507.11784394
85807231.60828568
94925366.67289183
67617766.16409902
122242239.3218242
63957146.78708935
79611292.53904077
79120133.50882585
58080187.60219401
87160226.85178219
110448719.01527604
85197913.7584018
37449074.74437444
35144432.10564791
43658642.08602397
48899906.422666386
74249080.66155475
68592573.85385187
33975196.45793355
77152622.39992665
39657297.52075454
25288253.17605501
52315324.29365121
32445544.207724646
30109797.98523284
43415324.83354106
46959921.7708384
17500625.024712294
30718597.51461537
35816990.56259552
33943846.453721195
25172292.175299898
15886289.50572244
20584489.609006338
70054243.71430004
35558114.863164924
44504964.52847877
80365446.91972455
33322126.588932775
77322490.92405197
54686815.323210105
63536161.54137012
124698891.20758903
140219350.2133331
117609575.54572739
131815000.34842896
192979260.80390286
167353345.0642864
212343449.40227127
249489659.86275807
215943218.53079152
235003216.1575849
221645356.38139236
161676472.530064
161053749.91778243
178486301.09319562
178640413.96048826
172569311.23680034
140664197.37272978
163254793.71691704
207506184.51637492
185032282.5483724
182136603.63622272
223322031.8886786
186536349.18604702
250221514.83960772
296996197.4467274
295541773.9102493
285460247.3146818
278923926.5291276
303794776.35675204
271368291.11013776
304897408.44483757
310748809.97814137
279722284.2534701
346123896.1514409
343567469.9091554
312253597.4461802
376110382.2150123
400470308.2482816
454148124.48257625
456515277.14778376
508865774.7152212
519694697.66745913
573354185.57297
619079812.1912419
645529277.7436757
696724628.8331527
680933426.9189129
731254831.8304999
696630540.9850577
673404698.5403681
691821219.9218063
724125898.7701008
728046208.9825206
698801882.4424222
734198980.5680262
748409829.9254856
704916591.2065767
739362161.2809224
744786563.5666139
730113344.8950173
754606498.2449129
752019782.6260847
732733488.214395
748463747.2221364
707107736.5872198
675272470.9287462
666586209.5507098
663124053.9538364
656662305.8659835
625461999.5745734
594779010.9845679
582707392.3837409
569796942.5375175
578165187.1892251
559668550.0716574
526893161.4515157
547620866.8841805
516895255.68584347
513588521.86180836
502543597.4380954
528207426.2678968
485799977.2261392
478708339.0768287
412014312.64832735
439283666.3373741
464200020.0030952
477636879.6103755
476925284.4700696
374177144.6613365
383415153.0076178
385180693.201194
429698660.3798202
413822399.0930636
365846300.4188019
381670772.8616977
373343379.3434543
322342871.9405861
367961538.52738553
303660955.25688225
300681360.0575244
312271390.51230186
270405448.1956726
265564863.5085836
277029087.00953084
283629186.51645046
273042603.16684675
225613259.00476623
244021769.83546937
256930719.5363168
230184467.31710058
242392269.11039177
167398913.3844156
183383755.79694247
200255509.57592547
172913819.10835308
180356688.2813204
196972767.47444338
165886503.99144807
178226550.98798627
166666774.87609825
177626438.37290812
163632540.08054566
154445633.84277016
149334441.2604147
145167410.22371712
161990977.72048467
168805252.90404096
160169366.6959688
151945072.1117831
139671513.311204
153954914.5957047
370644270.6513492
356528676.3225531
426810555.155962
431015972.9220959
458880310.7609476
506200952.11965245
561927055.7298375
599732946.385756
580429834.9544582
580868275.7034605
592856817.7881081
614493627.5051444
570536977.9087713
555022449.0517588
524180823.2087461
488486949.14883304
516289062.23864126
465691245.2025948
493173884.45004094
532362344.66915405
498725636.2391033
548925972.7291393
598843180.2062327
633032920.5727929
649409948.6358209
660907756.3777981
717403191.7406442
754192937.5396826
741695622.3641133
743500321.2491574
721336979.5650841
681625148.7567505
726294556.4247348
637992204.5530734
705413329.3305699
696206486.5820976
698862109.3129299
744455443.2711494
711613360.9826636
804961472.0445518
828434841.3624449
876777518.5755919
897250685.2299272
915636923.8464308
915472206.8969872
931397761.5541434
961506730.7139289
934242241.3607941
848695131.791173
880626457.5096283
868202296.5885887
841452179.0694838
789243536.8240082
728686627.7221582
724268617.0574485
687684181.0170393
681083770.1810675
705478536.0912062
684856939.305151
623293093.8120333
629915418.0281935
609332127.2543393
589758394.5004042
586445760.646371
588835805.4252572
567083089.526774
506974276.51754373
496200718.4507957
483010705.09588724
423650547.25394005
435445038.88796294
390525728.69542146
371810964.8189269
327785212.3337459
313201057.01141894
251216802.52774543
237974795.34106663
244162827.11966264
207071790.35853887
217869959.10094607
176762724.55685794
180370680.14340407
162373918.22656816
146495694.1718728
126320144.3461988
142782734.04534382
108179792.23618485
93694415.49964054
76291752.60911192
113930900.17944786
75735131.62289695
60097574.06578959
65905244.73275912
49512717.92972729
82273875.6098062
75152467.06961477
31304121.775671374
45874871.38518653
46713996.65180655
11653724.140675686
70013642.07725972
20094350.536340512
41036880.197265245
18433621.925072856
24385271.543703556
58623394.72476041
37300470.38731783
39018135.44423145
26706347.21513869
6055391.440017272
14439567.446709184
25938091.732085325
27427628.68761553
44837773.76247656
16187292.628908504
23016923.200568713
25185955.054518312
28482276.312101528
42981737.7321111
8478756.346816674
4924958.6474448
9185590.978760973
46284328.35406506
34413362.27229471
1426809.084785955
19632555.988303334
19650858.44245238
35100148.07876164
12124330.706725705
55058263.54900886
37221383.793331034
4215355.658102535
34546880.89138756
42500194.80785272
19757780.769791014
30446761.36611463
20594642.4655826
34726260.6044865
59789914.197899245
72554743.1925973
70121438.25092459
43053167.092432044
56650168.75372918
47426363.20151169
53371682.66113721
72313559.4090747
62602638.82933823
80580273.68472822
71461064.65091443
57238126.35565172
132543353.50406757
65524117.636691146
106443888.4184346
60486512.74205705
107737385.07617314
138995442.8084954
67172483.53092815
107646560.44928172
89097453.10839047
139336505.38741964
112227240.6195796
144028964.5994683
155082224.32076123
155225641.70484072
170674610.69208515
152801891.72830918
169283437.54038236
216804069.3186394
186574081.32700014
237107886.52434403
246999263.84610868
226275419.78978726
224288429.11142096
224665820.7339576
270150422.353879
256589990.66272876
277642301.7296527
289460737.44056576
305167424.3559036
354430896.6805097
359131034.2436246
323427844.92596436
388801136.49418604
417328786.43694365
438954473.4716312
410051464.24184304
433971448.3475841
547099553.0545048
546772470.8586332
542983575.8974361
605760833.9292803
646696861.1136367
686842787.7450402
706555746.5604615
759459405.6900198
869890151.7530528
925673956.7576895
989120452.196043
1092531645.0065017
1192714660.009407
1336792029.348662
1474616206.6473708
1672245637.5963037
1929442288.3582754
2139986904.4385319
2525664285.008212
2928164806.889039
3411623636.189328
4013314253.6336207
4636388199.954559
5164260123.477081
5535033146.957506
5704356930.029081
5503704716.951912
5036235323.741943
4364746464.463209
3756905098.1314507
3373263164.041337
3079143008.970456
2911971705.088212
2906211250.4714613
3007433466.9610715
3202502401.009296
3429672089.7180834
3732713462.495735
4165048029.217391
4648996062.6933565
5155394804.778204
5671883029.469852
6094733206.551848
6315390633.442174
6295375761.87158
6077561412.167252
5708672934.288628
5447299665.137977
5323832870.09447
5375009343.629617
5590800226.363783
6009910840.399889
6590316743.643409
7312430788.648268
8248364454.396662
9323243747.956207
10571624815.443867
11890961027.669107
13194020041.735077
14235162038.838175
14902804634.052776
15155198727.011295
15110741844.265238
14655321278.425087
13972984941.46213
13133810106.39915
12138385683.24599
11120052353.659418
10082248422.294424
9144009217.187998
8330911075.464468
7685387624.766714
7118436559.51374
6716623710.155303
6353317077.659339
6060182943.152573
5819971755.233555
5609464572.715414
5482406399.314526
5343022265.655761
5228139273.79567
5216396666.429558
5135636620.936763
5083092299.831968
5075886288.927126
4973273265.952831
4858983999.388512
4700331530.489624
4518011127.838058
4287123739.9937162
4001591663.0507812
3681506559.089341
3526875442.642865
3337456994.6956525
3098158048.6033545
2934903823.2119055
2738213024.402457
2585382955.157724
2394923900.9075956
2233417579.1826878
2081720764.453302
1980795640.648859
1893364376.8573973
1772855862.3517241
1710786110.7270422
1576332248.0643954
1488949117.205858
1417706007.9488447
1359964048.3782082
1331195117.2617044
1233811303.863375
1162160725.1766176
1096759273.884907
1035263600.0138167
1030539509.2764845
934159677.6233307
878332959.7326128
865724168.319352
809629969.8335395
825317236.2066034
756162315.6000564
765595750.2293237
707394175.0678649
669931405.4775987
701120779.2020655
627329733.7390482
625204699.4029906
577474192.6684821
528637166.7285733
496463102.3010992
521995604.8485752
478152859.6402724
464960585.2447331
491977909.0214194
413430366.48845524
439973854.2930753
399897735.5699176
414072317.8659952
377698988.7319742
344394557.582443
367204191.09656596
317342008.2417579
356246215.7627019
336361713.7972526
307087185.0348993
301940364.3176931
345113725.2870421
307127805.4170263
262265223.57123804
275584136.548826
255749911.32299227
274405234.4343548
274315196.7667267
243417831.4497516
229737149.04319018
196576805.6125989
214037480.11547062
219559345.39258102
218587721.37670264
190981157.38916123
182402828.21973157
237870621.85144907
176241904.75704667
176224120.7475459
195673251.52251863
163265112.16686353
131753341.09094167
178651636.61756253
187277360.002381
154276417.34242854
171887620.3751738
132966967.75450885
119318426.27793796
176957513.50614423
147426259.58759758
155844064.85698342
138130816.7207254
123154830.90764426
127011113.47749715
90882340.6081576
116357534.63691205
74590169.5749968
134808447.69575137
138402532.53804922
118640909.13384874
114794086.58100331
78993555.03613114
91189326.66121952
95510482.14218605
84319596.25234826
90701377.91385344
111585147.79079176
99747306.95734769
65287631.827439725
89661184.72685309
72145272.4210353
47017546.64646656
99879327.66793306
63438408.52921086
27364362.817412503
65662264.26634324
68041861.56286255
63956037.00463797
110210426.59486192
51280228.313753545
97980080.55016129
107948660.74523228
72454022.31726913
94880257.26725629
88503809.21688055
88715231.92289923
68518475.30343147
102591998.55868946
61225527.46315332
85403068.60482103
105059991.69981687
129859848.8822452
178100456.49568212
114471444.31144023
152513244.9815777
168077808.05895287
216860518.35051367
252109816.93647182
244970038.67826498
307867858.166972
288980106.2018281
274873940.69701284
255981875.97547197
272722285.8371828
245589878.92205226
221911575.21241206
241392938.84206396
216626791.4576275
219015054.63820398
232075827.2782407
204661425.458503
208981110.21895003
204579882.75186434
218354772.65910858
267063691.05068606
287609280.7830788
316689140.66027707
283814738.8405344
303078400.8346665
356005837.7592279
390804368.22857326
366553892.2086564
388646993.4101843
381789813.78583574
367047828.83565336
383094157.7565163
350943273.4716028
421826997.45302665
429707872.51476413
427574144.4177598
468271550.411839
510430013.3749768
524853465.1295539
517209348.17224437
617883580.5155568
671285853.9596951
690547030.8566628
690991889.0449568
714011277.8768141
774423643.3005468
738081384.8286995
795854172.8166834
814452580.2929828
759483685.4259764
788502298.2388779
811517364.7271515
803095608.2181098
789416739.5923848
788523299.4264662
785405124.8193833
823174082.3817146
811740444.0715027
782514925.1228955
781418304.5535592
768431804.411949
787043700.5394336
743193719.8272692
728479463.0399295
773076146.6876304
774715596.1170031
709020727.39664
688123951.1937009
715415741.5137515
680039073.3223009
668597178.1800828
630860484.8141454
619690762.8676269
667643018.4840984
644786463.6552467
604520485.5628093
586621742.5102569
557413109.3341087
581921632.7534267
564147081.6496252
506534798.51938725
494752529.8302331
502845606.3612012
505605923.6582285
464862551.1495051
465569874.1135417
443888622.0135441
466957207.6556131
415854812.3556995
385041260.1424983
457388516.52237076
389329256.8327018
416223679.5127764
387967366.3584452
381817711.1607913
370809435.12448984
358158735.2856834
389950351.36241907
325976772.0697588
355225915.4509808
309359691.11925226
282479867.70963925
330882504.0287692
303832117.8537708
280732829.9734774
306772581.3869642
265040653.91356325
285731513.0865686
311014096.13000304
268289333.44012606
236894913.1374333
216825984.0261883
238313827.14862293
246496146.5876567
228439517.64953816
230166670.0877988
234340788.9374756
219338321.04836747
201074651.7445289
216872579.06480408
216920804.88565305
206440419.30518824
179262908.89477867
191155543.6256715
230198491.90323037
137885262.29297355
176307415.35302222
163442004.85096142
199856771.50242034
178544155.64847526
383271192.8438012
407693924.6611194
442011373.55593014
489901461.1050981
495341454.4298331
522018223.66837716
578388078.0838782
642670953.7694033
614366665.5170482
672020588.2682898
638544516.3083102
647519365.2161117
638621340.3023216
628846689.4286355
574246183.9082547
525055475.02531505
550369237.0051767
521984275.10800165
519858186.6431425
542347555.0057487
573892555.8209777
573775622.6805488
624665734.7781274
644582214.2315526
667985404.4747827
675188274.5434246
725026012.9619164
743595691.6451162
752609157.4973528
785242421.8398931
771510897.2250156
755779445.9521708
758949896.0428138
730799424.6166056
705280082.8937813
719513353.5256197
732087003.0086278
751968926.6937921
814615795.4002289
794085036.6016324
804905233.5216992
896430742.7958047
897018468.5500156
966383842.8675276
1016360266.6453674
979506048.7606494
1008445343.0301772
971750851.4039862
972846809.4043758
973521299.1228251
888453712.5273205
870571780.8648338
848127402.7319179
850277360.9528706
772453250.4623864
742473698.0692809
728674607.4375453
709655035.3412813
714120701.6146628
657783820.9969661
628292492.7011329
663510841.7025397
589519764.1819791
588065854.6821206
592166967.6500833
518826858.77877676
543982589.7525269
504586077.0417887
470195260.0232166
438418174.53318524
396048882.5609929
360909821.211116
359725511.55369115
305310514.7911073
331684764.6793057
304351276.8109323
254762331.29589808
234850647.91932982
197740614.29725033
194733440.48260874
173045070.78907347
154322981.20548844
150117928.42596072
189035562.7230199
132660188.02367006
67064139.19828362
133680050.05068894
118562788.3324309
72435812.78313011
90803272.42167565
81841060.77537702
75098895.40604901
84670757.68014649
98347767.40236154
39585329.78573995
80378094.74929887
62257868.98876952
62039498.53431198
61399301.73382943
23229733.484355666
26094010.37394283
43057283.8680918
28799007.792116344
42000912.14798184
11225657.305824198
-3690251.0285622478
7755979.0361432405
-37381547.452990256
15848703.467150237
27748968.62619763
34320035.68806142
9075630.904559549
44893634.739708714
14285468.60603283
24375688.22848672
-11748644.586300833
31725931.992459543
41868248.68569385
5512433.347368025
5820998.975589521
851102.7303250948
10117893.886863772
-6470646.031255395
45385808.298085704
-14205483.860287027
27720934.925475955
11702561.064125825
13057017.385659875
18941968.345129758
-19203335.53310481
12320258.44649632
13596181.816792866
24972333.22858153
32840791.345564928
15675185.494713869
39562227.512720436
33367144.239589825
32220129.229158483
22641594.12502767
41535603.45368646
18220575.838287614
80309486.58948402
59796823.180455595
14978191.99123274
61309510.17976242
45006963.679138176
80768901.19295923
38860864.75154081
53833799.8034968
50062565.71622191
88153010.02450784
70719386.8492775
100379220.01611246
146272322.8882006
117737097.69634333
90825374.62917067
144145451.4373595
119314506.52610531
130209382.69858365
121635739.61860174
132257702.01286522
166191777.44304538
132112942.705222
175381848.65731016
140672905.0353986
196199600.60796228
185502616.6133358
194027749.08121288
183914837.8293702
207601457.74151683
198369931.53709763
219552582.03223062
249632826.23126233
262002121.40924102
269809102.5088803
281267658.1496079
297328242.4028291
330401087.04030436
338338751.1099777
340210551.2776103
377319939.13594645
366868328.76620275
407588171.39113486
402757079.7494304
454968868.6074656
468385448.8804748
513495023.71166736
512691216.75472176
537428068.340778
634952240.5159494
690311242.4231324
709213521.8684363
788476501.820267
827233410.6928769
897339638.384164
968989427.3307378
1053348383.9026743
1165077118.706921
1275616230.6108255
1430048071.2609549
1530505432.000576
1735933114.6250675
1980841336.2603922
2257667350.182418
2599038519.457753
3027696975.2617497
3512541239.1423225
4172428277.823648
4848376711.115545
5581864180.392269
6305052190.330032
6850250627.615896
7039722507.759515
6846560106.322297
6207288996.210846
5342347140.620538
4562137062.037088
3952155218.356941
3660472666.000803
3477063846.808387
3442677818.9018097
3492368552.3592825
3715439495.4110084
3985877203.0173354
4395622721.04958
4870769940.136148
5450804386.663673
6096953102.7738495
6695011769.755875
7283614695.049582
7592419603.38327
7609449772.055579
7312896831.909582
6865717444.872976
6483656986.932016
6324443478.19626
6348699590.453533
6621541351.112644
7051913057.039698
7677507936.903194
8490369511.338501
9545934504.997925
10858673026.575336
12304404700.128744
13828397820.612455
15389218914.82603
16640888724.83208
17343845945.72211
17746600823.872612
17509697623.803894
17055089576.00874
16222087400.451874
15155099921.404873
14025303483.611946
12675160686.055424
11525493499.989246
10429920452.492771
9495811985.265015
8645933855.845415
8029783275.991713
7500836008.167174
7050036000.939075
6719890425.093042
6444633221.0041065
6175752621.840312
6024400138.981814
5900455837.550861
5778199446.498536
5707190835.302233
5601903419.472715
5575957782.708706
5473186066.481668
5436511159.706896
5349567124.186469
5127307123.78011
4910917712.948549
4720853058.953339
4476033767.029158
4279686834.5798736
3984186526.8903303
3693130404.4226723
3435104286.269152
3194736139.3367405
3039597478.548761
2791995001.2510777
2617058297.755405
2494676602.519113
2297391124.044268
2133332241.9174104
2002857869.6411445
1862509977.7455018
1765494226.190024
1702449278.956804
1616037164.250546
1500881289.324037
1428813212.941362
1357535921.6258407
1292758722.8710167
1255991946.6738355
1210802368.4895716
1122750855.2858737
1091048118.4721792
980463127.6456434
963044769.155441
899434505.9613156
837052663.9180658
848307363.019932
791652245.6999018
783050972.2117723
692550664.0028878
676407222.7868862
689260907.7363676
650062822.7532058
613230689.3384873
594907303.9963818
597051014.3354194
596342582.488982
505392184.81427747
542899916.099921
502824183.59437156
474533253.8790708
492275193.24103993
423303643.6357307
463252284.94613504
411550902.41203046
376744895.22233367
404023125.68177843
406986735.2721536
372751908.0352371
339903415.1240888
323800637.1528479
319493128.3266437
286855861.0340291
279142448.12308484
293214093.09732395
274319080.13767534
288777035.4528357
299859507.4799554
268561872.24652684
222827678.77934164
244856867.60162607
246434737.9932869
220155966.19835526
236280512.64245206
224432341.44869983
220379423.89097044
189494739.4117027
172156710.5755811
191131752.20672947
192159134.1590953
181603655.50211248
186732511.20698223
164664070.97842586
149606829.52065146
161060494.9873402
135629116.57655728
143066231.44459358
132500427.71494067
114264768.1205697
166063838.40905097
134088189.24852958
89383034.51337986
106408074.34115241
101809201.32102355
96596127.69888534
104011574.60597633
124740695.28972986
127773036.85315423
113918691.63516457
71666631.36328119
74533733.73238643
69626069.9225404
91479099.1223918
75778299.70711216
94374737.87905627
67864903.61914729
56140442.90810797
86344223.25239977
33014853.113911323
23531143.016250074
46618684.922211275
79457236.94472161
59994722.40176074
85005018.30146508
71366454.02466512
84790706.29114866
55176881.87968701
45448212.43416503
81337344.33808753
30508415.839985408
15061112.034077514
76483330.5518049
34203089.04142407
40308831.262643225
61966205.903525844
59766838.117749244
83559155.45189108
48562043.057808466
92029826.11823802
66332636.63090572
49394698.7926013
47686228.12328298
95963092.84096056
82783374.93759243
104704272.53233175
148850876.24915737
148648270.79006952
180418045.65687525
204210453.81918198
269902643.5501983
263937123.8519546
277594280.96963763
298102721.01655895
314255551.2210874
267935081.58352038
279188064.13141465
274809124.62779254
205530320.46474358
192174408.00680298
175283622.907116
213275838.67394122
221565042.75885934
226901404.79704392
210477340.00804922
229691863.24032152
217187127.40388995
272370253.7014079
289671518.460233
298715766.2640133
344052645.9108646
368789343.21724075
421910267.5938376
378056486.1226053
424800970.6709668
371327308.3465289
379507602.0450297
354220745.6118182
347468296.37477124
383719228.83419585
392905241.528794
421915603.4820652
403173238.05918634
468337386.7800543
494748200.5176052
535491143.6151021
568002119.8775463
603680259.4211254
699973868.5177305
731393856.736491
729306976.6437061
775984766.8574595
767266952.2477068
774957433.3720781
785318921.7725824
804058927.2744625
806514730.7456819
826009409.5554308
785901937.9181907
774091048.2960132
818765942.6088545
809843973.5461422
802340328.059636
777889121.2950096
811380525.6370151
819757557.8398058
768744440.5473205
786003437.5324082
786525795.9325932
768497247.5922557
796675530.6254262
762430662.6782699
731632686.8077409
707969898.115281
713303573.1483904
698435285.2696022
647431062.6906657
641285840.4152776
659313345.5720391
638470327.0233421
597925052.6201022
550058491.9658395
573418812.8369114
562055869.9205346
558857581.8465161
539499048.1928989
507324002.1784003
530062951.861038
514334238.0679976
468408719.82035434
453225759.06781864
459283165.1883465
417043651.0514206
432486837.7929056
414201172.5144932
404777352.99526465
421975252.4944382
417825502.85140395
352445949.0255839
367182469.0216169
355698608.3174548
364070613.03864664
354202013.9640719
310228072.62844527
340246272.779171
279372781.3879508
302573584.1916648
312231517.4892774
286218921.6130678
275970990.43342
246100382.15131003
263522578.00582156
251013407.1716876
246965728.36218625
241115583.6609534
269549355.0027004
260300213.27482802
225227308.62944323
225746998.72380593
188985821.47891048
244093336.88693362
218522572.19838268
217145079.49255705
206923187.04328212
212119854.12543002
196562324.71888235
171958866.93952638
207356025.95025447
161516876.90911442
178220097.3530167
177444695.72928512
157280526.27325016
181970488.1417454
170646001.42952418
170369813.61676064
121618889.57660383
137747619.0143935
470658660.4460219
446414359.11022866
478538125.8378657
510149589.1872514
562143590.4650458
569374126.7065917
641592055.2439208
715591968.3833293
737112802.2281065
772316916.9104776
752040870.9246702
768362365.8975766
719993687.5515223
667611337.5423754
649009512.1419961
601574569.7355397
570793538.4153438
591882694.5348349
577141933.2070973
588327937.7884483
618721859.0814164
593199528.2712414
654092703.412613
695361498.0772845
728353895.3920149
763291010.3203187
805303030.0583295
856569205.403657
906417642.88308
885350848.9506052
890323575.4604253
808551658.0792973
781021107.0160371
747400810.6611208
753945206.0283856
818976468.543608
799502797.1405114
854552365.4380894
866949451.4155476
904669791.9561349
934662723.0563507
955699950.8538609
1018232012.4738495
1076547194.6190674
1056944653.3484945
1098106036.4641702
1071925144.9801531
1111752659.7576997
1070458111.3595662
1017980834.8852412
964436150.1160505
930631413.8168437
932627810.4657422
845824967.668248
846266601.5046579
775922127.7614262
803237198.0374672
727556103.9264393
695184588.4540216
705041244.2890234
664299914.736437
653439509.6686627
634471341.9085944
645835630.8685619
584204177.1998208
547868516.9236798
543184824.680429
485700407.47834456
483946664.9588113
448625508.44004965
412236817.93706876
427712515.53007185
363401320.0861911
363266785.45654064
321062306.2902959
285067267.90968055
277264577.210976
248002274.66977322
252955956.8514165
219407541.1150396
250776734.82021344
175761746.8461151
137096729.52868834
132386822.28026566
62002963.5060478
128951225.04957603
84494885.6364014
92860927.68581611
114405779.29093105
84007583.81820714
93757668.34611861
70293104.61134326
84973455.17238975
53310270.42690443
44476794.24134201
36763372.86986658
3023360.0758149084
5811079.441297583
23207170.972812235
30407821.02926127
37648754.01950906
11226951.063978018
-35498677.1715598
19330138.367849927
4225785.389706947
37469414.21009712
45809200.44007893
9791570.306701357
18650122.408271827
5983396.311936911
19544527.614313148
16127181.850334385
45750426.83419366
-13811225.36288374
-12245715.756732786
12983696.710104391
20267915.401662555
11889683.08495114
27434427.923649415
-562102.7959023304
-48864106.72568706
38549426.27212579
76238762.75144117
47913331.92249808
78086788.66802032
56475719.64477557
-11934378.189988263
-5185021.058216213
30307749.0626799
56024437.96218522
22040459.030614577
4589585.982534202
70568154.42125914
53498672.93881746
29594617.449178096
98552579.92228818
31329205.73905523
50960656.63000153
51817882.2152044
79513946.5673846
105723397.04459378
51770526.66224633
86660276.25419192
92778248.43715873
47633664.10182655
69224451.65986215
94139324.30777442
82117559.83913742
71594150.74275184
105395210.24515024
103530669.4181937
91048064.65652755
135326415.1966377
83208438.94646478
124361271.52634197
136497824.61258158
130348908.20359422
108855353.59226048
131364855.878673
131868088.50824946
150420685.6162941
113668153.43622768
168264314.1806102
203966435.88921303
197036803.5993023
221533024.87703362
202772808.04303333
266674505.6907177
215324859.64795098
282799780.82621676
282255864.6815019
291026985.5555489
266695478.51562572
283949684.78463644
338176489.9695188
335071138.69858027
350847479.8829932
373396279.1986092
429323729.67952895
429958527.20524144
437454544.30107576
461568449.1895308
490395258.5166478
543390682.86907
515372330.5052252
558251023.9237409
605640199.9028618
629669265.4532398
730027407.2576876
758596986.3082819
793825906.9678735
791932015.6971095
912563647.6495254
997892668.3971184
1060281343.981917
1143591760.0245962
1219664222.035911
1352839507.995639
1521454755.2466521
1662796525.5640879
1846273228.400576
2079236025.2802303
2381391194.631478
2706440706.093301
3156658774.412515
3701459432.8705344
4276278726.0285463
5122145225.142667
6027221388.382252
7000351154.139933
7889550860.1721115
8604980754.495964
8893962280.328571
8621094956.492046
7828016320.3956785
6703726225.706509
5698033003.6684475
4933247028.721037
4409469136.913717
4147810116.0931835
4090678019.4418545
4121158642.0641174
4331590851.370484
4710392125.422331
5181825465.418609
5771571847.058155
6449985881.069135
7261754393.137333
8072366075.459253
8792360084.175028
9226744061.440428
9269208145.973923
8873745776.206217
8288346218.871852
7821641638.512432
7487148018.954027
7481899650.743616
7695061711.752698
8200764910.974841
8922749665.315067
9932902660.705929
11168142141.009066
12686786826.57406
14397686193.140152
16313086706.934769
18137739333.593826
19572616643.69625
20527405535.359085
20767347855.44288
20609954775.203957
19892401972.99463
18863230340.31588
17589335480.39377
16150782419.664072
14676542250.338743
13222002555.118498
11850932465.1064
10728898679.068176
9840724619.35389
9046606609.728474
8419357403.072922
7909360576.451914
7511006552.172806
7164631984.626062
6901543692.340656
6687858609.719866
6484979576.682831
6344062019.2536955
6282989541.160903
6183356572.230185
6144180402.177094
6084757804.4403305
5955521467.308527
5795823469.927101
5610283219.143379
5391188272.807284
5124188234.0240345
4849545325.033806
4565208060.923225
4265333389.96768
3956148201.492704
3704458163.506422
3456461537.8932333
3234383651.7273026
3044248072.869941
2821664946.5312705
2655268051.2167635
2447819388.3503838
2318130882.022937
2203044904.454897
2038551794.5841832
1977125617.6859488
1862260267.1617024
1745892417.8198917
1638682347.7304254
1578789276.203333
1496864628.550067
1445490894.025075
1349492379.2470345
1264834323.5160642
1218730123.0417295
1162379161.7440658
1121605096.977338
1068325726.86882
1013720184.883188
964178752.1347865
950002175.4934767
876956320.1588634
867871557.966773
820280004.7159672
785895757.1470788
744765038.8765652
755694296.6714984
720474348.24092
628531096.2014551
608245389.3592789
569652129.6497117
602304126.4073977
612358281.8607963
564486826.2576078
493809519.2956391
485728562.52230465
524795042.42724645
461121850.50668097
421908988.1276936
461359704.5897312
399139027.985775
407108125.086889
385251303.4684906
375258821.2586272
406913009.2191975
397128799.1884067
370297527.33388543
307219763.5072144
333559408.01307136
333201375.8716082
295245680.0997302
295147350.34616303
320497882.1878485
292453669.1943885
272006300.0078262
260433308.2470951
226555567.29080415
211357506.425754
240912633.921907
242665804.27507707
204071515.97381714
207131604.50023907
235337542.01314276
226901685.83441973
207498560.0670913
198716005.27235866
197471530.76707488
188243658.9528129
172614767.8728964
223920274.33280957
201105744.5055976
146139101.0721133
155350150.46165097
141783409.23874968
154924107.76555365
178682688.76575837
94581291.05460483
124046928.02765149
186868186.9474991
124295459.28352523
135023293.82881743
122912246.2476993
133555876.00140662
148163461.29006487
94178343.38097484
101792974.88004322
119860279.02130708
110797731.76384991
58886244.4664979
87454085.4703232
80908104.23209898
63954440.343865015
112049778.14806066
116409994.67191097
113301794.25140807
94478393.74920776
105464917.52218261
77002471.72599855
79849277.09875464
88421688.94350344
98143062.92271507
104172801.1635475
80563752.6519359
68741786.89409158
68569022.80928373
15532777.300739845
76336643.57543218
109193445.34665826
68470404.21096274
76704202.23374934
73157405.0896079
78524904.92680095
74512942.7508675
123466634.65210256
93479908.09817587
102504014.92317796
77028638.7655975
112317934.77390426
136934946.74701262
176775156.72393194
175267314.59589863
224303759.39893377
287000833.2872227
235239985.3491538
338708663.8903918
350128965.72718465
340643722.7036016
361379161.80757946
374172389.5827292
310423983.4439517
297057282.087761
279877906.46403146
268055522.03445268
271895138.92253524
238396477.7422244
220226417.77747566
225554983.37582117
238846422.1173022
246803507.56212908
307847513.7404784
304564609.00099254
367536178.06641006
402098821.9718286
369297538.2601086
395279711.75902104
440053988.3601885
430650347.81357336
384725957.5745732
429293985.6742018
456911737.77032423
395074317.76689935
401684042.4031545
435885262.4393916
406176230.28676766
430540334.4685346
469409078.2733921
522522057.5844959
599127187.3494275
607199512.5476555
636477399.3682239
686732573.0944055
746980342.8759179
795000132.9406277
779296771.1916687
779043737.4255583
833768506.5066996
837893366.4614861
870192558.6742125
884415277.7562199
853395149.0321611
883133591.867054
872368983.800539
837992333.148083
845522673.4432052
860852511.2238535
866245245.6087265
876238895.7298687
828252545.6174116
833410402.3402066
832114156.8616947
825289727.3911953
833239392.1989857
791467487.9568464
780303883.8033884
818120273.6864512
777842889.5926187
744427639.8232619
713031987.7068233
706058718.3955232
758386601.0538534
693687607.3306032
666517862.7752191
624099685.2250307
648473964.6847191
631647931.723668
629624285.1918195
612840634.4326696
566242033.0426216
590736536.0116308
556723867.7338113
560849285.921687
496710814.14552486
517038010.1625942
503424719.5130825
506686452.2515145
522545311.5834878
472244759.7452563
472297709.5196718
463728697.11309254
447277986.7939339
413582468.5211413
432270777.94170105
402185609.0857855
401298983.5647998
368660759.97914046
381450832.7710927
400465777.0241513
361786211.37445027
347315118.4657338
323302553.70888454
294617846.80281574
272467431.7875684
315696034.3017092
298722514.83439976
281561384.14261323
274469714.81455886
302124229.5360721
254271155.32837677
230016854.87685096
243577607.73781958
196931285.56178132
211575779.40185866
224637427.2786666
201906277.90172195
214988932.74859422
217150987.2981617
194809716.00936007
204711466.78563845
197518321.16810992
219919097.50573492
175899290.20501798
150437838.30440792
159444171.92133412
199047754.28702754
196530785.9382092
171196038.272482
180909629.08329612
150823783.45120105
167250919.26944345
150890915.17755324
473005633.9678105
523480091.1896529
593722464.3553442
591120351.4348415
679406316.4202869
691413657.8726612
750097338.0235326
839438645.3618107
898615275.5609267
919674687.4738522
933835043.722296
915479899.1650355
852754958.4538293
794288776.6593437
743046118.9891194
683854767.8590863
655216730.1891742
659393251.7786534
644174321.990131
668766314.9883285
673393225.6321967
720547987.1997879
700030876.825313
763418915.8239777
824872852.4696598
865764220.2235395
908885682.774168
910134267.3824373
983792150.7826445
953808461.8074688
969028875.6408864
942143595.0469234
878621945.4071426
910778142.9908694
840765278.0805302
851129896.6752173
866366488.0578133
868655705.410171
914653732.6076685
926544031.3481377
1029011735.2615736
1092188533.1910868
1096027675.507436
1101101513.685185
1196216653.345141
1199258046.6743126
1224262812.6707716
1196499773.9588795
1149462885.951949
1143877582.4848895
1052264810.4530073
1004119478.7389898
977665774.920343
985411718.8449886
940842230.870594
898170788.8199944
792821067.8026189
775108691.5088863
751324217.9887805
732497304.7864223
725580938.4088117
700213653.982992
715158968.0935127
649970594.0412811
648938734.3994133
587185137.7323104
571843924.2086468
581789937.2913039
525585277.77946746
512433546.7121849
460212386.3558358
405467086.4668027
415773597.1701931
411702363.69029135
342889211.3230208
340138939.1677486
285105695.3661127
250754002.8927468
267643011.01684412
222211249.13735607
182243325.35846782
195865723.66866437
205588357.86878505
148554368.72563252
135313875.29539922
127554273.48653907
141718144.30158615
101238464.31903063
87006495.36453225
119128453.26020715
123736465.47959526
119216244.601535
86395055.62046838
108505822.27266322
96212680.30881786
73251879.25084683
89499293.91342095
70772372.52268618
85956055.37883574
102727465.46574633
87512591.24541384
87808750.66286798
71023057.7788373
55315754.51206498
67388346.06911874
38263075.11503552
62052213.48093425
60225649.91665602
22347356.662801154
74465820.67088725
71393726.33155055
79680119.73597538
56927360.51635456
63515615.89039757
57092642.88162863
27689079.271407586
59731119.95499296
64373200.17482418
29373384.998931464
51643305.40453736
75824980.90273663
21540883.9227447
42857026.72158946
68135439.10527712
55889439.89087811
73652159.75346592
43655752.93407357
71297360.88236015
58671185.04364745
24530951.1813167
128067347.9581368
88058103.95431516
76934633.29869097
96771866.3038936
90990514.97787304
67250684.13630012
88058512.54364935
129943389.26786847
102333827.73932134
96734977.78804351
102210015.83502218
127281472.78542893
104030234.43960336
119907367.71318242
121379898.51536691
107441301.49534753
125732680.06689143
119858026.65953015
149823863.21536115
146178025.5325945
140384388.87447658
166946270.07723874
154087864.91971827
179627908.00797445
178816417.65601152
197005108.77054757
220242095.8126539
238092610.80620724
220026303.6079116
240288864.4496466
235297778.2434436
225286541.03857315
241540974.23047885
232177810.5588087
247568989.2007092
271079534.1765394
302398907.99081326
293773759.1546691
300800973.77211666
312698222.14393914
361168269.3624055
347951414.9633664
421139199.2964392
393153216.54580253
389790093.32514155
425549907.4599177
425544945.5111697
497533560.88108385
509464798.2757274
507213999.6305138
525520676.21509624
607722755.5520473
596841369.9882541
645448119.983437
675910922.9390762
689990298.6812017
753177665.3801346
812388020.4801638
874346185.0846705
894856645.4981484
974352799.0211747
1070607139.4980576
1098917473.7946117
1209945414.812282
1298433444.206227
1393179527.0935276
1548692067.134694
1673473765.6243222
1833473910.055317
2032983388.8647006
2298154604.9190426
2543757612.780718
2901927173.3870487
3344521560.145022
3843880804.213934
4516784880.767359
5378088929.913218
6388101993.422192
7578877605.69499
8902986781.565584
10087954097.51735
11065806527.162004
11501445315.571598
11128963822.3797
10074012288.455475
8558288796.772636
7149409283.907354
6135441437.998222
5467163696.113037
5059584717.585485
4906025856.839776
5008567518.3464
5282089178.123503
5612863915.3136635
6136754567.973011
6894029562.7896
7730403890.101829
8728658042.028017
9772952625.944029
10705028576.9989
11257720246.886238
11316677295.194544
10816936869.46761
10063790015.087702
9401947684.506952
8959742769.592247
8889336253.569626
9096203231.583261
9619647222.47525
10424061542.401852
11571891718.029154
13020229970.778023
14769733820.88415
16856160136.968744
19090390989.310406
21321624007.764782
23044260267.880585
24105716813.62525
24491862196.530876
24128009015.115658
23282334409.7079
21990935697.405853
20409763131.472458
18617541945.78655
16847927169.516884
15115599997.613836
13528144832.781986
12229228335.903818
11125316206.766266
10200236292.427818
9426650672.204407
8854360140.399084
8348679553.022909
7915469343.240839
7614537284.748503
7369440553.99099
7128675710.303701
6997779484.087554
6839416803.198129
6786495141.276074
6689069353.821671
6623060868.744579
6536684596.119565
6333672133.115648
6146792021.936447
5850391086.062488
5577059753.575786
5259145645.698948
4936901851.1110735
4643939827.058039
4329147845.90494
4044875832.671918
3793174586.8318586
3480517057.8778086
3308426229.964238
3083308345.5792685
2863535971.1102667
2731092211.8366313
2583504184.8963046
2412154396.422891
2289165280.6421585
2149352426.7356186
2001194621.7077806
1927917312.1640987
1833009020.893746
1750611661.5730534
1647791569.2560854
1527346086.4680924
1488474797.0332232
1454421441.8419974
1323773820.1265635
1300091621.677211
1192919073.2619274
1166416522.6798518
1109304654.3211563
1091957162.9103174
1047649324.4257324
1012946333.1639683
955450764.1700158
860342570.2611954
829501159.0835954
827320226.8931584
834746080.8711559
766215211.023272
782946947.9996052
733871869.8013065
719319851.2008591
638982451.0305358
669066791.9306566
623028928.0259249
616282755.8285182
591039076.6400162
511177988.04313785
553563246.5997517
547643888.576616
488301843.43669105
518831117.3027871
495747853.7363237
474675051.125103
483815941.1230159
429088871.9028346
428239206.36335194
386538960.83994496
416267992.9016421
333472008.4300831
375315001.42786837
388739723.94338244
329505436.6243126
339360243.3683575
350856554.82922447
304419652.2146992
303862283.4399433
299827342.15062594
323143302.50858456
328078900.835421
295860655.82469785
294682821.8618281
265467824.81534266
256313391.3553611
192759586.8115511
252644441.4626065
249634350.8442499
202869033.76745197
231911768.3680124
240026820.78053838
197735744.80922097
218296809.25066596
205898987.17281318
174341204.50933
224388184.71340424
218506842.97711027
180067367.07582167
205002444.23586774
196751582.0702649
191568206.9177286
172033234.3523004
169251658.10209718
150701024.00983238
175420182.05655283
124328768.53064492
124036107.80786829
155577340.46819568
127496267.4310109
174943424.80035105
124384862.13309096
147962461.86776343
111937861.76393145
155366249.1798479
141498142.14121836
138312033.2417638
137638506.70280173
106986501.94545633
124692475.9265373
133502156.55183345
138054126.37058517
100332390.49580702
134609390.62501603
133561740.82155626
151248986.525135
153785567.9943574
100358694.71782865
156126387.0078861
133721847.02150957
108220433.09730695
149292793.62892804
127274784.66062647
120490717.65802118
80913769.83127005
142071222.0582128
110276825.54790686
108989992.19917418
142521619.63065574
172708225.7434089
175353330.70823303
174940493.2132276
176996774.13960424
242427114.30498275
309584906.19274676
331152052.4303159
429179604.16738343
447517445.9406282
481526439.6066071
499275999.2560304
481404804.3891919
449058505.6129904
465977517.11309934
364145852.6175312
351327745.859357
355042983.7668957
304757957.8655744
291505528.69425416
315108685.1912948
326114300.30808586
285574730.80696964
356936804.7160957
328493025.88772774
365074805.6968493
425534484.74734616
432842711.5253141
490260388.6714894
504810728.9698148
540963184.2290106
540849895.1254896
530478191.23489225
537606923.6326671
492325031.7643924
467285808.8230109
475384084.9390237
444055583.50793475
528304676.2171809
559257657.6924419
554415919.9228927
606285356.4317477
583764289.3263322
652337598.0647631
721233183.8931097
786703158.9894936
812716756.5661589
878871634.6432712
925928237.2839422
932613880.3139341
935553621.7390006
980320718.9801731
953066395.8137512
972332225.8959256
997459989.6952913
964869963.6917348
950039612.8858365
919847421.7221844
985774352.4525914
925441660.4857274
923217154.7658064
893888977.8529981
903388777.9006182
924123486.88603
931956421.945564
924434070.9374007
903129751.3720953
885090896.5881939
874306602.7226866
883887018.8397024
827399986.0326473
811143559.9439362
793058596.7244787
770112897.300858
743936100.9486053
716661019.9799297
726667167.7735089
741096419.9116457
710446780.4513776
661705825.1129572
661293808.8030189
691370631.4546434
625313340.5355711
628558005.2534721
578151402.4752386
575318356.876116
579671741.2638426
572437118.9041781
544642271.5951967
537742841.4809648
578859432.2016838
522201201.23013043
506916136.50226706
479583700.0316757
489049227.4365511
493492717.789088
475595233.4139193
444829400.55808604
436819662.0354965
410505815.19076777
426785491.4506248
377699729.2994799
394511947.8524351
379576769.3995911
325104933.85060835
365111619.2624068
344244955.75640476
344126516.95805335
328572500.0284988
346924032.21368873
359222202.330004
349793921.51641434
294903850.43959445
292656674.191985
310836493.0617633
296331878.80510235
296919848.4472102
259077441.61529985
291732468.6437251
272251465.5269186
217449367.12974435
307330366.27849734
229229281.7039876
218565651.6688498
249626603.3968463
215760417.15267354
272020570.4999683
218169061.09466103
183058547.53635767
200034418.1160075
199761537.51871383
203214455.6831497
257972146.5180312
202123308.61147505
207764171.58110565
563871853.8592504
565752207.4297616
622735828.2073222
664409470.3425294
693735158.7021198
782287227.6012545
831376608.4369733
936075753.5067089
968234232.3162066
1019172046.8803606
998079632.06274
980288499.705605
937431247.1819403
892303984.1560767
773237509.7975969
718828260.0386851
702727081.545919
659139305.7930679
660393646.7474588
651236834.1336985
694883577.2073603
717715106.8487093
796178545.0961164
782431583.1486813
856664965.6231039
924268782.3090996
944655348.6587884
987162420.6370311
1042884204.55862
1045279056.4928441
1027080502.4208226
973842434.8001505
929168006.1492412
878094682.2972934
877216134.9622529
876494394.6387718
824337225.6582307
907227938.843013
960635575.3390108
983297481.3213555
1011693798.9118142
1100078046.0840778
1148052530.2613628
1233894592.3043578
1208405474.6793013
1225154600.4473913
1267811025.2467868
1236920470.5387301
1169600411.0506923
1160502517.9058135
1150838149.8837292
1103360890.5112703
1076568797.9616032
969304135.6971784
946045481.5961819
840477599.8176439
843882573.2049972
804049192.7728491
736822985.0748335
727267128.7017218
719383344.6705433
705441991.0610648
637478115.4345684
600422061.546769
566433975.169514
578808280.6297861
559216763.1906202
500762790.2442747
474969135.0649918
455593207.4342333
416704869.19677114
406559561.53664976
362133181.33456033
301568808.01529795
328230525.0300565
300480322.2757269
269049391.73688334
295026594.0523415
231226470.51978913
192927721.7003402
177431739.20176652
148416360.85978588
142332403.7606987
129295824.88712993
71768998.40460838
76011533.46121539
38277507.046789706
80411958.17901665
80997680.2991177
47284773.94576826
55839942.77579479
51953922.255887255
107329693.2156657
-10126008.265589785
18022145.46046823
44822691.63864445
-13570274.66595877
41071778.82691291
36448430.2232431
18706031.294199254
15442988.496567259
15075817.484668165
59698498.272571236
-23323388.99940842
21177271.642409485
22600838.75997103
15551403.072728796
30961951.694301616
-14789008.704115734
-3592604.753196598
-42006806.641517654
33660530.93515785
33877619.59894222
38941175.103978045
-20531019.7188959
33493299.453042258
-2693183.6646452453
-13768075.110716775
33479742.468103357
-6875775.32406611
9123082.761104904
8030794.332546236
34346266.30706524
16382267.248680672
35226120.80895092
33605748.31765323
47834035.668869056
-17216189.797874972
35408155.98268255
33998391.593656555
7763012.193496156
39086773.3186962
14708224.937788624
60484067.059260875
54314192.763715595
2484152.8194426354
33590918.46902529
58200977.35406371
59582093.80941039
71514922.84275986
72629530.5886752
105154650.85788453
87888109.89052705
64471438.34524201
82609603.178859
114230852.90119672
92688056.82628807
102596028.33826414
68706001.75102279
98461499.61048013
110824848.74832797
127237402.23877461
142874678.514484
168192912.35297954
218345580.07481772
165837696.4037974
153353850.23412323
146102825.57573682
189518053.33040124
191028853.44212627
244347113.54507264
276765480.76514673
256065293.61927754
227909590.3630808
253313555.93749022
271999099.3568052
260792336.28116977
290229819.6453167
325180504.6244336
338890004.2985357
347690669.0740285
400468737.1027299
332423011.5936787
400940878.3564828
433067952.09010226
364814261.4331979
462617679.5745052
501016606.1461522
475503079.9443425
556745490.8582696
570302773.3817918
597686559.743677
677353422.6151965
671131602.6575471
719437647.0596223
766961856.7690864
871784040.1685317
896330615.6996441
903612387.9373294
1015303916.5711217
1063297517.6511867
1115511712.577834
1235952811.143095
1345591317.164843
1445640580.3671675
1583072809.4049711
1725283100.024623
1896571268.7043777
2089516962.229113
2348261798.2572575
2627987021.853627
2979603398.956691
3426487234.274629
3941138427.1319504
4615713596.773734
5462665424.914325
6551301516.277851
7851518804.93561
9394949274.381325
11096605965.401129
12726219217.275715
14080549178.727768
14701123177.561853
14325769321.777262
12876088574.99797
10838403709.41499
8944827194.210217
7482431961.085382
6556901885.641155
6062538489.156331
5803324885.744902
5770155118.783558
6071238717.502785
6501732152.566999
7132522858.934399
7995832558.724243
8974166831.52573
10173091807.600672
11492158189.80811
12656537721.8662
13458360545.748592
13542749182.268646
12892388776.991076
11893782640.525635
10983547493.640781
10410172636.265223
10152486810.572144
10376497171.713133
10922540512.165003
11785435910.69234
13105734373.412271
14823864954.797617
16832123573.672367
19291382782.679962
22027474649.774757
24592941278.90267
26686933239.182945
27906428891.230434
28256290987.273617
27821516433.069496
26724457044.822556
25183629624.63491
23275914048.6286
21180177797.89457
19070002281.568756
17019500610.157928
15174679007.292562
13596772967.798435
12322946784.926754
11283224670.248608
10420684777.33128
9721921679.310452
9174014851.35477
8687483443.896631
8323053031.440612
7980789364.947315
7720559204.90345
7552494741.350546
7371148396.161331
7305683872.105308
7242285484.339012
7125568107.865598
7008494390.633994
6824035710.104998
6627124152.59898
6416789320.497728
6115058399.926236
6037158981.940109
5777444747.254964
5406547691.586519
4974400379.364592
4483948917.380159
4205749410.586593
3867871837.1071024
3589971578.6713953
3333758173.493765
3111829867.1609488
2922088608.321151
2738766054.5403633
2596453956.71383
2428440858.9523864
2292461792.2267146
2178961827.6659083
2038885748.6320395
1937198170.7264
1820904152.545531
1690504327.641656
1650847727.2698598
1550505051.6551251
1412497025.4189916
1415409952.6596513
1332055138.7643857
1269432699.021933
1224233442.0950494
1149799898.3152087
1094502042.980962
1062743227.0966018
1013117960.5547302
986851500.3422582
952647365.5973498
861023472.420873
873794824.8417203
813593808.8364906
765195011.2843957
713284182.9978721
690149763.1799829
710024649.9059044
651855415.403421
580154242.4562881
607374024.337039
531331585.01743627
554974322.4075142
561505444.1662366
510091909.61012584
496311888.0261655
461316281.12482035
465322037.2898454
410969881.71157205
410831408.8879962
360733734.66490763
412732750.9829689
397677473.4258955
388447588.14262503
382665853.7559103
360432643.63339365
318288831.79306215
325180404.29031324
359575100.94810647
288769690.2004615
293253345.3064018
305156178.65486896
281162866.7555642
287488390.4403048
282295061.9953178
233581589.6974966
242002703.53367686
237800087.3589381
203826217.8553733
204098215.54412076
217706777.39328116
167428481.69314057
210361250.2702626
229058959.88380405
155195383.79408613
169261283.237794
182421807.93409613
101344532.06280552
100719067.76846701
114740468.83379918
149889641.43726626
99259853.04822135
93255436.31584911
154543567.34036914
102910272.76055089
89300289.62347758
89072006.8578596
135890381.49279898
64791023.6707266
41573129.78838645
125049567.4329378
106402468.49855195
79574429.57165821
115645817.47406003
84701897.97204022
66971819.39270506
57722660.02974795
53951456.873459734
28376539.43610793
66512704.416599534
91984979.02485843
51013087.27293366
46175200.11478894
44468197.59869878
41695272.21125671
24529389.08415488
-12854010.804141212
-26074106.32363809
48800749.902039856
41540748.77476763
-14340531.867904305
-9113215.991544124
50262689.621203735
24831977.0787059
40118819.240346655
4001843.025961805
51837228.8708176
87183494.46944183
33138447.89406322
30849336.66201567
37525480.867890835
108973267.2855744
75721086.05457063
67433310.34239587
79715654.83860843
104441807.48406446
201339251.5285794
214867692.69147286
237542154.5871691
314050012.7024251
341290841.76034474
424240495.3554921
442145672.381338
452676084.35243905
472068398.3570173
457793163.16664803
388855353.5218919
341700626.0228752
331082007.21108174
298328872.5798373
286338704.7429772
253483796.34326053
225639328.36568666
223319589.2980513
247847700.99371064
250927011.50679553
293835746.1508664
381989428.7008521
352465630.49524367
363489023.78892934
435900371.85206586
471032043.20354056
517970736.53556776
503842576.7333194
491861834.42831063
439585183.50756544
466961112.45245767
415377679.30333
445229427.6354517
461751283.55398643
408303939.48906577
483694265.29430383
496689112.7083682
515358544.7302073
579991244.1929989
656066486.0578434
675861969.788635
717642365.6914582
774079868.1477332
824605750.6464827
864554375.7754292
905827972.8853476
908208623.9307638
911566299.4791051
931530059.0297418
926518246.3630884
865628392.9608424
918657683.657519
931177711.3905069
884998319.3511037
864927969.8253076
853986241.9892355
863744624.2677923
866845524.4798346
859572362.5104799
846032073.53815
893169808.7444004
854373236.6602583
860693194.3544852
841278467.5742222
793472719.5344772
781660749.7064875
777213465.0326346
758706281.7981838
727918274.8802772
714166752.1653337
735019075.4207686
683505297.4982578
660645231.9458266
656877474.4938626
626793110.9813932
591352403.9552022
556824287.8174385
581981020.1490239
558652189.2753854
549521905.742674
539016409.3746217
526721078.62736905
476713916.6334878
494726424.9649489
482024243.3080429
464758602.54777086
459418972.05810726
447687703.68259776
474718966.79633033
420445962.77264094
401295374.1947129
399674841.72608006
336682283.46348304
353212915.2702118
371935778.08893627
352554328.9708929
350999101.8643793
349734566.66077834
340499254.2343777
317057227.1405928
326499941.4944195
277369824.61413693
270730802.26864636
255561484.91513145
249936059.1237112
259956010.85506275
222645758.5913535
220162755.2315017
222400317.73111022
228007793.5980212
181791313.9444275
181381745.312091
238917468.75729764
205954006.048507
182243861.62710038
152548645.839077
124019271.53144182
140311011.33925724
164263511.54718614
135148012.71920422
120094284.85697082
169917966.4525628
122264725.73977846
127480749.54422869
118698142.26922521
84759922.38722007
98101432.27310921
109095278.58510283
124603048.49479553
94485011.64470088
115541321.18904182
583128464.6381556
650013058.1830227
755202410.8762993
784847462.8633983
858505486.8867447
892442950.1924877
1004150490.4802648
1105545707.6233306
1140827446.324611
1229215854.2623458
1278438837.942975
1221869494.5948596
1137003885.5880945
1022975872.6855233
910777939.202589
837533031.6636164
747129742.4949788
749976522.9241402
738249885.961364
732714278.8795573
776625063.1991367
812461670.0891376
856027068.927453
902783505.1260538
1009692411.7647817
1029662432.7455178
1067589936.8997934
1170408369.2410078
1160353901.1908886
1163645828.38049
1169924139.1960256
1114089437.053142
1080332019.3711472
1028702771.0706902
980211978.7491958
1015393423.7721188
996891223.0505688
1017729825.012405
1046205226.1732802
1078931195.2089663
1135762366.5231988
1191182379.5215976
1248304803.174105
1267621860.1892934
1365374716.0543118
1400586928.0550346
1429131880.473415
1444140524.8591661
1381413348.3501177
1322458852.8976393
1291098364.9134412
1257814263.7147546
1163027352.5205612
1088278423.7971663
1032847766.3695464
1025235214.1255155
962628008.5082338
900831888.3242984
883218072.8628548
852147175.0558338
827272846.7198474
751472755.0510192
746608539.0942912
719438619.0221837
658003463.6954597
624249356.6721728
629583431.1598516
588250292.4881715
539692816.613909
527736498.6924696
511978154.51697636
462348758.28278744
430149819.4671824
381685713.01763076
388519856.28281736
381234924.2372469
282845493.84612375
321421447.8714952
248769175.64488128
269801937.7383278
223127558.75890887
220824490.0134902
214222777.35506076
126875635.51542923
189007229.48641783
156387724.15165555
135876446.36510903
140491607.25151208
123660410.86509906
131510478.93075338
154950481.85980073
120207428.02965164
140689823.83927208
96715387.5608806
112337801.8297558
103196378.93496092
79450991.84491672
102104653.66000254
66783892.95710014
75972415.28253618
68600264.76941146
44633310.85274633
94782417.87358607
87946947.74481444
22251314.387682736
75057644.16535695
47967593.87743682
61365029.578700766
111348732.9474647
87267215.4569754
70012359.7499282
63291128.280014575
56726586.0739552
76212357.9884403
126531254.40961553
79013153.06390703
81388213.08986919
95251255.37133977
53492778.22468448
117115519.74966294
72116599.26315783
99096200.67974707
124895926.61060002
86367508.24936166
103074634.13004842
70981022.86189564
98186018.59355444
121671915.64115597
123092071.45747632
110163907.06541489
172086980.80387315
141580825.4353463
136254332.41843995
154965571.59568536
104193944.46528696
144315898.82697308
118510846.19322544
122435854.9070097
165304293.4953291
156294153.1678107
167654484.588135
173761906.64374304
139164281.6183432
165036272.4812466
195612283.08397442
190049445.21209866
185826356.81028545
182924185.35241783
224032399.5916103
258357925.33862936
212856263.88940462
228560186.1388353
250275502.2888325
173783541.3705821
208036313.67541158
220359193.4497462
297655637.19750357
302998064.67639095
287778901.44073
335256233.7223476
327597909.62537426
325655673.0717384
335948426.92519915
417405538.98024195
365622653.9525676
429543045.9326958
431054043.45241934
399540895.1576022
460582246.31485474
476981089.78625035
489382441.94002825
469813049.5841658
542425119.5149965
555711060.1201818
538768305.7610102
603468204.0799439
607496843.5240107
630638383.427592
676989511.2831795
701498208.9811281
740960163.6754253
779472879.4093554
863594560.0102708
900923138.2304733
887696552.3643954
987565434.352689
1046068525.3316281
1074672456.0306485
1217673616.7913966
1226423894.4347377
1325960109.291276
1421114194.5231626
1509123155.403528
1639553264.2812746
1773959474.7785969
1891697709.6980162
2062818593.5878906
2274025603.2321568
2469602085.9504375
2779385212.711591
3136461626.9086704
3578193787.591272
4011564536.2598658
4698312024.088063
5455514759.78253
6518040338.762941
7824211038.085427
9367003133.335262
11333609850.099314
13485222110.754972
15649550881.103546
17392918282.809544
18343137735.55819
17964257183.50968
16180975709.604057
13425460009.868565
10851418136.782879
8995305495.303034
7773217062.014699
7074894162.965692
6716633548.171341
6730819909.784824
6951003244.237085
7422387772.94165
8121877517.661335
9088793017.702837
10263165049.045013
11672779390.142456
13213836995.52201
14602948865.579533
15584015612.316519
15664214244.764524
14945749405.518826
13688142209.621082
12546597279.436573
11790184003.560768
11440997988.909643
11614706351.64998
12189225804.749485
13158581306.447475
14513804801.928257
16399639532.796844
18774752907.230995
21536929644.158707
24588982844.38974
27595747497.06778
29944823514.57143
31374467754.141182
31750641629.540226
31227964944.16574
29921699347.636776
28087318818.73988
25929685166.770615
23500898733.15704
21121796417.463654
18800512290.9355
16780670960.062828
15045588375.18181
13557071923.925276
12378538341.155891
11410069483.786993
10650685693.846699
9964732685.007767
9486811846.199823
9057255310.909521
8707217826.220528
8449423326.199596
8209262045.3154125
8116079060.421057
8001732208.903048
7935010113.057978
7844216234.032182
7676386458.063419
7503118736.897849
7305061831.452974
7037426275.477413
6846321365.527418
6551104919.649554
6342937276.508755
6015084540.532642
5456858506.96662
5014144612.175123
4569785789.654251
4257303285.1615095
3990567718.900007
3753098810.9103365
3512917516.4522395
3329441127.8667736
3093289819.459584
2885634098.5441556
2750744911.691945
2590931742.988985
2462739806.0853524
2329743805.7769914
2194088252.045924
2087773299.4461954
1997883069.4180841
1874858603.366723
1808974362.74865
1716433654.4962404
1553518022.5696912
1538567189.112953
1496959299.3201356
1420183627.3956528
1324833256.5037282
1249745618.2063746
1233082581.3041253
1185291962.6358223
1174929322.9584901
1082459000.6415536
1080818619.6756215
1004859524.9682252
962061348.6437604
934683964.3561578
901733731.8681649
874100299.2037523
825242651.588193
831230652.164046
777569884.5952305
779636038.9731987
753047717.5605704
664853756.6553469
634611400.9936725
683683060.4841983
648759877.367095
620388327.301242
590324284.3664091
548597341.9889492
546375652.9471061
573774656.1877005
538818486.3802009
519941562.1103821
499956457.46494997
480870781.0573935
459387914.71241194
453569652.3014838
451540030.5415287
398844190.8199359
455909317.88211256
432685778.7611933
418374326.8125093
390127071.94131917
348228986.02780855
357759194.83749634
375767520.25902694
369061030.7789738
347770956.9120579
355240378.858485
344560946.9183332
329419763.02263236
324480604.39039886
289656441.3900404
256424138.26151833
271981781.70447326
279101785.7531862
300205381.32855654
282161936.16154134
286678103.2592825
298577941.0995356
252701069.44887924
240469928.28034484
260663786.9419571
249801312.98641056
254218016.43521732
201168695.5596331
197111345.372476
261410886.85931456
243178858.17688555
200398705.16342017
188721256.88448912
210989132.23983648
220910029.24108732
182856289.2243681
198368044.52764612
215998792.074296
207022521.57518837
210042761.58845252
158260788.90924913
201644452.79048973
162313879.52964073
199166302.20662814
211541595.45114988
166056626.00410694
172293575.5088989
120198603.57792258
153884135.186544
162857584.29227638
151596816.22292313
148594547.33734143
154941821.7686377
149388838.87673718
183051182.65219605
195920970.81853342
148962052.05437776
158780203.04386097
147313103.2559489
143588482.70913655
192048175.10357946
179713245.59740406
153331926.95833746
119223402.26421499
226615381.26351553
232502160.0451473
255146392.87539494
264267513.5577256
273925799.13985753
356993905.99831784
405261912.1900406
493981616.99469316
528207038.14560974
636880226.1327031
673545689.0022814
688692130.3549112
634280788.8553475
677758366.2415335
627139667.3412958
556436014.3732247
466203360.87778354
455249571.068208
471042579.7822362
381246364.07322323
355448212.60526145
373805996.68695855
429016468.2311232
374718205.4555603
412848852.4867461
452409148.40605164
547727572.1793332
571837706.1803094
592191057.9201548
626433211.7233775
650704099.1009989
659401981.024358
669193045.5979624
626386399.4363434
590178236.8729861
623553825.3773439
602975220.3701451
597695841.4257222
594765751.1087657
606294751.1375573
640148083.7917525
675082585.640526
747765691.7676189
820669215.978849
855286134.9880108
914746807.3451941
964166955.6945162
999374384.8229337
1014984120.4951594
1038807371.787252
1062959397.5011096
1146153573.7338557
1096802706.2689223
1085406451.3518689
1093660395.3185108
1037992184.7752224
1029356783.6339567
1081232030.6537776
1053149790.3084792
1021050496.2567381
1033837177.620356
1039699881.0202131
1060973603.6843997
1034963694.648672
998085816.341637
951430757.3327507
1010597217.4472759
943192010.0978718
957357700.7705302
949833084.8397961
928148276.270179
889528283.3260535
886174872.2060513
874395603.4945245
775559384.3586054
834997410.603863
815204492.841481
805843042.0233672
769374849.8435308
743140471.7265096
730244850.5951424
704179168.4809134
700984027.5129763
694820187.9830186
687587654.9686688
625256596.9368051
672312199.380138
652823777.6868975
608028768.8620772
654060865.9648665
590224029.5914304
548075031.7848471
539191565.1851802
551568074.9679562
519958897.8406702
530826691.725772
549095867.4451082
482988781.5999692
481386015.8742592
490276512.6969537
490956002.0477731
455511350.0885912
492292190.5445197
492112270.51960087
415109273.4549905
435474216.04244524
391388171.84814024
429022884.0693327
405690595.9786743
391640134.06494635
415257169.9026699
368945404.8434003
381188269.42942035
359674809.38960856
387661163.1572752
354608854.0902848
313823511.96485335
294173054.20509946
304098044.2384178
332982037.3914555
331078667.9778356
331839573.2188738
301563519.91959906
244130968.70896882
324944466.7962393
285997157.3356885
266159527.55892837
313494175.7553061
274051930.81866723
269368163.41257614
242917792.93124807
198682892.17203113
213697904.88374305
281698193.8030312
206367309.2647803
294684463.03791857
301583111.2690847
333530633.7589903
423909627.1145005
496372555.8261342
565023294.1836684
660141313.6399586
760184676.5246601
821448832.9512663
925912118.2547874
917578946.4606292
891096322.2095747
765904121.1435158
706758145.5766566
555231451.3623486
407824251.8559174
409971065.43949825
346152189.68442756
307137839.74565905
370807368.1400601
374748482.5030766
441777087.62525046
438507024.9990297
473573381.3836795
591450243.6036246
593071834.4709564
716842213.651749
737336510.8548692
799391621.1653411
785166420.3415858
742934289.6230974
709829376.1154598
666455039.1747586
631607493.4142126
604662674.1839455
564511948.2638303
526362901.58973044
619678021.224588
644015106.8588831
657598130.2862098
752056638.1258876
814911398.4324673
829905349.3165902
976530752.5038451
1014740071.8430512
950989491.3848679
1057800750.5095091
1059135656.7302847
980250756.4308747
992912471.0597628
864936863.3193898
809506121.9812474
828184755.3515501
721473596.3178022
687598960.6014345
657955885.0893754
536997070.4000869
505744860.8872314
485494347.6126257
372434360.7222956
324307597.8632081
395963065.35013485
311638936.36383855
223136426.55185997
195613795.83185938
154280377.53097808
196130565.27890652
109737281.63740133
62648956.45852715
71291140.9032849
16687248.439855754
101404.2295435965
-10971612.349673778
-28309800.81109208
-53072101.362643495
-89875683.0296621
-85059131.46529165
-72124188.97348188
-104997635.06855045
-223418630.89577878
-188079700.5684906
-247284839.6454506
-262768179.19826642
-234626448.77805436
-300655957.9428234
-282543271.3915334
-332617327.84020823
-367366585.5378138
-335571572.8158068
-321418141.5231074
-395161286.5487957
-387923122.40804005
-397394908.29009944
-381579481.8055202
-408575614.0764142
-369759397.81246793
-394285025.7258724
-410787364.3552781
-360582195.9863647
-392834402.8254874
-361357381.28403187
-412685906.67629325
-437411351.243647
-398680607.4450319
-416944280.1217027
-446829406.6281827
-373943775.332829
-367041856.915354
-451192049.7833034
-383769373.69113827
-390595144.94224524
-430436174.4359561
-431776692.2430872
-442883352.02557755
-416540560.06666493
-445307051.7525743
-433094167.79646564
-444428713.0034976
-357755920.1485605
-416003877.4746133
-410025967.5093623
-439587302.77225924
-456601459.7335924
-379633068.3915491
-395378610.08643115
-385751991.54828256
-393589095.85102856
-390972297.5774294
-446251447.6033567
-415602282.15401876
-460857664.0417067
-393858826.4036781
-414040305.1760081
-409079013.62907016
-364511530.9233991
-365249676.5434735
-327208618.8280647
-350102430.6018994
-386427195.8658385
-412363051.75751364
-345761715.92837363
-349081616.49706984
-309911180.91566527
-350225788.4566621
-364253753.4958936
-297200973.7006912
-316148238.9432231
-319498423.508451
-331737971.1121048
-307163168.6734921
-291385038.47253245
-315512331.80073774
-318054463.61849296
-289805531.6899667
-257412243.59860748
-270091485.69321775
-274769340.73761153
-250624626.23226023
-235700909.80022573
-224944964.18364996
-224619955.63753384
-156082122.37254477
-179081368.22333416
-201009595.26466537
-129858963.30695364
-165429741.70658106
-121580294.7205846
-95988096.9812665
-82174027.87732968
-112032440.69031751
-66471325.07122448
-54611607.0019509
-7409016.600139294
39100845.52844541
8905082.40507532
53854274.12004121
104692831.92839341
174300095.16025698
152292881.62595305
207384936.64052474
154863711.4257651
230527385.83617637
295135887.9479753
355822791.66342163
430360027.83601797
429708946.583268
495782356.57670456
536217492.47927797
605854936.3385768
721700807.5932221
807700821.1580949
839251165.1384075
1001867643.545019
1131618553.5685964
1291267473.0361724
1440621557.925354
1620207938.8808634
1848539890.7519312
2069580071.1446218
2361438765.4753838
2733201073.3167114
3187286571.616042
3719023147.6402693
4412799935.578939
5254895233.355904
6322763839.353131
7754827950.966135
9537650240.845753
11637602017.24535
14032637098.622152
16410340773.028141
18508779449.80759
19660757192.67658
19315643792.18537
17326049448.914566
14183144047.04931
11257450600.270992
9116817389.582764
7725242222.560961
6930981806.640382
6569129457.97114
6445000644.493116
6703821791.767105
7174264511.129653
7884960457.693088
8842450932.40343
10105089644.309479
11643468808.103
13194691689.122831
14754772631.139523
15828983226.759937
16008696439.800488
15132282723.200188
13817924246.887018
12521894461.481684
11651479829.60154
11276219588.684067
11434023043.945599
11961906744.011745
12976794071.192966
14458902333.715454
16414716582.383543
18856345268.59829
21764653971.82408
25037588705.06725
28170218577.251125
30708862387.118523
32132129894.299664
32581054215.405178
31934541266.449795
30591632523.635437
28701431083.378723
26441925195.38009
23948908023.66451
21416530624.515743
19020225978.977882
16886321822.64809
15058038056.22873
13508943370.412746
12270536796.35157
11305164004.231869
10551665315.95487
10007695204.944893
9404653925.909683
8886760822.572762
8487505306.342433
8244964851.597799
8148571636.855654
7957880365.981212
7857865479.576086
7804042600.128107
7750026317.728506
7621716060.928807
7595707147.071581
7604859457.646487
7748053467.7621
7865230811.836058
9471971289.453663
9999815908.006458
9129942460.93573
7951548731.238734
6180717921.816586
5617597420.42046
5035318022.007516
4416196578.842488
3823042048.706996
3498663687.738742
3212270478.371311
2907619172.2980285
2703007925.5398464
2457394828.297964
2239747012.5046787
2084346313.5986009
1892616123.7530499
1817881241.4099445
1623897420.8512294
1436588704.2909863
1367979499.6846848
1264117222.4858415
1197759409.5168147
1042616641.7094929
1001511364.399
909561907.827845
801190422.188884
749889857.8411365
678117324.8498445
616160688.7841533
620967097.653303
469659245.6716383
469383487.4719462
346632739.6433507
393418902.4229464
297852590.8997975
265872391.8252095
246197055.18958163
248639620.09841606
296345706.2989113
111187352.54145269
163492518.83533067
142649664.83620226
93181070.86358243
59942352.70893809
50666137.715608984
-2170837.814855054
-14559708.416619018
-37592437.81193562
-76638470.87063295
-86899696.97355461
-91656071.26109652
-167398685.69848508
-111975815.83318475
-116386575.36459745
-183195681.51130754
-250566591.5327315
-170247839.48544884
-228006631.1534329
-278656126.06419957
-188259806.5885548
-285489163.6508234
-318683964.8501731
-217026219.47294095
-286034400.2556734
-311688991.7167633
-322553912.14840686
-367511662.34781456
-303860293.00582767
-402222781.2744771
-315049939.54735804
-362246841.0975344
-388635573.04841864
-428281951.16998553
-418060273.5228516
-376728976.4120708
-414265542.12774587
-425450113.18961596
-399394101.6212511
-437134422.60409945
-447319686.74523485
-470550933.5085237
-482924676.178359
-539119391.141581
-547010391.7602475
-498714618.60986316
-496962526.35093915
-399022410.5735457
-520052962.3220255
-508284821.8497925
-534485533.33807606
-515868647.0431942
-487425778.35562354
-533881811.6024061
-596878308.6740857
-473066757.495233
-511875992.3243483
-546488753.5222645
-504027130.13616693
-635245485.9621844
-578243173.4393586
-534612474.96833205
-541619363.856347
-612060292.5902307
-598419762.0054729
-555289208.6058205
-569101086.1958416
-583028407.1175748
-616563922.3868394
-590394860.514225
-578432402.0338365
-648418281.0877968
-623739356.9457436
-608176311.9610741
-594800193.3066471
-673932240.7331144
-562862942.0427908
-578094613.9004939
-603523987.7774776
-554250914.5179112
-674198705.4424326
-621106565.8765244
-575436112.4055994
-500422271.3433596
-564481014.4071014
-576738465.963531
-507613631.83037186
-499531257.1459059
-461966799.49142987
-430191287.02151835
-410877331.78431743
-334471394.90439445
-200177326.27245808
-168661482.7123167
-155906293.05506867
-88442781.25811596
-67402043.57821545
-106745867.2241255
-211510097.55500567
-216293962.93950823
-256869357.06656834
-318197261.7725332
-347354110.43627673
-388819354.87419784
-318006122.0939013
-380809139.90405136
-421973785.6938222
-348855174.2005696
-256911381.33280134
-305012466.00040793
-370784035.3472656
-233135831.0241245
-179106946.83820906
-143004192.8175562
-142575884.89095747
-171295976.80179048
-165445982.8466679
-166706862.29709086
-162585197.51812243
-240106578.8505673
-199744592.51358223
-222093773.40166813
-265273874.2661491
-180199494.70938042
-137523718.4261666
-81009472.81257991
-81461602.10405469
-15468479.095045015
37539987.73761462
90266545.99746698
218016069.69577083
219659579.20555544
226044730.4715237
242265098.55306092
183278199.66091308
227849135.33352423
213365585.1617106
221398046.4497075
244469870.99941728
178227943.27303374
267014442.5759728
178216032.35729825
182876406.10740638
222464958.1482096
183203803.8303423
228714642.96776223
190524867.15424323
122797666.56797609
196602024.7414981
199432997.71895742
86296695.12840676
141214554.4390624
114924450.34043342
104276619.94701779
49838743.6446493
47684858.20938596
37253394.299419016
6664107.323924571
-35335939.11770314
-20170528.15574017
-42867364.557430565
-82456553.09903231
-90394027.40126336
-154447206.60999388
-143120955.0531552
-154077730.42748743
-162844547.85625225
-187657245.05314165
-154552261.54675207
-162781932.29773015
-176283937.11622608
-260778609.01295978
-219527608.63453126
-241442514.03662825
-306256105.8369109
-271079155.95938444
-279898435.1291307
-302169914.1173703
-332032420.5428965
-305492601.6680783
-356049195.0229645
-395371430.38772684
-402309773.5245239
-379839520.18796
-366711193.3889089
-417859030.6105547
-395710808.32975316
-444459936.3506655
-437679218.9489744
-474374208.0816749
-555661241.3174573
-515285068.3857843
-513537900.3995342
-486227917.20693827
-526678890.196764
-500554897.30579054
-532339263.0507548
-529831563.37810063
-597666587.9031395
-581139870.0670428
-536669854.4440316
-505986396.5301391
-549611885.6542552
-626453386.4325254
-606332824.6883383
-677400473.4860636
-602455338.7649544
-594095899.9041188
-643791656.5303905
-655035129.0023725
-636556627.5166591
-648035853.0741076
-657752477.6091776
-631175326.3508983
-630168718.7736037
-672381624.5217441
-640892128.5539713
-700299752.3378041
-631632384.6793159
583128464.6381556
650013058.1830227
755202410.8762993
784847462.8633984
858505486.8867447
892442950.1924877
1004150490.4802647
1105545707.6233306
1140827446.3246107
1229215854.2623458
1278438837.942975
1221869494.5948596
1137003885.5880945
1022975872.6855233
910777939.202589
837533031.6636162
747129742.4949789
749976522.9241402
738249885.961364
732714278.8795574
776625063.1991367
812461670.0891378
856027068.9274529
902783505.1260538
1009692411.764782
1029662432.7455177
1067589936.8997936
1170408369.2410078
1160353901.1908884
1163645828.3804903
1169924139.1960258
1114089437.053142
1080332019.3711472
1028702771.0706903
980211978.7491958
1015393423.7721186
996891223.0505689
1017729825.0124052
1046205226.1732805
1078931195.2089663
1135762366.523199
1191182379.5215976
1248304803.1741047
1267621860.1892931
1365374716.054312
1400586928.0550346
1429131880.4734147
1444140524.8591661
1381413348.3501177
1322458852.8976393
1291098364.913441
1257814263.7147548
1163027352.5205612
1088278423.7971663
1032847766.3695463
1025235214.1255157
962628008.5082338
900831888.3242985
883218072.8628548
852147175.0558337
827272846.7198473
751472755.0510193
746608539.0942912
719438619.0221837
658003463.6954598
624249356.6721728
629583431.1598516
588250292.4881716
539692816.613909
527736498.6924696
511978154.5169764
462348758.28278744
430149819.4671824
381685713.01763076
388519856.2828173
381234924.2372469
282845493.8461237
321421447.87149525
248769175.64488122
269801937.7383278
223127558.75890887
220824490.0134902
214222777.35506073
126875635.51542923
189007229.48641777
156387724.15165552
135876446.36510903
140491607.2515121
123660410.86509904
131510478.93075341
154950481.8598007
120207428.02965164
140689823.83927208
96715387.56088059
112337801.82975581
103196378.93496093
79450991.8449167
102104653.66000256
66783892.95710015
75972415.28253616
68600264.76941143
44633310.85274634
94782417.87358609
87946947.74481443
22251314.387682743
75057644.16535693
47967593.87743683
61365029.578700766
111348732.9474647
87267215.4569754
70012359.7499282
63291128.28001456
56726586.07395516
76212357.9884403
126531254.40961552
79013153.06390704
81388213.0898692
95251255.37133977
53492778.224684484
117115519.74966294
72116599.26315783
99096200.67974707
124895926.61060002
86367508.24936165
103074634.13004842
70981022.86189565
98186018.59355444
121671915.64115596
123092071.45747629
110163907.06541488
172086980.80387318
141580825.4353463
136254332.41843992
154965571.59568536
104193944.46528696
144315898.8269731
118510846.19322543
122435854.90700972
165304293.49532908
156294153.1678107
167654484.588135
173761906.64374304
139164281.61834317
165036272.4812466
195612283.0839744
190049445.21209866
185826356.8102854
182924185.35241783
224032399.59161037
258357925.33862936
212856263.88940465
228560186.13883534
250275502.2888325
173783541.3705821
208036313.67541158
220359193.4497462
297655637.19750357
302998064.6763909
287778901.44073
335256233.7223476
327597909.6253743
325655673.0717384
335948426.9251991
417405538.9802419
365622653.9525676
429543045.9326958
431054043.4524193
399540895.15760225
460582246.31485474
476981089.78625035
489382441.94002825
469813049.5841658
542425119.5149965
555711060.1201818
538768305.7610103
603468204.0799441
607496843.5240109
630638383.427592
676989511.2831795
701498208.9811281
740960163.6754253
779472879.4093554
863594560.010271
900923138.2304733
887696552.3643954
987565434.352689
1046068525.331628
1074672456.0306485
1217673616.7913966
1226423894.4347377
1325960109.291276
1421114194.5231628
1509123155.4035282
1639553264.2812748
1773959474.7785974
1891697709.6980164
2062818593.5878906
2274025603.2321568
2469602085.950438
2779385212.711591
3136461626.9086704
3578193787.5912724
4011564536.259866
4698312024.088063
5455514759.782531
6518040338.762941
7824211038.085428
9367003133.335264
11333609850.099314
13485222110.754974
15649550881.103546
17392918282.80954
18343137735.55819
17964257183.50968
16180975709.604061
13425460009.868563
10851418136.782877
8995305495.303034
7773217062.0147
7074894162.965692
6716633548.171341
6730819909.784825
6951003244.237085
7422387772.94165
8121877517.661335
9088793017.702835
10263165049.045017
11672779390.142456
13213836995.52201
14602948865.579533
15584015612.316519
15664214244.764523
14945749405.518826
13688142209.621082
12546597279.436573
11790184003.560766
11440997988.909641
11614706351.649982
12189225804.749485
13158581306.447475
14513804801.928257
16399639532.796844
18774752907.230995
21536929644.158707
24588982844.38974
27595747497.067776
29944823514.571434
31374467754.14119
31750641629.540234
31227964944.16575
29921699347.636776
28087318818.739876
25929685166.77062
23500898733.157043
21121796417.463654
18800512290.9355
16780670960.062826
15045588375.181812
13557071923.925276
12378538341.15589
11410069483.786995
10650685693.8467
9964732685.007767
9486811846.199825
9057255310.909521
8707217826.220526
8449423326.199598
8209262045.315413
8116079060.421059
8001732208.9030485
7935010113.05798
7844216234.032183
7676386458.06342
7503118736.89785
7305061831.452974
7037426275.477413
6846321365.527418
6551104919.649553
6342937276.508755
6015084540.532642
5456858506.9666195
5014144612.175123
4569785789.654252
4257303285.1615095
3990567718.9000072
3753098810.9103365
3512917516.45224
3329441127.8667736
3093289819.459584
2885634098.544155
2750744911.691945
2590931742.988985
2462739806.0853524
2329743805.7769914
2194088252.045924
2087773299.4461954
1997883069.4180841
1874858603.3667228
1808974362.7486506
1716433654.4962406
1553518022.5696912
1538567189.1129527
1496959299.320136
1420183627.3956525
1324833256.5037284
1249745618.2063751
1233082581.3041253
1185291962.6358223
1174929322.9584901
1082459000.6415534
1080818619.6756215
1004859524.9682252
962061348.6437606
934683964.3561577
901733731.868165
874100299.2037523
825242651.5881932
831230652.164046
777569884.5952303
779636038.9731985
753047717.5605702
664853756.6553469
634611400.9936725
683683060.4841983
648759877.3670951
620388327.301242
590324284.3664092
548597341.9889493
546375652.9471061
573774656.1877005
538818486.380201
519941562.11038214
499956457.46494985
480870781.05739355
459387914.712412
453569652.30148387
451540030.54152864
398844190.81993586
455909317.8821125
432685778.76119334
418374326.8125094
390127071.94131917
348228986.02780855
357759194.8374964
375767520.2590269
369061030.7789738
347770956.9120579
355240378.8584849
344560946.9183332
329419763.0226324
324480604.39039886
289656441.3900404
256424138.2615183
271981781.70447326
279101785.7531863
300205381.32855654
282161936.1615414
286678103.2592825
298577941.0995356
252701069.44887924
240469928.2803449
260663786.9419571
249801312.98641056
254218016.43521732
201168695.55963314
197111345.37247604
261410886.85931453
243178858.17688555
200398705.16342017
188721256.88448912
210989132.2398365
220910029.24108726
182856289.22436807
198368044.52764612
215998792.074296
207022521.57518834
210042761.58845252
158260788.90924913
201644452.79048973
162313879.52964073
199166302.20662814
211541595.45114985
166056626.00410694
172293575.5088989
120198603.57792258
153884135.186544
162857584.29227638
151596816.22292313
148594547.33734137
154941821.7686377
149388838.87673718
183051182.65219602
195920970.81853342
148962052.05437776
158780203.04386097
147313103.2559489
143588482.70913655
192048175.1035795
179713245.59740403
153331926.95833743
119223402.26421499
226615381.26351547
232502160.04514736
255146392.87539494
264267513.55772567
273925799.13985753
356993905.99831796
405261912.1900406
493981616.9946932
528207038.14560974
636880226.1327031
673545689.0022815
688692130.3549113
634280788.8553475
677758366.2415334
627139667.3412958
556436014.3732247
466203360.87778354
455249571.06820804
471042579.7822362
381246364.0732232
355448212.60526145
373805996.6869586
429016468.23112327
374718205.45556045
412848852.4867461
452409148.40605164
547727572.1793332
571837706.1803093
592191057.9201547
626433211.7233776
650704099.1009989
659401981.024358
669193045.5979625
626386399.4363434
590178236.8729861
623553825.3773439
602975220.3701451
597695841.4257221
594765751.1087657
606294751.1375573
640148083.7917526
675082585.640526
747765691.7676189
820669215.9788492
855286134.9880108
914746807.3451941
964166955.6945162
999374384.8229338
1014984120.4951591
1038807371.787252
1062959397.5011096
1146153573.7338557
1096802706.2689223
1085406451.351869
1093660395.3185108
1037992184.7752225
1029356783.6339567
1081232030.653778
1053149790.3084793
1021050496.2567381
1033837177.6203558
1039699881.0202131
1060973603.6843997
1034963694.648672
998085816.3416371
951430757.3327508
1010597217.4472758
943192010.0978718
957357700.7705302
949833084.8397962
928148276.270179
889528283.3260534
886174872.2060513
874395603.4945246
775559384.3586055
834997410.603863
815204492.8414809
805843042.0233672
769374849.8435307
743140471.7265096
730244850.5951424
704179168.4809135
700984027.5129763
694820187.9830188
687587654.9686688
625256596.9368052
672312199.380138
652823777.6868975
608028768.8620772
654060865.9648666
590224029.5914303
548075031.7848473
539191565.1851803
551568074.9679562
519958897.8406701
530826691.72577214
549095867.4451082
482988781.59996915
481386015.87425923
490276512.69695365
490956002.04777324
455511350.0885912
492292190.5445198
492112270.51960087
415109273.4549905
435474216.0424452
391388171.8481402
429022884.0693327
405690595.9786743
391640134.0649464
415257169.90266985
368945404.84340024
381188269.4294204
359674809.38960856
387661163.15727526
354608854.0902848
313823511.9648534
294173054.20509946
304098044.23841786
332982037.3914555
331078667.97783566
331839573.21887386
301563519.91959906
244130968.70896882
324944466.79623926
285997157.3356885
266159527.55892843
313494175.7553061
274051930.8186672
269368163.4125762
242917792.9312481
198682892.17203113
213697904.88374305
281698193.80303115
206367309.26478034
563871853.8592503
565752207.4297618
622735828.2073222
664409470.3425295
693735158.7021198
782287227.6012545
831376608.4369733
936075753.5067089
968234232.3162066
1019172046.8803605
998079632.0627401
980288499.705605
937431247.1819403
892303984.1560767
773237509.797597
718828260.0386851
702727081.545919
659139305.7930678
660393646.7474589
651236834.1336985
694883577.20736
717715106.8487096
796178545.0961164
782431583.1486812
856664965.6231039
924268782.3090996
944655348.6587884
987162420.6370313
1042884204.5586197
1045279056.4928442
1027080502.4208226
973842434.8001504
929168006.1492414
878094682.2972934
877216134.9622529
876494394.638772
824337225.6582308
907227938.843013
960635575.339011
983297481.3213555
1011693798.911814
1100078046.084078
1148052530.2613626
1233894592.3043578
1208405474.6793013
1225154600.4473913
1267811025.2467866
1236920470.5387301
1169600411.0506923
1160502517.9058135
1150838149.8837292
1103360890.51127
1076568797.9616036
969304135.6971784
946045481.5961819
840477599.8176439
843882573.2049972
804049192.7728491
736822985.0748336
727267128.7017217
719383344.6705434
705441991.061065
637478115.4345683
600422061.5467689
566433975.1695142
578808280.6297861
559216763.1906202
500762790.24427474
474969135.0649917
455593207.4342333
416704869.1967711
406559561.53664976
362133181.3345604
301568808.01529795
328230525.03005636
300480322.2757269
269049391.7368834
295026594.0523415
231226470.5197891
192927721.70034024
177431739.20176655
148416360.8597859
142332403.76069868
129295824.88712992
71768998.40460837
76011533.4612154
38277507.04678972
80411958.17901665
80997680.2991177
47284773.94576825
55839942.77579479
51953922.255887255
107329693.21566568
-10126008.265589781
18022145.460468218
44822691.63864446
-13570274.665958762
41071778.82691288
36448430.22324312
18706031.29419923
15442988.496567272
15075817.484668162
59698498.27257124
-23323388.99940841
21177271.64240948
22600838.759971008
15551403.072728798
30961951.694301628
-14789008.704115722
-3592604.7531966157
-42006806.641517654
33660530.935157865
33877619.598942235
38941175.10397806
-20531019.7188959
33493299.453042265
-2693183.664645247
-13768075.110716771
33479742.46810334
-6875775.324066108
9123082.761104915
8030794.332546249
34346266.307065226
16382267.248680677
35226120.80895093
33605748.317653246
47834035.66886905
-17216189.797874965
35408155.982682556
33998391.593656555
7763012.193496166
39086773.31869621
14708224.937788628
60484067.059260875
54314192.7637156
2484152.819442632
33590918.46902531
58200977.35406372
59582093.80941041
71514922.84275988
72629530.5886752
105154650.85788453
87888109.89052707
64471438.34524201
82609603.17885898
114230852.90119672
92688056.82628807
102596028.33826414
68706001.75102279
98461499.61048011
110824848.748328
127237402.23877463
142874678.514484
168192912.35297957
218345580.07481766
165837696.40379742
153353850.23412323
146102825.57573676
189518053.3304012
191028853.44212624
244347113.54507267
276765480.76514673
256065293.61927763
227909590.36308086
253313555.93749025
271999099.3568052
260792336.28116977
290229819.6453167
325180504.62443364
338890004.2985357
347690669.0740285
400468737.10272986
332423011.5936787
400940878.35648274
433067952.0901023
364814261.433198
462617679.5745051
501016606.14615214
475503079.9443425
556745490.8582697
570302773.3817917
597686559.743677
677353422.6151965
671131602.6575471
719437647.0596223
766961856.7690864
871784040.1685317
896330615.6996439
903612387.9373294
1015303916.5711219
1063297517.6511865
1115511712.577834
1235952811.143095
1345591317.164843
1445640580.3671675
1583072809.4049711
1725283100.0246234
1896571268.7043781
2089516962.2291133
2348261798.257258
2627987021.853627
2979603398.956691
3426487234.274629
3941138427.1319504
4615713596.773735
5462665424.914324
6551301516.27785
7851518804.93561
9394949274.381325
11096605965.40113
12726219217.275715
14080549178.72777
14701123177.561852
14325769321.777262
12876088574.99797
10838403709.414991
8944827194.210217
7482431961.085382
6556901885.641157
6062538489.156332
5803324885.744902
5770155118.783558
6071238717.502785
6501732152.567
7132522858.934397
7995832558.724243
8974166831.525732
10173091807.600672
11492158189.80811
12656537721.8662
13458360545.748592
13542749182.26865
12892388776.991074
11893782640.525635
10983547493.640781
10410172636.265224
10152486810.572144
10376497171.71313
10922540512.165
11785435910.69234
13105734373.41227
14823864954.797615
16832123573.672367
19291382782.679962
22027474649.774757
24592941278.90267
26686933239.18295
27906428891.23043
28256290987.27362
27821516433.06949
26724457044.822556
25183629624.63491
23275914048.6286
21180177797.894573
19070002281.568756
17019500610.15793
15174679007.29256
13596772967.798439
12322946784.926754
11283224670.248608
10420684777.33128
9721921679.310453
9174014851.35477
8687483443.896633
8323053031.440612
7980789364.947315
7720559204.903448
7552494741.350548
7371148396.161331
7305683872.105308
7242285484.339012
7125568107.865601
7008494390.633995
6824035710.104999
6627124152.598981
6416789320.49773
6115058399.926235
6037158981.940109
5777444747.254965
5406547691.586519
4974400379.364592
4483948917.38016
4205749410.5865927
3867871837.1071014
3589971578.6713943
3333758173.493764
3111829867.1609483
2922088608.321151
2738766054.5403633
2596453956.7138305
2428440858.9523864
2292461792.226715
2178961827.6659083
2038885748.6320398
1937198170.7264
1820904152.545531
1690504327.641656
1650847727.26986
1550505051.6551254
1412497025.4189913
1415409952.659651
1332055138.7643857
1269432699.021933
1224233442.0950494
1149799898.3152087
1094502042.9809623
1062743227.096602
1013117960.5547302
986851500.3422581
952647365.5973496
861023472.4208732
873794824.8417202
813593808.8364906
765195011.2843956
713284182.997872
690149763.1799829
710024649.9059045
651855415.403421
580154242.456288
607374024.3370389
531331585.0174363
554974322.4075143
561505444.1662365
510091909.6101258
496311888.0261655
461316281.12482035
465322037.28984535
410969881.71157193
410831408.8879962
360733734.6649077
412732750.9829689
397677473.42589545
388447588.142625
382665853.7559103
360432643.63339365
318288831.79306215
325180404.29031324
359575100.94810647
288769690.2004615
293253345.30640185
305156178.65486896
281162866.7555642
287488390.44030476
282295061.9953178
233581589.69749665
242002703.5336769
237800087.3589381
203826217.85537326
204098215.54412076
217706777.39328116
167428481.69314057
210361250.2702626
229058959.88380408
155195383.79408616
169261283.237794
182421807.9340961
101344532.0628055
100719067.76846702
114740468.8337992
149889641.43726623
99259853.04822135
93255436.3158491
154543567.34036916
102910272.76055087
89300289.62347758
89072006.85785961
135890381.49279898
64791023.670726605
41573129.788386464
125049567.4329378
106402468.49855196
79574429.57165822
115645817.47406001
84701897.97204024
66971819.3927051
57722660.02974794
53951456.873459734
28376539.43610792
66512704.41659953
91984979.02485842
51013087.27293367
46175200.11478895
44468197.59869878
41695272.21125673
24529389.08415487
-12854010.804141212
-26074106.323638096
48800749.90203987
41540748.77476764
-14340531.867904317
-9113215.991544116
50262689.62120373
24831977.0787059
40118819.240346655
4001843.0259618144
51837228.87081761
87183494.46944183
33138447.894063227
30849336.66201565
37525480.86789087
108973267.28557439
75721086.05457062
67433310.34239587
79715654.83860843
104441807.48406447
201339251.5285794
214867692.69147286
237542154.58716908
314050012.7024251
341290841.76034474
424240495.35549223
442145672.381338
452676084.3524391
472068398.3570173
457793163.166648
388855353.52189195
341700626.0228751
331082007.2110818
298328872.5798373
286338704.74297714
253483796.34326056
225639328.36568666
223319589.2980513
247847700.9937106
250927011.5067955
293835746.1508664
381989428.70085204
352465630.49524367
363489023.78892934
435900371.85206586
471032043.20354056
517970736.5355677
503842576.7333195
491861834.4283105
439585183.5075655
466961112.4524576
415377679.30332994
445229427.6354517
461751283.5539865
408303939.48906577
483694265.29430395
496689112.70836824
515358544.7302073
579991244.1929989
656066486.0578436
675861969.788635
717642365.6914582
774079868.1477332
824605750.6464825
864554375.775429
905827972.8853477
908208623.9307638
911566299.479105
931530059.0297418
926518246.3630883
865628392.9608424
918657683.6575191
931177711.3905067
884998319.3511035
864927969.8253076
853986241.9892356
863744624.2677922
866845524.4798344
859572362.5104799
846032073.5381498
893169808.7444003
854373236.6602583
860693194.3544852
841278467.5742222
793472719.5344772
781660749.7064875
777213465.0326345
758706281.7981837
727918274.8802773
714166752.1653339
735019075.4207685
683505297.4982579
660645231.9458266
656877474.4938626
626793110.9813931
591352403.9552022
556824287.8174384
581981020.1490238
558652189.2753853
549521905.742674
539016409.3746217
526721078.62736905
476713916.6334879
494726424.96494883
482024243.3080429
464758602.547771
459418972.0581073
447687703.68259776
474718966.79633033
420445962.772641
401295374.1947128
399674841.72608006
336682283.463483
353212915.2702118
371935778.08893627
352554328.9708928
350999101.8643793
349734566.66077834
340499254.2343777
317057227.1405928
326499941.49441946
277369824.61413693
270730802.26864636
255561484.91513142
249936059.1237111
259956010.85506278
222645758.59135354
220162755.23150167
222400317.7311102
228007793.59802118
181791313.94442755
181381745.312091
238917468.75729764
205954006.048507
182243861.62710035
152548645.83907697
124019271.53144184
140311011.33925727
164263511.54718617
135148012.71920422
120094284.85697082
169917966.45256278
122264725.73977846
127480749.54422867
118698142.26922527
84759922.38722007
98101432.27310921
109095278.58510283
124603048.49479553
94485011.64470088
115541321.18904182
473005633.9678106
523480091.1896529
593722464.3553443
591120351.4348416
679406316.4202869
691413657.8726611
750097338.0235326
839438645.3618107
898615275.5609268
919674687.4738524
933835043.722296
915479899.1650355
852754958.4538292
794288776.6593437
743046118.9891194
683854767.8590863
655216730.1891744
659393251.7786535
644174321.990131
668766314.9883285
673393225.6321967
720547987.1997879
700030876.8253127
763418915.8239777
824872852.4696597
865764220.2235396
908885682.774168
910134267.3824375
983792150.7826443
953808461.8074688
969028875.6408864
942143595.0469234
878621945.4071426
910778142.9908695
840765278.0805302
851129896.6752172
866366488.0578133
868655705.4101709
914653732.6076686
926544031.3481377
1029011735.2615738
1092188533.1910865
1096027675.5074358
1101101513.685185
1196216653.3451412
1199258046.6743126
1224262812.6707716
1196499773.9588795
1149462885.9519491
1143877582.4848895
1052264810.4530077
1004119478.73899
977665774.9203429
985411718.8449886
940842230.870594
898170788.8199947
792821067.8026187
775108691.5088862
751324217.9887805
732497304.7864223
725580938.4088117
700213653.9829922
715158968.0935128
649970594.0412812
648938734.3994133
587185137.7323105
571843924.2086469
581789937.2913039
525585277.7794673
512433546.7121849
460212386.35583586
405467086.4668027
415773597.1701932
411702363.69029135
342889211.3230209
340138939.1677486
285105695.3661127
250754002.89274675
267643011.0168441
222211249.13735604
182243325.3584678
195865723.6686644
205588357.86878508
148554368.72563255
135313875.2953992
127554273.48653907
141718144.30158615
101238464.31903064
87006495.36453225
119128453.26020715
123736465.47959524
119216244.60153502
86395055.62046836
108505822.2726632
96212680.30881786
73251879.25084682
89499293.91342093
70772372.52268618
85956055.37883574
102727465.46574631
87512591.24541381
87808750.66286798
71023057.77883728
55315754.51206496
67388346.06911872
38263075.11503552
62052213.48093425
60225649.916656
22347356.662801135
74465820.67088725
71393726.33155055
79680119.73597537
56927360.51635454
63515615.89039756
57092642.881628625
27689079.271407582
59731119.95499295
64373200.17482418
29373384.998931453
51643305.40453734
75824980.90273663
21540883.92274469
42857026.72158946
68135439.10527714
55889439.8908781
73652159.75346589
43655752.93407356
71297360.88236013
58671185.04364743
24530951.181316704
128067347.95813678
88058103.95431514
76934633.29869097
96771866.30389357
90990514.97787303
67250684.13630012
88058512.54364938
129943389.26786849
102333827.73932132
96734977.78804353
102210015.83502215
127281472.78542888
104030234.43960336
119907367.71318242
121379898.51536691
107441301.49534754
125732680.06689146
119858026.65953015
149823863.21536112
146178025.5325945
140384388.87447658
166946270.07723874
154087864.9197183
179627908.00797445
178816417.65601155
197005108.77054757
220242095.81265393
238092610.80620724
220026303.6079116
240288864.44964656
235297778.2434436
225286541.03857315
241540974.2304789
232177810.55880868
247568989.20070922
271079534.17653954
302398907.99081326
293773759.15466917
300800973.7721167
312698222.14393914
361168269.3624055
347951414.9633664
421139199.29643905
393153216.5458026
389790093.32514155
425549907.4599178
425544945.5111697
497533560.88108385
509464798.2757274
507213999.6305138
525520676.21509635
607722755.5520473
596841369.9882541
645448119.9834371
675910922.9390763
689990298.6812018
753177665.3801345
812388020.4801638
874346185.0846707
894856645.4981484
974352799.0211749
1070607139.4980578
1098917473.7946117
1209945414.8122818
1298433444.2062273
1393179527.0935278
1548692067.1346943
1673473765.6243227
1833473910.055317
2032983388.8647008
2298154604.9190426
2543757612.780718
2901927173.3870487
3344521560.1450224
3843880804.213935
4516784880.767361
5378088929.913218
6388101993.422192
7578877605.69499
8902986781.565586
10087954097.517353
11065806527.162006
11501445315.571598
11128963822.379702
10074012288.455477
8558288796.772636
7149409283.907355
6135441437.998224
5467163696.113037
5059584717.585486
4906025856.839777
5008567518.3464
5282089178.123504
5612863915.3136635
6136754567.973011
6894029562.789602
7730403890.101828
8728658042.028015
9772952625.94403
10705028576.998901
11257720246.88624
11316677295.194546
10816936869.467611
10063790015.087702
9401947684.506952
8959742769.59225
8889336253.569626
9096203231.583261
9619647222.47525
10424061542.401855
11571891718.029154
13020229970.778025
14769733820.884151
16856160136.968748
19090390989.31041
21321624007.764786
23044260267.88059
24105716813.625248
24491862196.530876
24128009015.11566
23282334409.707905
21990935697.405853
20409763131.472466
18617541945.78655
16847927169.516888
15115599997.613834
13528144832.781988
12229228335.903818
11125316206.766268
10200236292.427818
9426650672.204407
8854360140.399082
8348679553.022911
7915469343.24084
7614537284.748503
7369440553.990992
7128675710.303705
6997779484.087555
6839416803.198129
6786495141.276073
6689069353.82167
6623060868.74458
6536684596.119564
6333672133.115648
6146792021.936446
5850391086.062489
5577059753.575786
5259145645.698948
4936901851.111074
4643939827.058039
4329147845.904942
4044875832.6719184
3793174586.8318596
3480517057.877809
3308426229.9642386
3083308345.5792685
2863535971.1102667
2731092211.8366313
2583504184.896305
2412154396.4228907
2289165280.6421585
2149352426.7356186
2001194621.7077806
1927917312.1640992
1833009020.893746
1750611661.5730538
1647791569.2560856
1527346086.4680927
1488474797.0332232
1454421441.8419976
1323773820.1265638
1300091621.677211
1192919073.2619276
1166416522.6798515
1109304654.3211565
1091957162.9103177
1047649324.4257326
1012946333.1639686
955450764.170016
860342570.2611957
829501159.0835953
827320226.8931584
834746080.871156
766215211.0232719
782946947.9996054
733871869.8013067
719319851.2008593
638982451.0305359
669066791.9306568
623028928.0259249
616282755.8285182
591039076.6400163
511177988.0431379
553563246.5997517
547643888.576616
488301843.4366911
518831117.30278724
495747853.7363237
474675051.12510306
483815941.12301576
429088871.90283453
428239206.36335194
386538960.83994496
416267992.9016421
333472008.43008316
375315001.42786837
388739723.94338244
329505436.6243126
339360243.36835754
350856554.82922447
304419652.21469915
303862283.43994325
299827342.15062594
323143302.5085846
328078900.8354211
295860655.8246978
294682821.8618281
265467824.81534266
256313391.3553611
192759586.8115511
252644441.4626065
249634350.8442499
202869033.76745194
231911768.3680124
240026820.78053838
197735744.80922097
218296809.25066593
205898987.17281318
174341204.50932997
224388184.71340424
218506842.97711027
180067367.0758217
205002444.23586765
196751582.07026488
191568206.91772863
172033234.3523004
169251658.10209715
150701024.00983238
175420182.05655286
124328768.5306449
124036107.80786827
155577340.46819562
127496267.43101089
174943424.80035105
124384862.13309091
147962461.86776343
111937861.76393142
155366249.1798479
141498142.14121836
138312033.24176377
137638506.7028017
106986501.9454563
124692475.92653732
133502156.55183344
138054126.37058514
100332390.49580702
134609390.62501606
133561740.82155624
151248986.52513498
153785567.9943574
100358694.71782862
156126387.0078861
133721847.02150956
108220433.09730697
149292793.62892807
127274784.66062647
120490717.65802117
80913769.83127007
142071222.05821282
110276825.54790682
108989992.19917418
142521619.63065574
172708225.7434089
175353330.70823303
174940493.21322763
176996774.13960424
242427114.30498272
309584906.19274676
331152052.430316
429179604.16738355
447517445.9406283
481526439.60660696
499275999.25603044
481404804.3891919
449058505.6129904
465977517.11309934
364145852.61753124
351327745.85935694
355042983.7668958
304757957.8655744
291505528.69425416
315108685.1912948
326114300.30808586
285574730.80696964
356936804.7160957
328493025.88772774
365074805.69684935
425534484.74734616
432842711.5253141
490260388.67148936
504810728.96981484
540963184.2290107
540849895.1254895
530478191.2348923
537606923.6326671
492325031.7643924
467285808.8230109
475384084.9390236
444055583.5079347
528304676.2171809
559257657.6924419
554415919.9228928
606285356.4317477
583764289.3263322
652337598.0647632
721233183.8931096
786703158.9894936
812716756.566159
878871634.6432712
925928237.2839422
932613880.3139341
935553621.7390006
980320718.9801731
953066395.8137513
972332225.8959256
997459989.6952913
964869963.6917347
950039612.8858364
919847421.7221842
985774352.4525912
925441660.4857275
923217154.7658067
893888977.852998
903388777.9006182
924123486.88603
931956421.945564
924434070.9374009
903129751.3720953
885090896.5881938
874306602.7226868
883887018.8397024
827399986.0326474
811143559.9439362
793058596.724479
770112897.300858
743936100.9486055
716661019.9799297
726667167.7735089
741096419.9116455
710446780.4513776
661705825.1129572
661293808.8030189
691370631.4546435
625313340.5355712
628558005.2534721
578151402.4752387
575318356.876116
579671741.2638426
572437118.9041781
544642271.5951967
537742841.4809649
578859432.2016838
522201201.2301304
506916136.5022672
479583700.0316757
489049227.43655115
493492717.78908813
475595233.4139192
444829400.55808604
436819662.03549635
410505815.1907677
426785491.4506249
377699729.29947996
394511947.8524352
379576769.3995911
325104933.85060835
365111619.2624068
344244955.7564048
344126516.95805335
328572500.0284988
346924032.2136887
359222202.3300039
349793921.5164143
294903850.4395945
292656674.191985
310836493.0617633
296331878.80510235
296919848.4472102
259077441.61529976
291732468.64372516
272251465.52691853
217449367.1297443
307330366.27849734
229229281.70398763
218565651.66884983
249626603.39684623
215760417.15267354
272020570.4999683
218169061.094661
183058547.53635767
200034418.11600748
199761537.51871386
203214455.68314964
257972146.51803124
202123308.61147502
207764171.58110562
470658660.4460219
446414359.1102287
478538125.8378657
510149589.18725145
562143590.4650458
569374126.7065918
641592055.2439208
715591968.3833294
737112802.2281064
772316916.9104774
752040870.92467
768362365.8975768
719993687.5515223
667611337.5423754
649009512.1419961
601574569.7355397
570793538.4153439
591882694.5348349
577141933.2070974
588327937.7884483
618721859.0814164
593199528.2712414
654092703.4126132
695361498.0772846
728353895.392015
763291010.3203187
805303030.0583295
856569205.4036568
906417642.88308
885350848.9506053
890323575.4604254
808551658.0792973
781021107.016037
747400810.6611208
753945206.0283856
818976468.543608
799502797.1405115
854552365.4380894
866949451.4155476
904669791.9561352
934662723.0563507
955699950.8538609
1018232012.4738498
1076547194.6190674
1056944653.3484945
1098106036.4641702
1071925144.9801532
1111752659.7576997
1070458111.3595665
1017980834.8852412
964436150.1160504
930631413.8168437
932627810.4657421
845824967.6682483
846266601.504658
775922127.7614261
803237198.0374672
727556103.9264392
695184588.4540217
705041244.2890235
664299914.7364371
653439509.6686627
634471341.9085944
645835630.868562
584204177.1998208
547868516.9236798
543184824.680429
485700407.47834456
483946664.95881134
448625508.44004965
412236817.93706876
427712515.53007185
363401320.0861912
363266785.45654064
321062306.29029596
285067267.9096806
277264577.21097606
248002274.66977325
252955956.85141647
219407541.11503962
250776734.8202134
175761746.8461151
137096729.52868837
132386822.28026566
62002963.506047785
128951225.04957603
84494885.63640139
92860927.6858161
114405779.29093105
84007583.81820714
93757668.34611863
70293104.61134326
84973455.17238976
53310270.42690444
44476794.241342016
36763372.86986659
3023360.075814912
5811079.441297576
23207170.97281225
30407821.029261272
37648754.01950908
11226951.063978031
-35498677.171559796
19330138.367849924
4225785.389706943
37469414.21009711
45809200.44007894
9791570.306701355
18650122.408271823
5983396.3119369
19544527.614313148
16127181.850334397
45750426.83419366
-13811225.362883732
-12245715.756732782
12983696.710104391
20267915.401662543
11889683.084951134
27434427.923649415
-562102.7959023323
-48864106.72568706
38549426.27212579
76238762.75144117
47913331.92249809
78086788.66802031
56475719.64477557
-11934378.189988263
-5185021.058216211
30307749.06267989
56024437.96218523
22040459.030614585
4589585.982534202
70568154.42125915
53498672.93881746
29594617.4491781
98552579.92228818
31329205.73905524
50960656.63000153
51817882.21520442
79513946.56738463
105723397.04459381
51770526.662246324
86660276.25419195
92778248.43715873
47633664.10182655
69224451.65986215
94139324.30777444
82117559.83913742
71594150.74275187
105395210.24515021
103530669.4181937
91048064.65652756
135326415.19663772
83208438.94646479
124361271.52634199
136497824.61258155
130348908.20359424
108855353.59226047
131364855.87867305
131868088.50824946
150420685.61629412
113668153.43622768
168264314.1806102
203966435.889213
197036803.5993023
221533024.87703365
202772808.04303333
266674505.6907177
215324859.647951
282799780.8262168
282255864.681502
291026985.55554897
266695478.51562575
283949684.7846364
338176489.9695187
335071138.69858027
350847479.88299334
373396279.1986092
429323729.67952895
429958527.20524144
437454544.30107576
461568449.18953097
490395258.5166479
543390682.86907
515372330.5052252
558251023.923741
605640199.9028621
629669265.4532399
730027407.2576876
758596986.3082818
793825906.9678733
791932015.6971095
912563647.6495253
997892668.3971186
1060281343.9819169
1143591760.0245965
1219664222.035911
1352839507.9956393
1521454755.2466521
1662796525.5640883
1846273228.400576
2079236025.28023
2381391194.631478
2706440706.0933013
3156658774.4125156
3701459432.870533
4276278726.0285463
5122145225.142666
6027221388.382252
7000351154.139933
7889550860.1721115
8604980754.495966
8893962280.328571
8621094956.49205
7828016320.395679
6703726225.706511
5698033003.668448
4933247028.721037
4409469136.913717
4147810116.0931826
4090678019.4418554
4121158642.064117
4331590851.370484
4710392125.422333
5181825465.418608
5771571847.058155
6449985881.069134
7261754393.137333
8072366075.459253
8792360084.17503
9226744061.440428
9269208145.97392
8873745776.206217
8288346218.871854
7821641638.512433
7487148018.954025
7481899650.743614
7695061711.752698
8200764910.974841
8922749665.315067
9932902660.705929
11168142141.009066
12686786826.574062
14397686193.140154
16313086706.934767
18137739333.593826
19572616643.696247
20527405535.35909
20767347855.44288
20609954775.203957
19892401972.994633
18863230340.31588
17589335480.39377
16150782419.664072
14676542250.338743
13222002555.1185
11850932465.1064
10728898679.068176
9840724619.35389
9046606609.728474
8419357403.072924
7909360576.451912
7511006552.172807
7164631984.626062
6901543692.340656
6687858609.719866
6484979576.68283
6344062019.253696
6282989541.160904
6183356572.230184
6144180402.177095
6084757804.4403305
5955521467.308527
5795823469.927101
5610283219.143379
5391188272.807283
5124188234.024034
4849545325.033806
4565208060.923224
4265333389.96768
3956148201.492704
3704458163.506422
3456461537.893233
3234383651.727303
3044248072.8699417
2821664946.53127
2655268051.2167635
2447819388.3503838
2318130882.022937
2203044904.454896
2038551794.5841832
1977125617.6859488
1862260267.1617026
1745892417.8198915
1638682347.7304254
1578789276.203333
1496864628.550067
1445490894.025075
1349492379.247035
1264834323.5160642
1218730123.0417295
1162379161.7440658
1121605096.977338
1068325726.86882
1013720184.8831879
964178752.1347865
950002175.4934769
876956320.1588635
867871557.966773
820280004.7159672
785895757.1470788
744765038.8765652
755694296.6714984
720474348.2409198
628531096.2014551
608245389.3592788
569652129.6497118
602304126.4073975
612358281.8607963
564486826.2576077
493809519.2956391
485728562.52230465
524795042.42724645
461121850.5066811
421908988.12769365
461359704.5897312
399139027.985775
407108125.086889
385251303.4684906
375258821.2586272
406913009.21919763
397128799.1884067
370297527.33388543
307219763.5072144
333559408.0130713
333201375.87160826
295245680.0997302
295147350.34616303
320497882.18784857
292453669.1943885
272006300.00782615
260433308.24709517
226555567.29080415
211357506.425754
240912633.921907
242665804.2750771
204071515.9738171
207131604.50023904
235337542.01314276
226901685.83441976
207498560.06709126
198716005.27235866
197471530.7670749
188243658.9528129
172614767.8728964
223920274.3328096
201105744.5055976
146139101.07211334
155350150.46165094
141783409.23874968
154924107.76555365
178682688.76575834
94581291.05460483
124046928.02765149
186868186.9474991
124295459.28352523
135023293.82881746
122912246.24769932
133555876.00140661
148163461.29006487
94178343.38097484
101792974.88004324
119860279.02130708
110797731.76384991
58886244.466497935
87454085.4703232
80908104.23209898
63954440.34386502
112049778.14806066
116409994.67191094
113301794.25140809
94478393.74920776
105464917.52218261
77002471.72599854
79849277.09875466
88421688.94350342
98143062.92271507
104172801.1635475
80563752.6519359
68741786.89409159
68569022.80928373
15532777.300739845
76336643.5754322
109193445.34665826
68470404.21096274
76704202.23374936
73157405.0896079
78524904.92680097
74512942.75086749
123466634.65210256
93479908.09817587
102504014.92317796
77028638.76559749
112317934.77390425
136934946.74701265
176775156.72393197
175267314.59589863
224303759.39893377
287000833.28722274
235239985.3491537
338708663.8903919
350128965.7271847
340643722.70360166
361379161.8075795
374172389.5827293
310423983.4439517
297057282.08776104
279877906.46403146
268055522.0344527
271895138.9225352
238396477.7422244
220226417.77747568
225554983.37582114
238846422.11730224
246803507.56212908
307847513.7404784
304564609.00099254
367536178.06641006
402098821.9718285
369297538.2601086
395279711.75902104
440053988.3601885
430650347.8135734
384725957.57457316
429293985.67420185
456911737.77032423
395074317.76689935
401684042.4031545
435885262.4393916
406176230.2867677
430540334.4685346
469409078.2733921
522522057.584496
599127187.3494275
607199512.5476555
636477399.3682239
686732573.0944054
746980342.8759179
795000132.9406277
779296771.1916687
779043737.4255583
833768506.5066996
837893366.4614861
870192558.6742125
884415277.7562199
853395149.0321612
883133591.867054
872368983.800539
837992333.148083
845522673.4432054
860852511.2238535
866245245.6087266
876238895.7298687
828252545.6174117
833410402.3402066
832114156.8616946
825289727.3911953
833239392.1989856
791467487.9568462
780303883.8033885
818120273.686451
777842889.5926187
744427639.823262
713031987.7068233
706058718.3955232
758386601.0538535
693687607.3306032
666517862.7752191
624099685.2250308
648473964.6847191
631647931.7236681
629624285.1918194
612840634.4326696
566242033.0426215
590736536.0116308
556723867.7338113
560849285.921687
496710814.14552486
517038010.1625942
503424719.5130825
506686452.25151455
522545311.58348787
472244759.74525636
472297709.5196718
463728697.1130926
447277986.79393387
413582468.5211413
432270777.941701
402185609.0857855
401298983.5647998
368660759.9791405
381450832.7710927
400465777.0241513
361786211.37445027
347315118.4657338
323302553.7088845
294617846.8028158
272467431.7875684
315696034.30170923
298722514.8343997
281561384.14261323
274469714.8145589
302124229.5360721
254271155.32837677
230016854.87685096
243577607.73781955
196931285.5617813
211575779.4018587
224637427.27866656
201906277.90172198
214988932.74859422
217150987.2981617
194809716.00936007
204711466.78563845
197518321.16810995
219919097.50573495
175899290.20501795
150437838.3044079
159444171.92133412
199047754.28702754
196530785.93820924
171196038.27248198
180909629.08329612
150823783.45120102
167250919.26944348
150890915.17755324
383271192.84380114
407693924.6611195
442011373.55593014
489901461.1050981
495341454.4298332
522018223.6683774
578388078.0838782
642670953.7694032
614366665.5170484
672020588.2682898
638544516.3083102
647519365.2161119
638621340.3023214
628846689.4286356
574246183.9082549
525055475.02531517
550369237.0051768
521984275.10800177
519858186.6431426
542347555.0057487
573892555.8209778
573775622.6805489
624665734.7781276
644582214.2315526
667985404.4747827
675188274.5434247
725026012.9619164
743595691.6451164
752609157.4973531
785242421.8398931
771510897.2250156
755779445.9521711
758949896.042814
730799424.6166056
705280082.8937814
719513353.52562
732087003.008628
751968926.693792
814615795.400229
794085036.6016322
804905233.5216993
896430742.795805
897018468.5500154
966383842.867528
1016360266.6453676
979506048.7606496
1008445343.0301776
971750851.4039862
972846809.4043758
973521299.1228254
888453712.5273206
870571780.8648341
848127402.7319181
850277360.9528706
772453250.4623866
742473698.0692809
728674607.4375453
709655035.3412812
714120701.6146626
657783820.9969664
628292492.701133
663510841.7025394
589519764.1819792
588065854.6821206
592166967.6500834
518826858.77877676
543982589.752527
504586077.0417888
470195260.0232167
438418174.5331852
396048882.56099296
360909821.211116
359725511.55369115
305310514.79110736
331684764.67930573
304351276.81093234
254762331.29589808
234850647.91932982
197740614.29725033
194733440.48260874
173045070.7890735
154322981.20548844
150117928.42596075
189035562.7230199
132660188.02367009
67064139.198283605
133680050.05068895
118562788.33243091
72435812.78313014
90803272.42167565
81841060.77537704
75098895.40604903
84670757.68014652
98347767.40236157
39585329.78573995
80378094.74929887
62257868.98876953
62039498.53431198
61399301.733829424
23229733.48435568
26094010.37394283
43057283.8680918
28799007.79211636
42000912.14798184
11225657.305824202
-3690251.0285622515
7755979.036143241
-37381547.45299026
15848703.467150254
27748968.626197644
34320035.68806142
9075630.904559564
44893634.73970873
14285468.606032837
24375688.22848674
-11748644.58630083
31725931.992459558
41868248.68569388
5512433.347368035
5820998.975589521
851102.730325097
10117893.88686378
-6470646.031255372
45385808.298085704
-14205483.860287003
27720934.92547597
11702561.064125817
13057017.385659896
18941968.34512977
-19203335.533104796
12320258.446496338
13596181.816792883
24972333.228581544
32840791.345564947
15675185.49471387
39562227.512720466
33367144.239589833
32220129.2291585
22641594.1250277
41535603.45368646
18220575.83828762
80309486.58948405
59796823.1804556
14978191.99123275
61309510.17976243
45006963.67913818
80768901.19295925
38860864.75154083
53833799.80349684
50062565.71622195
88153010.0245079
70719386.84927753
100379220.01611249
146272322.8882006
117737097.69634333
90825374.62917066
144145451.43735954
119314506.52610534
130209382.69858369
121635739.61860178
132257702.01286528
166191777.44304544
132112942.70522207
175381848.65731013
140672905.0353986
196199600.60796237
185502616.61333585
194027749.0812129
183914837.8293702
207601457.74151677
198369931.5370977
219552582.03223073
249632826.23126245
262002121.40924108
269809102.5088804
281267658.1496079
297328242.4028292
330401087.04030436
338338751.10997784
340210551.2776103
377319939.1359465
366868328.7662028
407588171.39113486
402757079.7494304
454968868.6074657
468385448.88047475
513495023.7116674
512691216.75472176
537428068.340778
634952240.5159495
690311242.4231327
709213521.8684365
788476501.820267
827233410.6928773
897339638.3841641
968989427.330738
1053348383.9026744
1165077118.706921
1275616230.6108255
1430048071.2609549
1530505432.0005763
1735933114.6250677
1980841336.2603927
2257667350.182418
2599038519.457753
3027696975.2617507
3512541239.142323
4172428277.8236494
4848376711.115546
5581864180.392271
6305052190.330033
6850250627.615896
7039722507.759517
6846560106.322297
6207288996.210846
5342347140.620537
4562137062.037088
3952155218.3569417
3660472666.000804
3477063846.8083873
3442677818.9018106
3492368552.3592825
3715439495.4110084
3985877203.017337
4395622721.04958
4870769940.136148
5450804386.663675
6096953102.77385
6695011769.755875
7283614695.0495825
7592419603.383273
7609449772.05558
7312896831.909584
6865717444.872977
6483656986.932018
6324443478.196262
6348699590.453534
6621541351.112647
7051913057.0397
7677507936.903194
8490369511.3385
9545934504.997927
10858673026.575338
12304404700.128746
13828397820.612461
15389218914.826035
16640888724.832079
17343845945.72211
17746600823.87262
17509697623.803898
17055089576.008738
16222087400.451874
15155099921.404875
14025303483.61195
12675160686.055424
11525493499.98925
10429920452.492775
9495811985.265015
8645933855.845417
8029783275.991713
7500836008.167177
7050036000.939075
6719890425.093042
6444633221.004108
6175752621.840313
6024400138.981815
5900455837.550862
5778199446.498536
5707190835.302234
5601903419.472715
5575957782.708707
5473186066.48167
5436511159.706898
5349567124.18647
5127307123.780111
4910917712.948549
4720853058.953339
4476033767.029159
4279686834.5798755
3984186526.8903313
3693130404.4226723
3435104286.2691517
3194736139.336741
3039597478.548761
2791995001.2510777
2617058297.7554054
2494676602.5191126
2297391124.0442686
2133332241.9174109
2002857869.6411443
1862509977.7455015
1765494226.1900241
1702449278.9568043
1616037164.2505465
1500881289.3240373
1428813212.941362
1357535921.6258407
1292758722.871017
1255991946.6738358
1210802368.489572
1122750855.285874
1091048118.4721792
980463127.6456437
963044769.1554413
899434505.9613159
837052663.9180659
848307363.0199322
791652245.6999019
783050972.2117724
692550664.002888
676407222.7868863
689260907.7363677
650062822.753206
613230689.3384874
594907303.9963819
597051014.3354194
596342582.488982
505392184.81427765
542899916.0999211
502824183.5943716
474533253.8790709
492275193.24104005
423303643.63573074
463252284.94613516
411550902.4120306
376744895.2223337
404023125.68177855
406986735.27215374
372751908.0352371
339903415.1240888
323800637.1528478
319493128.3266437
286855861.03402925
279142448.1230849
293214093.097324
274319080.13767534
288777035.45283574
299859507.4799553
268561872.24652684
222827678.7793417
244856867.6016261
246434737.99328697
220155966.19835526
236280512.64245215
224432341.4486998
220379423.8909705
189494739.41170266
172156710.57558113
191131752.20672947
192159134.15909532
181603655.5021125
186732511.20698223
164664070.9784259
149606829.52065146
161060494.9873402
135629116.57655728
143066231.4445936
132500427.71494067
114264768.12056974
166063838.409051
134088189.24852958
89383034.5133799
106408074.3411524
101809201.32102355
96596127.69888538
104011574.60597634
124740695.28972985
127773036.85315426
113918691.63516462
71666631.36328118
74533733.73238643
69626069.92254043
91479099.12239179
75778299.70711216
94374737.87905627
67864903.61914732
56140442.908108026
86344223.25239976
33014853.113911353
23531143.016250074
46618684.922211275
79457236.9447216
59994722.40176075
85005018.30146511
71366454.02466513
84790706.29114869
55176881.879687026
45448212.43416504
81337344.33808756
30508415.839985467
15061112.034077533
76483330.55180493
34203089.041424096
40308831.26264326
61966205.90352586
59766838.11774927
83559155.4518911
48562043.05780847
92029826.11823805
66332636.63090574
49394698.79260131
47686228.12328299
95963092.84096056
82783374.93759246
104704272.53233176
148850876.2491574
148648270.79006955
180418045.65687528
204210453.819182
269902643.5501983
263937123.85195467
277594280.9696375
298102721.0165589
314255551.2210874
267935081.5835204
279188064.1314147
274809124.6277926
205530320.4647436
192174408.00680304
175283622.90711606
213275838.67394125
221565042.7588594
226901404.79704398
210477340.00804928
229691863.2403216
217187127.40388995
272370253.70140797
289671518.46023303
298715766.2640133
344052645.9108647
368789343.2172408
421910267.5938375
378056486.1226053
424800970.6709668
371327308.34652895
379507602.0450298
354220745.61181825
347468296.37477124
383719228.8341958
392905241.52879405
421915603.4820652
403173238.0591864
468337386.78005445
494748200.5176053
535491143.61510205
568002119.8775462
603680259.4211254
699973868.5177307
731393856.7364911
729306976.6437062
775984766.8574597
767266952.247707
774957433.3720783
785318921.7725823
804058927.2744625
806514730.7456819
826009409.5554307
785901937.918191
774091048.2960134
818765942.6088548
809843973.5461423
802340328.0596361
777889121.2950096
811380525.6370151
819757557.839806
768744440.5473206
786003437.5324084
786525795.9325933
768497247.5922556
796675530.6254263
762430662.6782699
731632686.8077409
707969898.1152811
713303573.1483905
698435285.2696022
647431062.6906658
641285840.4152777
659313345.5720391
638470327.0233424
597925052.6201024
550058491.9658395
573418812.8369117
562055869.9205347
558857581.8465161
539499048.192899
507324002.17840034
530062951.86103815
514334238.0679976
468408719.82035434
453225759.06781876
459283165.18834656
417043651.0514206
432486837.7929056
414201172.5144932
404777352.99526465
421975252.49443823
417825502.851404
352445949.0255839
367182469.021617
355698608.3174548
364070613.0386467
354202013.964072
310228072.6284454
340246272.77917093
279372781.3879508
302573584.19166493
312231517.4892774
286218921.61306787
275970990.4334201
246100382.15131003
263522578.0058216
251013407.17168754
246965728.3621863
241115583.66095334
269549355.00270045
260300213.27482805
225227308.62944323
225746998.72380596
188985821.4789105
244093336.88693362
218522572.1983827
217145079.49255708
206923187.04328215
212119854.12543008
196562324.71888238
171958866.93952644
207356025.9502545
161516876.90911442
178220097.3530168
177444695.72928518
157280526.2732502
181970488.14174542
170646001.42952424
170369813.6167607
121618889.57660389
137747619.01439354
370644270.6513493
356528676.32255316
426810555.1559621
431015972.9220959
458880310.7609476
506200952.11965257
561927055.7298377
599732946.385756
580429834.9544582
580868275.7034607
592856817.7881082
614493627.5051442
570536977.9087713
555022449.0517589
524180823.2087462
488486949.14883316
516289062.2386414
465691245.2025949
493173884.45004094
532362344.6691541
498725636.2391033
548925972.7291393
598843180.2062328
633032920.572793
649409948.635821
660907756.3777982
717403191.7406442
754192937.5396829
741695622.3641133
743500321.2491574
721336979.5650841
681625148.7567506
726294556.4247348
637992204.5530735
705413329.33057
696206486.5820975
698862109.3129299
744455443.2711494
711613360.9826635
804961472.0445518
828434841.3624446
876777518.575592
897250685.2299275
915636923.8464308
915472206.8969871
931397761.5541439
961506730.713929
934242241.3607941
848695131.791173
880626457.5096284
868202296.588589
841452179.0694835
789243536.8240083
728686627.7221582
724268617.0574486
687684181.0170393
681083770.1810676
705478536.0912064
684856939.305151
623293093.8120332
629915418.0281934
609332127.2543393
589758394.5004045
586445760.6463711
588835805.4252572
567083089.5267739
506974276.51754373
496200718.45079577
483010705.0958874
423650547.2539401
435445038.88796294
390525728.6954215
371810964.8189269
327785212.3337459
313201057.011419
251216802.52774546
237974795.34106666
244162827.11966264
207071790.35853893
217869959.10094607
176762724.55685797
180370680.14340407
162373918.2265682
146495694.1718728
126320144.34619884
142782734.04534385
108179792.23618487
93694415.49964055
76291752.60911192
113930900.17944783
75735131.62289697
60097574.06578959
65905244.73275913
49512717.92972727
82273875.6098062
75152467.06961477
31304121.775671374
45874871.38518652
46713996.65180652
11653724.140675679
70013642.07725972
20094350.536340516
41036880.19726525
18433621.925072856
24385271.543703552
58623394.72476042
37300470.38731783
39018135.44423145
26706347.21513869
6055391.440017274
14439567.446709184
25938091.732085325
27427628.687615525
44837773.76247658
16187292.628908504
23016923.200568706
25185955.054518305
28482276.31210152
42981737.7321111
8478756.346816666
4924958.647444806
9185590.978760967
46284328.35406506
34413362.2722947
1426809.084785943
19632555.988303334
19650858.442452386
35100148.07876164
12124330.706725694
55058263.54900887
37221383.793331034
4215355.658102525
34546880.89138755
42500194.80785273
19757780.76979101
30446761.366114624
20594642.465582598
34726260.604486495
59789914.19789925
72554743.19259731
70121438.2509246
43053167.09243205
56650168.75372915
47426363.201511696
53371682.66113721
72313559.4090747
62602638.82933824
80580273.68472825
71461064.65091445
57238126.35565172
132543353.50406757
65524117.63669115
106443888.41843459
60486512.742057055
107737385.07617316
138995442.8084954
67172483.53092816
107646560.44928172
89097453.10839048
139336505.38741967
112227240.61957964
144028964.59946835
155082224.32076123
155225641.70484072
170674610.6920852
152801891.7283092
169283437.5403824
216804069.3186394
186574081.32700014
237107886.5243441
246999263.8461087
226275419.78978726
224288429.11142102
224665820.73395765
270150422.35387903
256589990.66272876
277642301.7296529
289460737.44056594
305167424.3559037
354430896.6805098
359131034.2436248
323427844.9259645
388801136.49418616
417328786.4369437
438954473.47163135
410051464.2418431
433971448.3475841
547099553.0545049
546772470.8586333
542983575.8974363
605760833.9292804
646696861.1136366
686842787.7450404
706555746.5604615
759459405.6900201
869890151.7530528
925673956.7576896
989120452.1960433
1092531645.006502
1192714660.009407
1336792029.3486621
1474616206.647371
1672245637.5963042
1929442288.3582761
2139986904.4385328
2525664285.008212
2928164806.88904
3411623636.189329
4013314253.633622
4636388199.954561
5164260123.477085
5535033146.957508
5704356930.029082
5503704716.951915
5036235323.741944
4364746464.463211
3756905098.1314526
3373263164.041337
3079143008.970456
2911971705.0882125
2906211250.4714622
3007433466.961072
3202502401.0092974
3429672089.718085
3732713462.495734
4165048029.2173905
4648996062.693357
5155394804.778204
5671883029.469854
6094733206.551849
6315390633.442174
6295375761.871583
6077561412.1672535
5708672934.288631
5447299665.137979
5323832870.094471
5375009343.629616
5590800226.363784
6009910840.399892
6590316743.64341
7312430788.648268
8248364454.396664
9323243747.956205
10571624815.443867
11890961027.66911
13194020041.73508
14235162038.838182
14902804634.05278
15155198727.0113
15110741844.265244
14655321278.425087
13972984941.462132
13133810106.399155
12138385683.245987
11120052353.659418
10082248422.294426
9144009217.187998
8330911075.464469
7685387624.766713
7118436559.51374
6716623710.155304
6353317077.659339
6060182943.152573
5819971755.233557
5609464572.715416
5482406399.3145275
5343022265.655762
5228139273.795671
5216396666.42956
5135636620.936764
5083092299.831969
5075886288.927126
4973273265.952833
4858983999.388514
4700331530.489624
4518011127.838058
4287123739.9937177
4001591663.0507827
3681506559.0893416
3526875442.642866
3337456994.6956525
3098158048.6033554
2934903823.211906
2738213024.402458
2585382955.1577244
2394923900.907596
2233417579.1826878
2081720764.4533021
1980795640.6488593
1893364376.857398
1772855862.3517246
1710786110.727042
1576332248.064396
1488949117.2058582
1417706007.9488447
1359964048.3782082
1331195117.2617044
1233811303.8633752
1162160725.176618
1096759273.884907
1035263600.0138167
1030539509.2764847
934159677.6233308
878332959.7326128
865724168.3193521
809629969.8335396
825317236.2066034
756162315.6000565
765595750.2293239
707394175.0678649
669931405.4775987
701120779.2020655
627329733.7390485
625204699.4029907
577474192.6684822
528637166.7285733
496463102.3010993
521995604.8485751
478152859.6402724
464960585.24473315
491977909.0214195
413430366.4884553
439973854.2930752
399897735.5699177
414072317.86599517
377698988.73197424
344394557.582443
367204191.0965661
317342008.241758
356246215.7627019
336361713.79725266
307087185.03489923
301940364.3176932
345113725.28704214
307127805.4170263
262265223.57123804
275584136.5488259
255749911.32299227
274405234.4343549
274315196.7667267
243417831.4497516
229737149.04319018
196576805.61259896
214037480.11547068
219559345.39258105
218587721.37670267
190981157.3891612
182402828.21973154
237870621.85144913
176241904.7570467
176224120.74754587
195673251.5225187
163265112.16686356
131753341.09094168
178651636.61756256
187277360.002381
154276417.34242857
171887620.37517384
132966967.75450885
119318426.27793801
176957513.50614423
147426259.58759755
155844064.85698342
138130816.7207254
123154830.90764426
127011113.47749713
90882340.6081576
116357534.63691203
74590169.5749968
134808447.69575137
138402532.53804925
118640909.13384873
114794086.58100331
78993555.03613114
91189326.66121951
95510482.14218605
84319596.25234826
90701377.91385344
111585147.79079178
99747306.95734772
65287631.82743974
89661184.72685309
72145272.42103532
47017546.64646657
99879327.66793308
63438408.529210865
27364362.81741251
65662264.266343266
68041861.56286256
63956037.00463797
110210426.59486191
51280228.313753545
97980080.55016129
107948660.74523231
72454022.31726915
94880257.26725629
88503809.21688057
88715231.92289925
68518475.30343148
102591998.55868943
61225527.463153295
85403068.60482104
105059991.69981688
129859848.88224524
178100456.49568212
114471444.31144026
152513244.9815777
168077808.05895293
216860518.35051373
252109816.93647185
244970038.67826504
307867858.166972
288980106.2018281
274873940.6970128
255981875.97547203
272722285.8371829
245589878.92205232
221911575.21241206
241392938.84206402
216626791.45762753
219015054.63820398
232075827.27824068
204661425.45850295
208981110.2189501
204579882.75186437
218354772.65910858
267063691.0506861
287609280.78307885
316689140.660277
283814738.8405344
303078400.83466655
356005837.75922793
390804368.2285733
366553892.20865643
388646993.4101844
381789813.7858356
367047828.83565336
383094157.7565162
350943273.4716028
421826997.45302665
429707872.5147642
427574144.4177598
468271550.41183907
510430013.37497675
524853465.1295539
517209348.1722444
617883580.5155568
671285853.9596953
690547030.856663
690991889.0449567
714011277.8768141
774423643.3005468
738081384.8286997
795854172.8166835
814452580.292983
759483685.4259765
788502298.2388779
811517364.7271514
803095608.2181098
789416739.5923849
788523299.4264663
785405124.8193833
823174082.3817146
811740444.0715028
782514925.1228956
781418304.5535593
768431804.4119492
787043700.5394336
743193719.8272692
728479463.0399294
773076146.6876305
774715596.1170031
709020727.3966401
688123951.1937009
715415741.5137516
680039073.3223011
668597178.1800828
630860484.8141454
619690762.8676269
667643018.4840984
644786463.6552467
604520485.5628095
586621742.510257
557413109.3341088
581921632.7534266
564147081.6496253
506534798.5193872
494752529.8302331
502845606.3612013
505605923.6582285
464862551.1495051
465569874.1135418
443888622.01354426
466957207.6556132
415854812.3556996
385041260.1424984
457388516.5223708
389329256.8327018
416223679.5127765
387967366.35844517
381817711.16079134
370809435.1244899
358158735.28568333
389950351.362419
325976772.0697588
355225915.45098084
309359691.11925226
282479867.7096393
330882504.0287692
303832117.85377085
280732829.9734775
306772581.38696426
265040653.91356322
285731513.0865686
311014096.1300031
268289333.4401261
236894913.1374333
216825984.02618837
238313827.148623
246496146.5876567
228439517.64953816
230166670.08779883
234340788.93747562
219338321.04836744
201074651.7445289
216872579.06480414
216920804.88565305
206440419.30518824
179262908.8947787
191155543.6256715
230198491.9032304
137885262.29297355
176307415.35302228
163442004.8509614
199856771.50242037
178544155.6484753
311268183.7438661
317984181.9136847
320335822.9419997
407204248.475464
383385067.4979252
424960762.9863181
418189152.23589575
452600410.8793223
508625054.2945707
489103244.46301466
514361459.3906918
478929515.35375506
494160287.27563274
452664582.14985055
447385595.32539344
446985081.19185853
444606003.6078503
443127662.7580611
432312491.7731727
439158316.20462394
462708686.55394095
490192529.92165554
493523911.1284979
557450264.9587209
557050085.2840711
570301766.646761
645424105.3509156
627029584.0032258
640759799.0705681
604023782.957879
628755578.0122252
651208810.850904
615467817.5597792
602394900.2195115
598097362.6920733
649402772.6544755
640842446.7744694
671213073.6169187
686015501.9215608
761190432.0147797
733925613.765191
775122043.7364795
814904189.8145722
805442762.5790735
850125710.7173672
858074876.8110912
857012564.4642388
845903631.8743429
844289088.7957895
832338976.0649927
786493531.1712425
739620336.9394947
720382537.3607998
687725105.9832491
708329225.4529178
639976980.7412972
615662851.2600858
607152879.0876541
615546572.4426517
568452064.2387285
597784289.4684806
578063328.5417655
563490062.0556762
577830113.5703388
535359302.86554044
521115783.22952366
493742797.1697099
455002425.1518574
417573116.96951747
404564413.1313113
367947567.42889726
366265535.34058535
296664641.0473321
317801014.6492475
240720652.42111927
233530118.7625264
240677242.08320627
209388044.97320187
158521400.71335176
161336403.8794725
175781572.0638237
137236744.3890256
133901595.6376231
111557028.06933925
129091797.17884421
90372058.16090748
102217488.77374572
66477114.94127242
57821297.32739794
46362185.610021636
75597842.83437112
79895505.79221676
46443962.14870193
74707609.93791038
73429408.09017178
21619017.556574445
17056853.341315947
54270735.87522335
29826417.76274836
45177211.0446262
12438308.551433459
-24891637.050728828
1701782.3717063647
-19545696.134475403
5026983.823275033
8121207.717075517
3843140.1208480075
-1854701.8688477054
-23061031.98394261
-22079191.784666575
-24709849.852287628
-5902158.2414191365
-8720609.03686015
7493547.879701041
-32797747.42396447
-25960712.545994893
46158675.54362218
552140.7229702398
1940506.81043295
41443729.98090479
-20375960.55470126
630959.7803887427
6609717.744992167
13683011.870995054
11140658.698370961
32183379.218397833
15321585.64055615
-30377703.326518886
4909663.538276205
-23180579.27070685
13932254.433343733
14764047.719889715
16392351.73793272
9713933.107009951
10751678.25355832
33098438.353980247
7617459.940874847
42954948.31632802
15760992.945713364
-2780472.9134116704
31706969.43513093
10302737.123834815
1905527.8093120316
31316845.95115034
56913873.71726189
46234127.021490276
19574608.08955829
31537338.951865546
65332911.69351128
42340029.24702896
27793230.545212753
59505387.22118704
102280373.54288694
82488943.05797888
70869863.93914375
59323268.52363823
71416320.03236595
46415971.68409842
64448879.38613108
91409982.38460724
77047438.38409975
118217472.60918474
62179847.82638733
110393876.44011198
98542020.9900447
124878680.96690595
162218067.23249832
112826052.81203353
147808706.00967175
145840259.7499042
134607615.62922844
165527020.0360805
165336761.1849318
211783795.6097886
184389356.2176667
190402330.47572827
233912727.11788043
227325960.13641933
271931660.7241618
249708594.81224734
305993818.7551864
281857982.5726265
317625068.28048724
335413394.7949666
347135703.2267838
372569251.91304755
398045735.2073127
421549738.0204482
405204705.8187195
451247682.42926323
459826177.3889989
555313096.6732677
572297188.7153301
602807608.0724167
681690155.6374853
714981167.4253967
775334708.9215677
859960829.6283493
979421619.2793251
1048897206.7747568
1132362367.937505
1283018714.5398068
1400042572.16881
1635384707.441407
1869577148.0301487
2105452190.6001725
2487110337.5052233
2869849306.3644886
3358672690.6201296
3791561385.4373693
4223289204.8377247
4596967112.138848
4651053967.644764
4560728092.028381
4129617412.9924517
3618487560.0988216
3148190065.279371
2764615834.149023
2621109815.3551736
2494457550.12617
2492207878.196457
2598072221.0828066
2768909110.922352
2935407965.09901
3200096820.577033
3545703453.08459
3985999323.3451295
4383419731.637369
4825824702.214302
5163782037.217155
5279477715.31191
5276291074.725416
5039939446.284061
4833982223.158476
4574928009.871472
4499074340.238407
4561242316.108919
4765991768.661116
5143947766.91419
5594473198.514271
6254289623.513998
7048091366.699075
7966979064.511253
9045273833.838028
10202345452.239536
11297720294.802147
12208603433.82189
12817700135.720608
13035432381.423487
12966623156.15894
12718333827.190014
12096878052.138906
11408111799.398302
10614743972.987661
9702458030.836607
8861963655.775398
8059286426.876104
7415585875.117891
6819178846.205727
6368029732.591778
5987660362.681839
5682835756.373161
5495070506.126634
5242685312.190371
5076654233.615085
4944982762.366076
4851296486.674838
4783355124.973626
4741871953.103092
4694117938.508023
4642314176.758672
4590430084.55233
4492001325.432018
4410195571.071857
4247894950.7365856
4152039012.0343933
3947489674.7970467
3735424530.143686
3532586952.0357146
3323278386.9810534
3045484990.334669
2841687826.3348665
2693442866.1270714
2482019426.4934115
2367993587.17534
2165986306.0655947
2048889932.9583457
1944616493.199041
1826686836.077272
1669226417.5641966
1597499937.85491
1534464868.365178
1476524570.1409836
1386380225.1210575
1314016540.3242197
1253928985.8232508
1161692611.16829
1120886871.9827447
1061477730.9808025
1030123155.9587668
972587911.5499665
922095138.2758825
854151541.381686
804426727.1905125
779864811.4496539
759287051.4914181
735138395.2802436
725158136.8303334
608995204.4168036
596504493.1496625
599895645.7745883
551663869.5064712
539349209.3281484
518360457.59486
503296081.1262022
536840569.4241677
520447630.9817768
434840756.1563548
398735342.6121881
446549609.9877242
436193589.7685891
367136462.00594765
401857244.7182025
361430677.2455741
349487480.51425326
312349365.56170166
284149762.08318114
298132440.4787265
312591486.765047
277815200.15520996
291774919.6292131
316112529.49011636
271594440.61356467
236174983.7488799
278803844.8394077
218069481.92806154
168214182.78868794
237289089.59602037
195578577.5128793
181302327.31750453
234544717.5565055
225964336.8335955
199400475.24743956
202713395.12406787
167186225.04355812
189330859.4916966
163494791.6938503
186066907.89424917
141941461.36725163
166861217.58391744
166947103.8859605
165411765.70978874
148693408.38585126
81591368.78354694
120770273.63010745
127883065.89110512
129218990.22116026
99983482.23846918
123206427.12709366
94303691.95178662
129315259.43975027
88887810.19126968
92517964.79668187
86477507.11784396
85807231.6082857
94925366.67289186
67617766.16409902
122242239.32182424
63957146.78708936
79611292.53904083
79120133.50882588
58080187.602194026
87160226.8517822
110448719.01527606
85197913.75840183
37449074.744374454
35144432.105647914
43658642.086024
48899906.4226664
74249080.66155475
68592573.85385191
33975196.4579336
77152622.39992666
39657297.52075455
25288253.17605504
52315324.29365122
32445544.20772468
30109797.985232882
43415324.833541095
46959921.77083844
17500625.02471235
30718597.514615387
35816990.56259553
33943846.453721225
25172292.175299913
15886289.505722472
20584489.609006368
70054243.71430004
35558114.86316493
44504964.52847878
80365446.91972458
33322126.5889328
77322490.92405199
54686815.32321015
63536161.54137017
124698891.20758905
140219350.21333313
117609575.54572743
131815000.34842896
192979260.80390292
167353345.06428647
212343449.40227124
249489659.8627581
215943218.53079158
235003216.15758497
221645356.38139236
161676472.530064
161053749.91778243
178486301.09319565
178640413.96048832
172569311.23680043
140664197.37272978
163254793.7169171
207506184.51637495
185032282.54837242
182136603.6362227
223322031.8886786
186536349.18604708
250221514.83960778
296996197.4467274
295541773.91024935
285460247.3146819
278923926.52912766
303794776.35675216
271368291.1101378
304897408.44483757
310748809.97814137
279722284.2534702
346123896.1514409
343567469.9091555
312253597.4461803
376110382.2150123
400470308.24828154
454148124.48257625
456515277.14778394
508865774.7152213
519694697.6674592
573354185.57297
619079812.1912419
645529277.7436757
696724628.8331528
680933426.9189129
731254831.8304998
696630540.985058
673404698.5403681
691821219.9218065
724125898.7701008
728046208.9825208
698801882.4424222
734198980.5680261
748409829.9254856
704916591.2065767
739362161.2809225
744786563.5666139
730113344.8950171
754606498.2449129
752019782.6260848
732733488.214395
748463747.2221365
707107736.5872198
675272470.9287463
666586209.55071
663124053.9538366
656662305.8659835
625461999.5745735
594779010.9845678
582707392.3837411
569796942.5375177
578165187.1892251
559668550.0716575
526893161.4515157
547620866.8841805
516895255.6858434
513588521.8618084
502543597.43809545
528207426.2678969
485799977.22613925
478708339.0768287
412014312.64832735
439283666.3373741
464200020.0030954
477636879.6103755
476925284.4700696
374177144.6613365
383415153.0076178
385180693.2011939
429698660.3798203
413822399.0930636
365846300.41880196
381670772.8616977
373343379.34345436
322342871.9405861
367961538.5273856
303660955.2568823
300681360.0575243
312271390.5123019
270405448.19567263
265564863.5085836
277029087.0095309
283629186.5164505
273042603.16684675
225613259.00476632
244021769.83546934
256930719.5363168
230184467.3171006
242392269.1103918
167398913.38441563
183383755.7969425
200255509.5759255
172913819.10835308
180356688.28132042
196972767.47444338
165886503.99144813
178226550.98798633
166666774.87609833
177626438.37290817
163632540.08054563
154445633.8427702
149334441.26041475
145167410.22371715
161990977.72048473
168805252.904041
160169366.69596884
151945072.11178312
139671513.31120408
153954914.5957048
308560737.2902984
312510099.84146076
366942358.3527569
359718634.769763
377606558.5128492
416910008.3461319
397503552.23251635
416898966.1823512
461387781.54714775
524964402.50881135
486418725.2325407
489995120.0814254
476900727.13966596
470760949.3058958
466664391.2710687
411352242.6915004
376591121.4950559
407772046.30966246
456262254.7662903
458633972.8263818
472556910.19976395
442835169.72294354
498752212.73031336
534503513.58901304
574254215.9738432
598166531.8927004
561994637.6578921
599287522.479198
598377850.5898558
620131257.5603902
607492160.2900009
631525655.9638754
627027489.3975396
559673879.1153953
563144085.6491882
625701319.3846171
644325664.5052537
596984987.63184
633642146.3643329
658401291.9340243
676316709.9792176
705246476.0248834
785059688.5484712
791873750.7401183
782606569.6588247
815192447.7336468
807062656.845671
784865181.7914101
768637702.0370781
718090044.3880615
739067692.1717924
757798044.2638047
668784536.1536605
657189705.5511044
637735741.139295
639685620.2339395
589885057.27763
586187562.8241224
612529386.6324668
571195030.204244
577238718.1856023
576062388.8357744
553462396.3964095
501337935.56420887
485653925.8403522
509011853.93139017
457207170.80050015
438718157.9821354
419926659.4551747
400594703.1415919
365711397.89016986
342238659.7784647
339081099.72720075
302702926.055997
316195919.6260119
265501130.8460601
258291683.93716413
237158043.41350418
208907057.1625525
198797151.98449233
179335921.3820473
159315110.77042168
128033706.66916199
135614847.6961174
126042934.27835594
132411841.09828466
149897374.41867274
92269010.60112843
92404075.61736476
52738973.85041568
6353396.240229277
68598478.85121049
54722448.200847864
70838819.58072005
35095327.19187378
58106532.19910082
37065346.77441091
38263795.122531384
87757973.0144668
32877689.12872461
66194816.27102945
75065236.60927787
35299431.74150576
25961338.17322229
36889161.98416925
7117055.6781960055
4331058.250343723
6890413.475893202
4314599.4950413965
-20207614.943108946
-3046539.1656533815
12916561.662025258
-6198868.182346918
-34255187.41851942
-34389872.5883061
-5666184.231588375
4157257.326007588
61774041.763149
30615946.362460054
594721.9914186401
18465594.31555779
7840540.046701587
2784426.8592899637
-25664093.925506093
-18463162.11068301
20710197.13045535
1990032.3337208554
34354019.27466548
45719741.75109557
12480151.78509513
47628592.21609989
37250267.76375292
-39002282.254350595
25839080.755980656
42253075.801491044
18738605.815911926
29799948.13529241
-32869307.154433984
42452543.71092144
57826766.45810434
23216139.13331743
48700205.0940289
47262763.49412243
15354634.272101117
51792014.869568124
71675373.47650406
13769796.392990116
30253971.701555353
39614857.378874555
40349162.72580556
78460229.75500208
55268751.576460525
52362244.130520046
46015280.822518624
62351924.54894775
85490191.86685218
119803610.07824957
111134814.76418361
59984250.39814942
137363456.85341173
71751152.00723086
111645306.11701584
111983142.90353027
67588685.98001507
131184411.03302816
130721909.08591318
158384401.53344595
153705556.11887324
137350858.25826257
138297049.52541518
154468770.59001487
126627160.95500186
164801219.97383243
199069317.16908526
207803434.83361337
193473781.0231047
211474890.33355415
229810045.069628
213890847.135647
258117266.26819953
264241933.07096165
270647621.82528466
260637229.55879557
271754534.12651473
329658634.4835868
381013844.74616605
361415838.5443085
400821289.1009807
407874493.3799375
379498544.9380071
448088159.63411236
455790252.8926642
494010424.5204103
547364484.6576483
599798512.7471926
632692220.4218428
705606634.3823795
762215695.6704867
872816150.0259941
936210802.1763663
978236673.3394473
1106403195.0650253
1240577339.1188
1392343868.1681747
1575592947.306584
1839876282.6817153
2100488150.6703286
2496018515.232643
2827929812.6676707
3273754291.2862396
3621565942.065019
3841845381.7996974
3969148007.677143
3806837021.8240457
3480116585.066511
3053207175.4763236
2701857682.074337
2416811040.97895
2251845265.401893
2184507538.426259
2226190261.976883
2296543314.5883346
2424366698.5811505
2579069568.485629
2863373025.7746124
3168325752.5254917
3508792935.0974617
3892802338.0195003
4193338441.694232
4442099642.319092
4546247429.148508
4528988872.242696
4336114502.667681
4065322187.0999784
3863126401.607115
3779200018.6673384
3914292899.272614
4109592471.531501
4441944435.8075695
4891449323.497773
5413882206.759713
6151485507.369055
6931383200.850145
7869605965.726206
8859110828.544495
9779740313.28355
10608234498.42018
11144280811.767467
11358082457.246555
11361002404.833876
11074990918.502407
10656439542.37057
10046295172.0816
9345697073.839615
8602793234.789736
7832604848.3799715
7183059091.993683
6599683477.279699
6164909782.033346
5744191664.246633
5428272339.460697
5150594797.484116
4965255123.254523
4808947394.425978
4640647421.325848
4551060638.320295
4457520532.726574
4364357800.41075
4341350638.93642
4282254201.8138633
4231998846.5231705
4229736879.9099274
4177483467.0927906
4057003904.560791
3935877921.310231
3757525233.5299726
3567663603.7759457
3425541457.4992743
3241433582.8921804
3051856438.2967324
2841922656.691886
2680286168.4268756
2477327922.567519
2334893417.1978636
2161265618.645032
2039270810.2107394
1922814907.8521252
1784173715.5160055
1686241819.5156927
1601253107.7407246
1527815577.8110769
1434477747.29187
1343243175.3317308
1240139790.7037
1222001250.4731221
1153299077.0179462
1067020045.3996379
1011748086.6499709
968571514.8863277
929320430.1949843
885215034.7482942
810341710.3677994
818114125.4512354
777779885.0325887
727803275.344163
700397524.6704636
643840331.0648358
623765221.3931597
609461226.2544647
603620816.009542
568910298.7450035
545650516.4374529
495177006.59208274
503816476.0732788
495111766.55032945
424583725.5308401
412270701.31926775
452554391.4462726
400193533.4386693
393871024.9121624
382471240.6161164
349772100.1052233
372692632.535721
336984519.8003725
359296769.90935
356824381.8337138
313136084.74092746
313770334.34575695
288103178.3041163
270552615.25302535
298003789.63272697
261785972.11084595
246534586.46733755
201116795.88849157
193460180.61375266
212442948.9796609
238305822.25498056
196419873.6506064
151111682.79416096
210215676.10073403
173066507.7246595
171668295.9923547
183577175.4453274
161812859.8397769
131659229.3208276
165882492.39285392
146387446.80445638
160538519.3976423
159420294.81786114
121299572.36404735
135859391.3077947
116722397.63766643
116905102.67506881
135746001.64525622
99630413.445715
94319374.86484466
115080892.78634134
102110419.22620088
148866996.74077433
89998752.09069112
90397808.00245908
92829868.96584213
96949680.06462741
110299649.40267903
98872949.05898687
92456591.87072271
82321216.56872192
97256579.81662425
116920862.2876907
64570704.24298118
61620793.03194046
84780154.85569699
51062444.014522344
54816674.47378161
30582921.86155192
75059342.01707573
46435656.51185764
61466621.37125472
41958210.563057676
8342931.090674136
28249236.06773322
72276970.9506078
49344855.16460982
25495899.08709578
70957232.10833257
33793794.438746266
39854747.607159026
46406995.17515282
31939457.79456818
14505190.697777294
10961830.4483902
41118124.48621468
35818086.933864295
38459985.95064606
53199894.19417439
55905966.79563289
89810220.15693969
10851062.793420179
35647687.59123389
65089002.06983268
59889711.84554398
80104416.43836346
64826250.86883459
83622175.03223519
65452178.19214596
78315443.02083224
92996295.40424304
106109069.02834763
161263099.73006493
194818275.6445889
175603228.2606049
189433044.3287202
222526403.65125352
215804114.79741073
197325573.39538282
194354207.2604115
188878403.2919445
157304897.88764727
169727704.21636522
154573578.43101707
120569867.76973273
221258914.49833304
159598241.08006495
124375866.4342151
181248230.57585946
163369429.9034235
184018573.25125572
221967272.08492905
224524907.03954446
236294376.9146228
273223198.4045929
241480527.9679587
298857867.20071703
323211665.7361329
335360271.47307
340653050.2145295
293319198.71138513
289967918.8134712
283777164.0495134
348565601.3741677
349567083.3329436
360635579.06208223
364260547.4872856
382154520.77071846
468507709.9134234
450929049.8450426
526969164.21123105
532279431.9803548
562252282.8356147
620000305.560567
650669387.995486
654564357.963161
633089508.5477291
667600211.7998279
679455612.1175478
703669424.3316078
732156109.449213
749159638.034817
701109514.7756165
707657354.755517
709761927.3618468
753320083.6239952
713781620.6319224
730648689.2631321
737926447.1905617
694835164.6330827
691577908.4948369
656313543.8853995
680780808.4709488
655980048.1182894
655859139.1090766
667879315.5214432
640318808.6538142
657657830.8388133
613375599.648632
566041659.9596746
593630521.2964087
503570216.23778355
547542695.4594121
579845522.6775768
536202455.3853019
553951942.3001425
519476009.1479825
504334640.17087996
511599003.50357944
456332493.9685744
443332897.7857712
431538687.40592766
449861741.58041763
426474772.851573
391698154.4571204
404083702.9697634
384947314.0175211
444942381.5006173
404047625.7809896
416204530.7768177
377521847.18810594
362394543.68094593
388900177.2921338
307563543.9278416
328894096.3187567
342561541.0395386
324934626.16469646
340233454.5054299
293853841.5405365
272093177.6202897
274479465.3069541
278335768.2245722
251155289.2331695
236664344.65555966
223418050.5129436
244338779.98015505
233819384.78905708
218116064.99757755
228382687.3114133
139812893.78830346
238845457.0043758
229174200.93512467
195609446.3784871
196902460.98527718
172205769.28573388
193528921.72268668
200676131.55486083
158875631.70947164
166981996.58427906
170290576.27048954
145260640.47416037
155585592.49190605
138143705.76504678
163501341.44388062
149067399.2189585
138446052.59583846
100962166.79591186
183743203.79455525
138904790.06942627
118964385.30708213
278236028.57979417
304202842.0422182
316650026.86140025
342705079.4015617
315919392.3618344
388762166.5953392
402917635.19597673
431035087.94631875
444402962.2798023
429230996.94722176
427812270.69968116
431225425.9459274
462792415.82862604
399825420.1928423
402567049.46527183
413031334.5463801
423940928.5433684
379785264.0205889
409942574.38518226
404189648.4784425
434864404.17560494
484053073.2519227
476725894.7944898
530564252.28461045
521557130.81911445
540890429.7404339
575773246.2390099
590743201.9272418
602163410.4945489
544198486.1334985
562921395.1724198
595827340.916297
554914357.526417
529109183.79038393
548922349.7486048
584806650.4290096
560154346.4725451
611744722.8405437
648617409.7170117
630324163.4447263
656593744.2947047
719369609.7241182
714818494.4973731
738039775.2972132
739110120.8278487
759447313.0372941
769829673.1722867
738353189.6243912
737550906.095576
707682177.3048488
715014131.6962304
669894030.7853763
648349405.8494632
632227367.6881195
590155647.6754501
618341579.4747187
629630493.6562059
567380167.7898076
558397203.5514895
559243781.8504338
524636154.9291558
535076495.2468034
536784145.0853243
496083513.80966735
478052388.039666
449368300.94239545
451674874.43293256
431939378.22636735
418244106.689136
388067263.9551039
389699961.23787385
359606015.6188188
281089057.6787898
317186199.49631107
274020684.52286625
228472801.1646313
210179584.76656458
225365227.90213692
181926808.2069021
159297277.1739057
176753951.2148715
131594416.27676517
118970316.32989325
89848367.20355521
96351124.55814645
111681523.74845484
101486309.5016199
111994681.21008424
88511541.23361759
69498265.07184744
80348045.8555304
89112842.15507115
88702341.79476993
47429571.26684977
52856692.425770506
39824222.63681519
49446047.93900405
59105615.692444846
37568817.508157186
69447005.06698805
20116250.683169276
3830702.348201249
14612367.500000034
12721872.383366564
3646375.0573366135
37664325.6350818
60757588.97840946
34187220.827582434
23419917.915449936
13830535.741386846
22061391.836149126
1056766.3651502132
26960171.69183014
10168151.036534548
22362099.17829043
6172600.789761167
26665083.878987398
28860795.16959413
24947550.09530551
45007261.25891943
3986435.0556041487
14135787.456833433
-1022963.4267446065
8860235.06007431
23712804.824173775
18476164.448544763
40849569.33724502
60212993.777394846
-8985683.086295266
35066153.97716267
12604734.02999704
26689034.459424965
59192556.12931071
9639703.076617904
19773775.59786661
17289995.922725026
10819360.991806723
-2227996.0003528073
5514077.723976861
-15988317.26405659
59660426.480059415
65530336.577049166
33332080.40996389
33738004.4796153
29676820.95136503
51647509.67658974
60441743.152268946
71439612.12107186
66645239.04986616
60653316.058375165
74824650.46232179
55811652.584591836
79005756.41207331
97992030.94279857
55007285.911862366
60242583.8354488
67624171.82827026
95757581.24507526
89959094.52792418
106963363.85900414
109733603.62204878
83321430.77607834
106719039.29371926
101532593.14379758
106337988.43323807
91748672.67656417
123566703.4222094
134924883.69302496
129025694.89255339
190296090.19127262
114454819.99605137
115736322.82942072
190209306.20998746
179627561.62881476
182179195.46240488
177378121.23516262
210236774.02210104
198738809.637779
200693878.82079083
242799743.1301051
221562544.36175525
264937197.57510227
272801428.74049544
269284824.03284764
312699981.02755564
311156758.00043297
317585261.8494127
306162316.827003
355814251.4081551
416954084.36210865
395826697.74561584
436059032.474681
486627320.41476893
497165717.8350022
558486936.5661414
603820374.4003993
665407605.7932965
699494863.8484845
746379057.5210774
830291555.699439
881955860.8197368
1018509344.4420216
1096610575.157405
1236225274.625154
1442386808.445567
1609518359.0785205
1880767529.451903
2125685370.1791725
2473051542.035259
2823573447.9226565
3079646616.035966
3283512900.6817646
3384122994.551095
3280782338.9138966
2972641344.4640884
2658859327.586251
2351378142.0566115
2116878962.0807354
2025846935.3909845
1957151178.017233
1965578261.7089844
2080169493.494812
2143053715.876127
2358898542.9566417
2576127257.2072697
2828342871.363936
3134722131.070244
3414475193.117268
3699797284.551231
3950828805.89268
4013169611.8106174
3930663336.725588
3776422946.1251545
3506574236.1043143
3385721787.580331
3321735150.463871
3397593518.859476
3594436289.1273994
3864686107.0119886
4255884452.8618317
4770190403.18968
5397298834.9413805
6085938957.721451
6885892873.433767
7802446593.153322
8649080174.501736
9351288319.259546
9790617280.728567
10019966062.214771
10018042042.880772
9828893270.482704
9425081411.600508
8903613546.768427
8337311369.365522
7677385931.415753
7060392710.10699
6456958119.317112
6034025900.525707
5548466981.940977
5218264821.53926
4952545363.891528
4731644502.731077
4515047618.3557
4369144580.667082
4262397209.766777
4113367197.7718067
4068311516.636259
4029901831.120743
4029811059.3412466
3950172386.8926525
3924511902.944127
3854071709.029566
3816215577.043417
3729113977.4092216
3599736719.041356
3444401081.667582
3306049393.965701
3113698755.0282736
2884786976.129481
2759690453.548253
2620634151.541694
2408921198.258166
2277562363.3783116
2131766144.6097536
2007291016.9566088
1916359966.7257147
1803320583.5279636
1691900804.1651306
1515630141.6753986
1479167332.4070456
1357994906.405923
1308586741.0801315
1259631391.6612275
1231388081.3652399
1150057358.0968206
1072175836.9416316
1030930255.9618545
941698315.627244
917673391.9200072
859870895.0024798
840922177.7910666
786782955.6452924
785820315.089916
722850571.3512678
715772663.7067881
697426311.223274
653846175.9763231
653112759.4067494
576057079.010361
555746314.9087145
559753368.5809404
537508612.7690083
509933135.8635262
483255373.49853504
459148142.90152776
424302688.79970026
408053339.453979
402008154.5214791
360082520.69510174
356532597.48572075
341701246.38607156
322234976.21295047
327305265.5527364
329635394.82016
309987679.48459405
271003910.2975234
269010336.1441872
289330139.40882003
312006018.56320655
278667149.4120727
245380738.24603236
222882213.72960052
265971667.59617338
282157740.18626684
215292765.06868804
243130957.60817114
190301054.33718914
204609523.75042573
251176301.90298945
187732000.76535743
180685722.14104885
192805338.3436237
156616353.68652987
164000433.50650394
177715181.9304688
147351474.6392864
203612079.3157124
149976408.57945907
142260536.72134048
154405117.25989366
145447594.52551442
158358342.15410697
121522340.01529765
145625686.71278062
129380746.24917147
125006136.70958814
104194460.38808216
92792133.25889789
123798282.09493929
133222521.94579205
124781176.68373679
108928761.52910857
92906044.29827091
81956245.58262907
86871800.17715521
110702282.88093404
119913059.93332577
103796313.56650719
66016212.80859565
65658355.02479282
58756766.58747925
100011541.33352336
107584470.01795688
83540716.2013869
107719481.56199831
86196083.75074011
80387774.10540129
50147183.63521831
49681154.27221762
78947797.71514611
105191554.21059547
36839202.33366251
28922713.83958543
45155525.04772716
67523255.4029207
75819679.79235092
38301713.94764169
70489256.70337006
29121207.553506114
41167011.661391765
90490607.36685175
50213749.48694354
29353346.930382807
56446031.29974031
56222090.6490931
44766365.250396684
84985449.01036449
85217816.15906535
100453886.58192393
81129444.79981226
34184285.58860138
54141940.568798356
27564925.24112021
79889791.76351665
56157814.43842296
110285490.84640004
107655630.52165538
126418853.15013355
142869471.1782085
120216397.63495928
183109815.97454968
152373651.90079477
157593684.1555568
198296643.71941453
187011150.55299044
133809741.72035706
183427261.91476893
144834971.37530404
195678592.71159226
133797879.97635636
159202106.2428307
169372479.8364228
156085429.10369316
188923275.12183833
138559147.81329483
190212823.7808277
195599189.9822713
245093243.12778366
246999593.426417
233337074.11524647
256917529.28284013
264896609.5372883
229359359.25982547
268348063.69242996
241704645.1687286
260857633.92888752
281948299.16204756
298940116.32918406
301055700.7337396
315555702.0748687
304388438.3083063
335988625.67983377
391536445.77537847
405703711.2585217
437537179.9180017
412644336.7683232
464781607.3034454
489421491.6882984
587328061.944531
615241829.8828905
617388971.6273825
644207033.8011032
647753479.3911211
658026014.1880174
688388052.1202607
667157964.1403201
628161898.3571941
667288747.1423035
695313580.4386466
688397168.3921254
715642562.639562
692671583.8413844
683895354.5072688
691626133.3589613
693138839.3082287
717814621.635198
664419424.958533
696184015.2715975
685286414.2249976
683365727.2915213
675739662.5333389
609082408.6120503
637959207.9829031
653218211.7940706
629678896.0635211
607673646.1564586
594732784.4632407
600377061.4444143
546222888.6541781
547060295.5644164
541200140.9972723
515256217.8637955
503703343.54929817
517073006.94344383
535848351.1921778
476834250.5237355
469946507.6968866
486166125.8498662
453393488.4244591
478897614.7874812
472111517.4057564
422325298.47755843
424519756.81936556
369309598.9330455
394698174.6205704
382792781.18037045
393348111.8720676
389938770.7538409
348382898.8150015
392091678.27726674
359530132.8555843
351745509.1142096
367408330.1849394
327714775.96852475
317905373.32355475
320037532.21563274
325965841.8889602
310419875.62688744
275837073.77682257
271944384.9662605
223704554.1293899
225194660.51906776
265186967.80388635
254609742.2888549
253259204.03736982
255099981.42876506
240260044.02392176
201932115.62352568
190936759.01954594
210879174.60247567
214891416.0187386
209877475.47592098
191978094.32475382
203741730.49206793
179703430.74908948
206809824.8940408
174329544.77379954
161921473.9819112
176686655.91847917
144612059.57982177
189564370.7316903
165039852.81922752
156981662.3164748
177411800.2013572
187933945.60608178
126796180.49708663
254729866.33205712
279952544.2360072
304394151.08898354
321207504.9068491
332606652.1256926
364259854.2848343
347693937.12172604
363134110.5878793
405411006.2425132
434976734.8172271
409263835.6888702
387850793.81991136
390343864.08465827
377024708.5547278
369811634.8057973
360765391.53732204
371067892.800389
373844857.75216556
398213379.3236402
413786917.16419405
392748231.58859503
428344927.53193957
463620497.28903925
450156377.9187017
490088458.52825636
468906458.0552472
469707160.00894123
516635817.313036
529436410.61018723
580830199.1158438
551088413.283623
480164753.8687
519105099.3008022
549626546.8419619
544562357.852965
558105284.1337482
554286288.136243
563426145.0930548
613199486.5411882
646402529.7695239
623559140.5279052
673607528.7284411
662098518.3648757
664604206.325408
719604669.0746094
753873390.7829392
733986086.7763005
727485949.231876
707360177.1019092
665439269.8973751
679510388.2026931
667743758.5260723
635908489.5284256
590365161.5274694
615805779.1191425
563403106.5622985
593151311.3506404
595032943.2600598
520063011.62088627
516434253.1264062
513572423.91300726
536006325.66156876
512557183.7971897
488401634.69001466
496480219.2444109
448528495.07324713
446587760.16513866
421256433.3219903
404984717.1588433
420256446.1554826
348554591.9228968
335179668.56923
318008445.8817844
298900306.7733847
262444491.71097183
252974005.7929418
226780464.09836143
205427421.52254423
231427992.7027957
168092982.11607736
135130263.89858317
167461336.65876043
144546916.53303856
146232951.53862333
107944267.53146747
130547315.604804
109016608.71549004
78374437.8990026
126288852.57921726
63006716.2166929
34308664.9218185
41585083.20726915
68304638.72004512
70822106.14374909
85326681.66002014
61099498.472611696
45454460.35956948
43105176.699699774
29057153.716904763
39291278.53348325
59104925.99140994
62039185.71533224
46860489.41422132
43187788.30441007
30020260.25150547
23688076.818102192
-4730812.505970582
3737301.195203144
48462508.07976103
8711963.114060141
13922622.933841383
29768435.210429326
26525618.594033543
33974824.67058171
41170958.35012938
20581702.142502517
-28894176.494825497
39532744.82015124
17882775.97086222
-37712671.31801765
-39053296.62780832
2127698.4586240407
4983868.350936675
34700447.17678966
34606158.863444924
12667279.702323638
45993054.88030267
-12497350.803522777
-32437075.194887064
4180912.490619437
12310448.304332167
-11569968.534599533
18617319.460278302
35430805.70122699
20692676.825075008
33213516.747433655
5034653.801677465
5599491.909877696
65705670.71810665
52343524.94894324
-9470366.078058312
14846529.122162465
46874541.55565374
7326737.239024632
39023994.916525245
5212843.538075234
30260079.25291321
5871618.342711706
7285365.671084903
65006383.67419718
55399536.06244768
99413490.1253792
43422025.053735435
38298878.542019784
64399931.74571572
95704997.82012734
86112205.8551028
91444192.712454
61301728.17065303
60385866.72798903
49820417.92049442
70160380.04964796
107017568.5707988
104652101.45850831
126957712.82028419
68450290.4233061
106518498.69135737
112778574.96623407
123283564.3564148
107203124.7745987
138806493.96651137
176898748.00601974
130280964.63671719
165449778.28355646
166570168.9856611
125913639.35687594
171778823.11185062
199977761.59023753
164106387.70772666
198685025.2919972
179450022.12084067
194457416.87998506
219674663.4385121
241486409.34940428
258189724.24623933
257246712.48159522
306361474.8308488
326931754.5575386
302558244.7236289
341493655.5042106
371762678.4279562
389624153.0465665
443434563.7527708
426489226.4372095
500968106.05909336
515666393.97164845
556601923.3851162
594135848.362014
644610678.1657336
748688354.8881936
782561062.5455198
877715718.9125695
978503314.8431563
1113449474.1505122
1278682833.3556223
1405665458.3350444
1618073478.6832302
1887866983.745849
2142868166.3700776
2422502297.2865067
2671198835.45065
2824275075.4353967
2896571171.5327954
2819447727.0913186
2560077570.48584
2317057079.841841
1986251250.0271459
1842181020.0616014
1747282975.291826
1732435064.8077195
1784303721.531063
1839637289.5135262
1979018409.355938
2132723540.180697
2385523625.695946
2534082718.48397
2813917483.680114
3087285957.4071207
3340889519.0468025
3514877060.2670355
3570955984.34271
3494594186.9832273
3323092211.469868
3092196846.657729
2917502628.5557375
2896255372.417817
2940334197.41887
3160864539.321992
3451086243.114726
3761171756.8110604
4191687640.4612246
4767315190.760729
5414527840.320351
6132478686.186884
6890925325.1926565
7663266137.819589
8230044094.12216
8671031526.107841
8915944030.416805
8923502412.343004
8771092938.52266
8413861796.998169
7969804198.246699
7446756904.074035
6924605545.010431
6366058339.570841
5889494018.478535
5472883664.377786
5068429727.893058
4794745802.371366
4534847948.593185
4342041399.345409
4196837285.850871
4044752546.2138543
3937439409.4510927
3860935257.952157
3755215243.044374
3706453833.094437
3675463125.7419124
3616580904.545842
3613411936.842556
3596201290.0455065
3494785960.515752
3457302559.063898
3366620995.009158
3229700803.190465
3111052978.760754
2913830455.8106604
2809612248.21846
2584956193.955347
2473090366.2314425
2298150239.89352
2158170897.7727404
2021733314.8970118
1870375243.5741806
1797263161.4401736
1657696487.4112926
1584554040.9891667
1407842852.2366533
1407726359.4080777
1331058024.7315075
1273157621.880381
1162017870.573872
1090319627.0532475
1075742978.5135808
998437110.7185078
972401632.3035443
874208433.3333235
883272825.8334644
807535717.4154809
748568090.4748347
750130071.102179
710707831.27996
670196210.1037283
641608269.1637006
603441464.5219657
596771378.2881484
550483230.8496748
509225967.4731842
541912695.5135808
458180335.876673
473164745.8746829
444259618.7736555
408130277.9760297
448785847.61329556
407886099.6303799
388620501.6803677
390099178.6914061
366736221.0217124
344951969.2894223
326992817.6592119
254760786.46504468
300590986.6581346
261877796.5691172
298810360.8928735
294944186.4220917
255972395.45016623
249544058.77820128
213727898.63508236
253146301.4152476
218855586.43437335
240822791.94218504
213401675.30204004
213955522.8913238
172829606.9750173
182229546.8358558
223382603.79287744
189932865.33972043
163795413.85466483
183963809.5957701
165313762.4823683
165287500.60702384
190723749.85478312
144935732.85695902
164307910.21527892
138378629.91375878
115862065.71106456
125110130.76693635
115178761.68327242
117569532.10409945
115398478.80545092
105839985.55551577
106278665.14358148
130334155.07030052
116074608.38750741
60826333.56539914
70207714.51836634
97747039.97915795
87109388.58547464
59980466.24384868
71373791.37432368
95912891.75580138
104602259.92789184
95113896.01607987
76460447.73288555
70184920.80385634
45992832.61226646
59759848.338880464
81680333.19724464
35501290.57486122
39182804.24211764
34068925.724408604
33319431.501542687
33967831.9417119
41028268.34121324
66183367.08868228
47919894.49392679
54602400.8425257
17425775.028399494
53228094.59768844
47754615.830043525
30251352.75432926
40844789.83910863
38233481.45959929
55998945.735649735
29685236.946294658
33165500.565366834
24050591.817845915
63761840.70341809
48940358.12670087
36722251.794169486
57924204.15846962
44116112.7964619
28774213.71911356
4304386.867132284
43778585.79660333
51342573.92781748
37954554.45852572
-5112601.387028892
29181619.261133127
59849501.22688911
57805828.00109447
62277469.11086394
61225302.147787094
65964366.87564483
67592090.46168709
82509911.13874796
86561353.79681224
130466383.61364265
130437659.64730941
110465812.53763534
105717124.76492345
155616303.5536346
104707332.95959312
130448151.73309612
138892832.58167085
95593464.00446087
125990444.73753548
84991579.49172646
138918171.64595705
159230490.11830857
152156437.03788206
145808283.3719644
84131571.64144966
168903851.9827925
182017535.16089234
159053227.30406907
145375843.80369154
171679140.1150186
246027139.5526363
205961688.1766467
239771054.52211463
200208527.89390337
263175559.58722976
280088809.17957157
258087404.64979216
280117081.6692332
252810864.06274804
240561521.7903247
281087555.0749717
276626245.1854573
299241967.75131416
338304791.9023258
328756284.1882749
396514456.4428294
430210596.69303393
473207053.258868
477896512.583166
532460562.6229726
534219683.73052907
546732696.0430799
570817545.4108813
595202634.0775839
644849124.9152731
655881434.8931521
620269746.2593144
640450166.23721
595680724.1958785
643337188.3267801
656296405.9108069
633117504.4898467
668646642.7276558
656283707.139492
677791486.2809017
650834109.6135706
684340539.0325556
643918611.1714965
622983591.9242461
621959534.9278388
628136728.5184782
607502603.0587753
645318822.0311525
596644314.7491221
598264783.4572486
536388187.68884903
541758840.8640556
548964547.3640763
522992363.16392624
551393501.4679695
503068146.50642633
507126464.3774409
446642899.26558983
526229568.9003005
466464244.8355831
441866671.09709656
452663763.79895127
432495425.9014833
443053723.35840964
437235512.90093553
382721807.84398663
372745718.7478391
367927455.14845437
411104104.0907093
385002962.82124853
316125799.99121475
407980593.51189125
373601445.8586614
357490795.1995275
342594109.45729554
299743842.41393614
304796361.3499913
298849580.6562189
321336379.47586465
365196138.0434363
295673287.07076555
262607100.6938508
282364171.57675743
261078387.7867714
219610397.1434686
263769740.18946686
258616938.50676996
237851740.4490631
228554498.53743762
204039845.30862474
205475085.1765082
202179361.9908473
199689141.22967955
193538589.17424712
214602102.74702471
166826941.91131553
203314669.2641971
190996483.32932758
161312408.4611335
167025235.2600284
192681995.00947547
199252154.55444622
165359649.22377926
156745986.6731615
150137161.52915648
193059224.28112435
142041045.23448694
121639836.33320253
100303574.6096907
138457214.99682218
146263922.62807155
73453377.38789913
200217889.66686082
269049190.01295364
261319891.7539859
293438771.7582844
286927098.4865413
290198742.7667562
392250076.44462657
348561419.81876034
329279990.90780723
349433669.9682148
340404157.03384423
352994827.1570978
363586490.2893853
334045096.55464435
324602950.81629676
339793056.68954515
326230451.2526969
344750850.0466547
365163005.22524416
363741391.1599846
429936164.4565835
402161091.8463862
368882425.79665166
419618542.1338398
439560083.7935573
469745738.56577104
466502113.3841704
505962874.27940905
520659695.7075835
476367865.576502
485156768.78458214
502696180.55437267
475282371.46791404
457153886.262264
472222158.63725144
499989149.1544405
517836149.5569783
501964423.28169596
506665327.2589402
565310827.1293663
606073120.9660498
564219530.4462332
633682709.3260291
663994964.2844875
675982904.9489858
636338612.2278898
644026644.9358304
679082546.5659881
609635331.0858372
656716613.6488181
610282781.2976658
606500296.0784364
576813920.0992161
552532231.380155
531380402.6784434
529177617.66382027
514660723.41188884
470098883.5835154
558280377.0338217
498461890.12174857
453173301.3047244
493969817.0617531
468902527.0703305
434508448.21881294
426035285.2508675
423804326.46416646
418553052.54758996
386886897.3024833
357652089.98829216
340220004.499842
301342871.3492501
297134745.27842283
302098289.2345232
230552946.66112733
203280258.1475557
227881241.66286665
167414818.72059953
194413199.5267166
203903987.53027937
141838042.67699182
162459877.76749495
146732754.31491792
117834846.92857295
79740014.94457616
61399799.68574471
91623485.78119558
72388605.3388669
68317626.38781798
77332167.63904972
57174644.81964722
88612832.63292809
60331845.00091774
26251013.31120901
30632867.362767033
60542743.476199925
60875057.79595482
26140015.4773685
10866473.692114867
-8717357.136572942
-11336243.58037173
-25313859.663382143
32920107.74132354
1796604.7299172692
9761508.950523589
7459316.283991008
1652496.3825744204
55951981.22372006
29745305.471062686
-4690119.454881858
-27580653.749104984
9831621.347232144
12245952.858131073
2034373.2638699086
-6634042.054260105
13528003.656333737
-15696902.292530332
-18761550.80762292
-6464771.147635829
6704453.27130155
39682357.994904414
18085250.91141148
29361102.35209407
-7635425.396083405
-28885751.377024733
-29883515.248155177
-6949352.346120757
-21743093.576997098
15539563.836714821
27933908.114192404
4181562.7388828434
-1205199.5341968322
-48809167.70600045
42517536.4206271
-7814565.330184067
-1903616.2051012404
43352059.8431306
1763902.218090172
13326236.696367782
-1757997.6529391618
1851943.3942649048
-13853146.289984915
-10575681.545390766
2654391.645599298
6896693.966490284
9561205.999524437
56745731.48680496
6529635.514342129
-25019991.755233645
48205813.15066616
18620060.707427546
29706436.34279847
24585829.03398519
6710480.669212656
47571410.87202895
10101893.36343868
12600796.309639879
32566809.38795066
39819476.0186528
62954656.03586085
49468394.669243425
48330600.47598777
53138575.733286545
39894557.05579585
97914716.3613543
36673376.56159008
72646366.37516528
152650155.64529476
95280231.96449459
120926668.18887582
119550768.1752924
82875885.25487804
108515045.26453677
116285638.53188665
43060742.46502748
129422944.87113108
105860045.92804256
129952099.46210809
163214404.4164356
112744030.65927942
168863528.22351295
183419416.2552694
152205318.8587992
198594911.98286086
201327009.02520603
243571502.22364473
209407235.2512374
191874553.17774278
284691216.11751103
239400754.15059137
339068382.17869055
309667440.50570184
361186507.63080096
352098935.28456146
383453255.41614175
412705591.61491746
436608840.3487152
489182030.8969357
523880084.1755205
616035037.6468166
611894628.2866917
691439425.145333
753125248.4776309
880132931.6975483
920263266.098595
1044987389.471842
1226886827.9886332
1403626017.598585
1614259939.8946257
1864378830.954083
2085729131.6298985
2273873515.51737
2431913616.7432404
2468165624.2405486
2418722975.3058295
2255382273.0039916
2015078148.9638956
1801821653.540142
1640642341.3273156
1572128322.7218041
1565634010.5314274
1600565407.1657467
1662567216.6892326
1786479656.9042916
1950688843.9790175
2087840473.9010165
2328970262.478941
2562897343.6048594
2782168365.6238146
2991172604.701206
3170105418.4023857
3230405536.700943
3175036758.0758123
2939065089.1511006
2767802552.4810524
2636255417.5292206
2599268009.180992
2666330077.271154
2795923032.2299976
3031343022.6415505
3325854386.2996364
3753943993.0419
4229156943.989173
4797218181.682087
5442899513.552488
6182669807.014012
6826881851.083125
7424409107.949863
7751398623.804351
7948887139.83507
7986504882.598451
7810668700.886187
7524183258.188653
7186090731.62906
6783102578.721701
6264543599.817293
5799864066.591909
5348185666.736017
4960362995.211461
4612846111.150339
4371413102.536436
4089529378.252679
3972429880.424518
3841089600.24017
3691760192.0382013
3619043757.5599194
3492503784.2968726
3481769580.7878304
3438216972.585265
3404551093.180015
3362038426.0458922
3321121455.5796814
3292397948.362843
3236959291.3512793
3201129811.580392
3087779388.503487
2967305681.469997
2820133720.074485
2691354597.747758
2544030664.4237604
2368824355.7515583
2211902896.301858
2060356832.3049126
1940780266.778895
1829408458.589295
1754736866.8208978
1589825968.7135682
1531792097.7316952
1443884720.7090955
1329252913.5289938
1259064228.3968954
1194333574.5792882
1130556149.233248
1045652977.6090324
1011635729.1161308
996317077.855636
914783588.2514998
817024706.5532955
828672132.8445845
770037627.0757582
721653117.1456873
697599867.1982272
676138180.0951171
662837550.8217647
678684102.0455726
594319683.5033447
568644487.4552277
507535466.51174223
507572950.0524217
517798387.4429697
456588999.4750026
484838184.56879723
442876222.4243541
450111516.5048976
383866043.24119
401821774.1974932
360949661.7570605
322953470.3387855
304655843.45709485
285460131.8154548
294900758.1689367
290323518.3850264
271214321.2761451
252616332.54962474
254992800.92676854
260574141.53116712
251742784.60678428
218620001.9021898
219486135.77086747
213835961.20498818
213153899.2022925
163224752.94895047
179245292.14153305
173014167.8301735
195201250.5956248
185052159.18981537
161638850.65201265
138906173.45618835
158480685.90499267
149174305.29221976
183885295.71901459
179381656.02243957
138319115.96023783
125037210.42796
92145152.67140327
150075940.4346683
125723408.32447693
125839995.903985
140824931.19841856
101948334.03717658
82049498.78482586
89126915.85928506
62312993.58743479
137254067.4927488
117124950.48728946
110614746.84019421
65941699.593579866
59866573.7980698
68346400.44577648
61522001.52026433
70021491.62132652
69720334.39952867
126477024.78485233
76941151.35070172
55790884.659889765
49929933.87432557
49069910.59005961
57160310.221475214
56757367.218414724
50677523.647720054
68042519.75961788
16359641.76891506
63126403.02248271
76794813.59769085
45764786.50452971
-6669500.894518228
48393271.675536156
56110766.95702685
35818530.500608146
22085538.958323665
17552075.955150172
31302818.93325027
-14932941.502456538
24713133.398822267
23456090.90738285
34931444.276903406
22178813.001645606
44276936.38423413
15417796.674432676
7496579.58019893
14187244.488126906
51786216.46785842
1859286.6038168138
15504095.756275205
19651060.18588151
13980868.8606911
4068120.521052504
17310550.553999383
30777025.312366314
51467050.46756541
71616005.9467265
14885678.227094155
32854751.29559369
19874431.92939043
32437613.3528103
20132866.54439684
62899488.96614908
45632101.059041314
73965579.99060793
79710234.12742245
123102511.45839304
103528432.92121318
95120943.11525992
141338201.8566669
122614628.44907475
81379583.4171215
99461337.28419815
100232157.68115792
102782898.25247176
112570105.38123932
93703579.35631438
115815514.98047936
88102903.6371545
143526623.9581771
125188931.7410512
129730116.82512848
118226693.43228489
138122981.97097194
186560749.51894617
202680906.18209296
166903917.22926748
203045468.06385136
187733330.23347586
213333241.80654132
208679787.45041734
191631199.16550434
224978205.0540188
197079461.883492
236839595.99474278
228824599.60007656
266903950.91343883
265144504.8549619
280020401.3414538
284373340.6630636
346869754.99330723
361682608.670933
374205525.01082385
426740140.5002082
457706385.58201313
488638178.7111248
505231645.9858353
526225646.6976765
532672417.2459756
533599391.5182303
565218333.5115097
598540061.6269926
569426787.3443185
560985922.8490723
598017479.2418956
614621544.3592106
576744933.2936403
569004111.8183074
608752082.6535199
626200767.6666394
626099095.5384097
596122937.7250296
601942504.111689
669075660.3516344
604589402.819985
606542176.9473227
594171761.7945842
587995843.0464985
585463763.2662148
527819290.69850194
529203867.1301131
544978802.7317703
569444135.3417104
565289068.9587892
529303975.3746177
463984208.17248046
462570117.97077954
483005401.42707705
488048991.71041816
424046532.6786896
457137050.3090494
501344919.82328856
415950825.942374
461332546.8242879
452686648.5216007
405924711.25473773
430326848.8647959
390756105.57903415
379835475.0872465
346469587.36530495
374188786.43389475
359951035.25358605
337404021.6037214
327049487.2942021
291666939.91297406
323584869.8783673
296407024.4182676
301408465.50898355
274172029.07290584
270453702.06774014
250278797.3535365
257840314.23815066
309115947.2586286
243175308.75256658
293756656.85272884
259136137.30758053
194728407.1011839
241401343.360312
195053991.15657306
230740430.57351434
217775710.11083174
188151606.02107793
172853705.00862825
151894972.2183183
192829022.93019933
182867183.71703666
184469876.37015736
166570895.02391535
147720760.97786438
165818655.55830038
165434397.0131215
131250436.69937548
136535785.0835234
156302627.55472118
152948390.28058082
143104847.26959434
116887797.87267864
146185205.35625046
145811459.9860525
102105414.9334336
120190228.13368809
143041014.23907477
147881046.74000928
266485653.65274566
211754879.48089135
247444348.52287808
267362259.9716377
314173932.053877
302106828.38472605
305515106.7412156
376127111.6001569
359981222.83868265
316781601.38022816
319768639.5268673
363760825.62281764
388069821.75417733
365886333.117842
369249151.07914287
298092658.4844707
303299471.31080806
366880879.34435374
372708591.96872365
379927999.25647694
360818528.5711085
382695743.741315
380408086.882968
407478567.4827901
441457457.38691837
427825133.8563113
446406358.1927964
504040608.5268915
467126062.34049976
496326529.67603695
509756832.7592882
483400799.6062099
473432556.86404276
468317278.16195697
491949062.60559744
495978711.13466954
526295212.1078706
503150800.83463514
530228780.0305643
580840444.1676397
561347440.748014
573059672.8796034
595255192.8463305
616203745.2984389
632255947.7409878
687111742.7016901
637156772.9401301
654989027.2008913
682713031.5244906
593011923.3701826
632117399.8603505
585926993.013163
589937397.3403822
539409510.6584575
549986174.6596627
523745640.5514529
497942022.218748
536007710.82133615
481862734.94480956
498392695.42377156
492506586.7571922
552400585.012226
476817526.67830765
446287578.2748648
450753687.9590728
411272603.25020593
423071597.7299144
382426077.28240895
374369193.40425223
350105149.4459414
341102622.0394855
314777383.19609827
279143591.02590424
286240184.1024139
231086067.25309652
233013449.88579985
227894624.94890445
220141042.29446056
200410895.4509991
124914826.37009236
147212891.27241617
141649855.0965864
142136346.8794767
140224115.0604266
138420152.31488866
125636740.89688595
81807142.662838
101715388.45032907
75120936.93741433
80763608.52208984
77584150.14740375
72695667.74464591
71856115.11538342
58773362.905826114
63684780.04047474
14603262.687540084
49786602.759663664
20369335.919975214
26414737.784052745
75252638.47625293
53575286.6830298
9508059.707915781
29170661.341711603
40172349.132223025
34963405.09591162
20583755.3035823
-19717278.332177237
47885446.839529514
41264991.2824847
39155024.07916406
9291318.774388714
6437545.416553201
28016250.98740998
53424634.71917544
42139053.305805564
20935381.74071697
21466228.810268234
15185139.714859243
23622502.442694165
4051175.7302488945
-8167590.694298041
5797085.854475118
22871107.401880115
6725722.960347013
48409049.37070011
49144843.94543331
24421887.18215738
10785706.842265964
59494682.646465346
23490929.491531536
-9216961.248074545
22860628.574737422
34376803.49830501
20431586.372576702
8757382.52381153
24027438.533370428
5467158.219715973
5589030.317997275
17575805.06561429
46717313.72414112
4889427.85342044
19179487.41192601
39682607.0126282
23848959.606915697
23393856.149626143
3456761.8108936604
20835453.658257954
50987819.04980424
27754668.398136593
50472159.070696704
49519741.80659256
31458874.916267805
20934680.947552826
14171004.40872147
60582917.12776187
64441005.53311984
79310906.9810486
98338058.78281519
44523483.41164504
34375940.44791222
67796941.36839499
55842124.317186356
81394356.37964883
70361123.03317654
72323031.09989579
62116178.377694696
65577386.8109812
60535457.46795847
108055810.97187206
109431456.47913718
118794867.42898534
123370870.81824288
105724531.65249778
141463720.4948682
83688135.6202693
157019321.5793285
167903015.6375357
133649674.64676028
140257791.184413
156055479.25201082
137806325.87232697
150017691.49209392
240222920.42382145
245784182.93153304
185491898.14968246
222763855.6195336
243991083.89516634
245656712.12517273
246694287.73522294
257268054.58279186
305802413.5172857
305775271.1923071
360558772.25961375
339771748.539687
403762844.5745951
420999477.68644834
410734021.6105382
492302546.30407226
536164357.20288473
573227318.879608
699189497.6048346
732576655.6191602
758178248.44577
880158624.1681384
951625379.864834
1115226093.384598
1259471374.6622586
1446291425.6836941
1624409103.271624
1863273921.3423939
2039688660.3131747
2178078133.0264645
2239359426.9712596
2148583389.334488
1968015510.0989885
1730908781.6824627
1609318009.2662034
1460478317.6589177
1399916073.2363143
1406307190.300491
1454432871.901206
1527528729.942777
1618835044.5191422
1760277294.9691496
1970059369.5320935
2153276238.0512
2350000367.2581882
2556696182.918183
2783466198.1409526
2943305659.4596624
2941497594.2848144
2864291199.000169
2685605427.4242167
2543444027.2548304
2401694498.406884
2344232639.355197
2391895572.2936616
2531704526.008036
2733420799.64126
3041409041.073041
3423088838.0435534
3853782587.480638
4383023803.37162
4971313932.890839
5551660409.585483
6214574018.653104
6705048277.206139
7029991303.408592
7226652836.140505
7211713027.6538925
7135284578.592075
6860261677.379559
6589318871.329711
6173466851.67793
5737038742.116192
5328398579.8704605
4906188559.128033
4594157127.360399
4328307787.296459
4036482840.5062346
3884673742.636095
3741579066.229128
3582742361.3312006
3455154406.389164
3379368407.1146855
3334915364.634302
3216276613.1065855
3202723194.115184
3146412029.500437
3149315172.3373933
3078592849.218123
3081044847.951294
3033487343.160332
2892632866.102539
2885159990.551891
2816070557.9370317
2650859105.291605
2491572127.688078
2337958501.348036
2237135763.2719326
2062586798.0424066
1949923654.457598
1875415765.0499449
1744373437.4841366
1684468381.4305377
1520617538.7367153
1422098096.7020833
1368024171.7457204
1316333658.9378295
1232631721.9218047
1155243531.4849188
1116143491.5159154
1023995176.3723537
938739551.0265266
969629204.3296489
901250068.3279698
839970191.228914
814442671.0698767
791245882.4954414
691628478.6330307
635347497.6249084
667022859.8842874
616149882.7399126
576780580.723313
587986049.9306734
578940569.645613
514188617.31437695
491199980.29644215
461531550.74356306
484010954.957984
406632255.812219
413333256.9910439
386032851.66735744
400698238.7650233
386364065.0474431
342535292.18174356
369553213.9533231
352560885.7783238
331246898.45571524
351430665.5326767
338720996.34019005
248848803.69199592
232226326.63746482
259631008.20629972
265100605.78690666
218503649.37136418
241304080.43530512
209894914.3983857
260089710.28742445
221960463.7542531
203688388.57655284
220609802.18050838
204697810.88017404
194437802.25655377
144364673.74973428
151379198.2403783
172429305.52610475
141425424.88989344
148029027.05938038
159657790.27799028
176098166.87526384
194833786.14655477
129973161.8878519
151179626.7009412
129079141.444624
138131416.0408899
142223385.58496875
140086546.0005908
129757060.39017117
162990263.1581767
154936770.3966362
91339993.12379842
112420729.52314003
99101615.42516036
60007779.56719454
87864106.32499218
133446283.18970698
81196950.83726218
75668082.49641223
128698080.48866776
46202012.60837017
43015384.528817326
70510040.58868381
54284738.50798169
84973434.79773697
96032543.4762125
66793682.5636515
66484249.524531044
90826725.29292527
34724934.98757239
92876853.0501911
77382908.41570996
87516654.53893062
64430547.88536319
57799767.58434049
86638288.46873617
73995373.10792442
55147457.22597727
37250640.87129314
43506609.38507531
10445572.996713962
54923034.98018946
46782362.513496295
64540356.7938123
67656164.41385128
76589433.44937003
52710714.00005231
54166105.710735455
78503980.14198127
45426887.05832517
7191384.089573208
17940439.01744967
37585597.971048936
51106035.35312234
69660100.79376957
66096125.8786674
59603024.771609634
22257976.5843133
33586166.896105565
48343132.90035242
66010005.09446734
35981792.11170785
-5134783.62828573
47508848.9454352
62345297.43270278
68517502.7914507
111621434.37550703
91916948.83305448
111334717.64341629
103380963.06259805
125796813.70741254
147194682.11424464
138098688.7679875
137635169.51696014
127736453.86747311
131061918.83353761
142889775.46143052
153876926.93314302
106948293.25380021
136946395.92948246
126091705.62264273
116705841.59572223
115244994.74458149
153405694.19210634
175763384.24866086
126566873.72949983
126887862.6327684
175990638.8645365
179183180.4502173
161531707.62195337
226292325.70425016
227929104.10579503
219751257.0730459
224380256.7220045
258031726.77288237
227703890.61518613
259251509.7959597
270550696.2943565
212326604.43362445
240294754.48978412
280182950.663188
335660773.41961896
321934493.0286688
310669216.0033668
382409105.540825
390292915.5605105
415037736.8812971
496615908.44098705
464751944.062513
481027203.4208063
518754825.72524905
540207025.583055
579363155.0850698
600547932.0065863
551867005.8716547
571696791.0398898
589039066.6851745
563902858.1234679
590720140.2762746
629182211.150943
626652805.8850614
612388189.3642673
633538731.712046
580388243.1966751
586864001.0512972
612892935.6701946
598366798.9675071
609074796.1359048
616673905.3405901
574445761.7295141
588975707.826261
571497753.6226932
553313298.2482747
549625578.0408969
543951356.5659581
529588490.9909901
503854304.7782139
509235002.2711489
512941339.9974423
487167864.39459217
480250510.9707012
494394996.2711066
478889078.48237526
470943085.4210113
440846794.8658
461096493.41939306
452664708.2374469
457630912.2972878
432961273.25049376
370544749.8312478
398288508.24247146
446199478.7465688
388268185.1724782
371375817.7205715
358753784.68214285
330140522.1133834
335163243.3552537
344404078.88620406
306289937.10425955
322132845.0835731
350246487.70982313
310706922.2274023
256944157.66158333
278408095.86749506
320539370.2818902
259708265.85736665
284291505.38632095
249600441.40429857
253120282.57734776
258319828.1903199
267538823.8564371
228552787.40446866
247032446.3251151
193535160.5787412
198050051.5273595
215731720.56474304
178185711.83292037
222682560.96911234
173707501.79496378
170093348.340204
192037721.24165067
189159896.08593428
164871483.68621773
215710177.0627222
164546768.8820584
190200603.47200176
134060400.19932538
136496147.54209664
139454234.2625156
138314679.31863043
140602189.03714395
146299567.0122987
136451669.78082743
91576421.1128867
130970596.96530074
109780271.31538413
166959179.74558318
174875273.63345432
246647781.2612762
221490152.1116155
238396512.80772087
235491172.9293984
285423806.1962804
266532589.14690125
275423304.9377686
304740925.4484896
333026402.1201868
325214756.46691215
308485043.6665968
293255420.57673615
296791417.97066146
326250189.4500269
277482934.9767327
286393986.42512584
281178974.7659294
319059454.2731395
330170837.2945451
331811939.3313746
373296676.6030615
399592136.52386266
327953439.95543754
414020793.08247066
452283737.9360173
428230654.06803614
462344605.57869154
456415863.1707137
439758306.8514287
448596314.06677413
453485284.81472003
428913581.39072436
439096791.01494867
436772482.54925525
443640696.5060859
473028519.838676
492180380.7066543
504945083.119992
555315464.5030172
521737311.1622175
511883671.06945825
581759566.0839545
580879459.9740899
542278342.2749202
591162293.7393335
576700625.1778092
616720494.8916404
589527757.4327248
532117542.0122253
554355213.356996
529819023.92211026
475685965.01945746
455976011.408682
476484823.196743
466151022.6867039
433455457.8667108
460427084.6203945
476919068.5030299
432673081.53122133
412367567.84105307
380489150.85194176
444712162.6542554
380136500.2168871
411601762.7641757
374923828.52362114
346425394.196661
340591097.01755476
285710356.20698804
339563229.387821
246461009.78258857
274303716.63354456
239324230.89442348
200608151.16558495
190354955.9094792
156293080.05354357
163936574.38707358
139838597.01121226
158235649.7153075
113702734.93090916
125211004.48745593
102291169.36111198
84692151.46302575
102724478.76131196
52726066.923366755
66512089.9381765
51102597.00155439
83801218.4242592
50430112.24199025
63235485.48673074
69563915.66977844
19705539.470844198
25327640.35666115
-1535922.952367017
58114131.97111563
55838331.78775081
23106577.770399943
35139900.21833035
-5131682.0737210065
-36223128.51726669
7385510.805815585
16028252.058328163
3393870.1802803404
-7697927.162378011
2892739.7691765483
-339773.2841857951
2398678.598324742
-15303984.319941962
-31389763.657023087
-28656690.481939822
-19242499.25190872
3516611.6763506774
-44857977.32169555
-407177.1952402247
-294345.9502139501
-9797383.792792387
-9573751.387666091
-29898010.776898652
13504530.777192296
-13269451.119297206
-10565843.825333592
-1477362.3894389048
-24976650.471054237
-25261626.35600596
-41575442.49011933
-34405144.151983134
-830452.809809484
14903631.440097746
-14163968.72754029
-28164677.980856974
-30062899.18100245
-16862568.594029244
4219442.558997018
-3741404.7913100137
-29870058.123672467
-5244983.967498044
6025074.286607809
-36938530.39354452
272180.81246998813
-22652322.46196636
-34908558.782945216
-18465790.854830917
-96881.42830747925
-12946520.49526283
4436420.135666978
-3048150.7158078663
-6859284.0196506195
6260682.187844824
-22967848.20716783
21955327.527731195
39237740.88248503
24997111.872481823
-17295146.57713695
21098427.043230772
-23368059.469536018
13974460.735449068
17252025.693167754
42013242.773078054
62672140.823866874
1360919.5759767313
49535480.45823017
59688535.11591591
46301495.68144475
11226918.129268441
30089842.024070352
66430198.657598846
95136043.07350829
41432271.20405024
43562098.94051471
42993543.429496974
98174556.29346782
73180122.21149598
70578087.36025468
122052196.53592804
70158440.0568316
49723129.86990762
94330340.5479123
117902258.25549032
119517518.30296558
166845489.60574448
148118256.2108723
152478277.064444
127138323.57246673
198152522.93588346
191591616.66023004
181413678.91063458
201316786.9619358
217126489.74520513
248371298.6467378
232660522.79641154
278521970.9685086
269580135.549631
309291237.76476616
352559407.4629306
382023546.77563095
392420155.4447714
383274522.64588594
464639686.4064603
528391299.7351041
529653367.18421626
599340926.9394435
704763976.3234372
714944102.893061
825700500.0256186
956547693.9200771
1107061653.4189324
1287987669.0786998
1408999253.9422345
1642396205.9916844
1750704477.188057
1866103352.2464304
1934467470.5184565
1839682239.509327
1746433428.2906234
1505857711.734564
1372781817.236123
1332201901.1615417
1208564637.0655057
1215488541.4816508
1275919360.408277
1349822304.9746594
1470899401.373867
1579497076.0290961
1720890769.1325302
1922395711.0832443
2125833783.4927197
2346606358.068555
2464834183.900031
2639353619.3790603
2700769280.9308977
2559842151.990612
2450524728.493028
2267139761.255205
2157147347.2338133
2120942116.9653726
2176549114.936013
2260488362.7413187
2471103819.440851
2722497757.2403345
3031492922.6381226
3450397108.847239
3951713229.556869
4475418170.692102
5032189746.661125
5565342254.671909
6019234729.8003025
6368047388.488991
6533420620.891687
6570531024.47352
6445054488.392582
6308231327.474388
5969067246.948308
5629797587.078217
5306172779.604607
4880367403.165158
4551397282.885429
4228429004.548998
3956896020.583864
3764178850.620374
3550714936.2589397
3468705235.110775
3312835154.7895427
3184742680.241083
3123528752.439617
3034761794.563368
3009920189.5345707
2947362482.850365
2929072951.3736
2894348033.611087
2891110375.092867
2869086070.654969
2786004427.805727
2795424533.052602
2665923898.0249114
2519997400.6137085
2468659922.206894
2341808859.307355
2280878079.627654
2082028565.008031
1979551336.527034
1829309462.3847218
1746255460.4440105
1658394343.4700823
1514226648.6266494
1454000486.1857352
1331055385.0010564
1248776912.1599932
1169372097.809228
1099021364.4659138
1040540563.6338068
1010553836.556601
892811637.5202519
862187415.3637853
860944983.3366528
830572497.5605677
753089893.4282974
748616548.3287784
684951255.5758682
681088354.7964042
643938245.0848048
566188429.5580337
580168659.8978131
558085717.8669142
501739439.21764606
474239322.3592917
457446763.4821137
430922193.15272593
426354909.08869463
418471078.47835153
399971755.31427234
301882634.5506759
351066048.86555666
308645423.6158054
323241678.993893
315037486.8516636
255603321.5819186
259936369.27025995
315371672.7353691
286166535.02768296
212812048.85866013
258740137.8521158
237055426.55929247
218565145.76583013
244447366.80419856
215878431.4530604
159316477.3525666
193174702.68069112
199824674.75443444
197662413.93423945
190913955.48996884
195127090.37895167
120216378.18374452
116048352.89438623
130991319.5733683
145045516.79689333
167578554.79068202
114021354.05146113
105397821.64360192
116308090.91453427
126229219.76181054
89781782.17812133
99522990.96794264
77881925.72039378
50320832.13987264
90813695.97103664
93301710.22919394
74615056.19739151
77568176.205045
79795546.82679285
52835008.52128556
54064253.62781792
111443177.3493312
99696831.94745155
59881612.01054112
66057421.78955587
10882044.47018331
33285201.751038972
19522710.997587055
48251908.22914578
70891802.27977504
12702236.436629456
59808612.87922719
37653382.66372572
59310053.670204334
62209709.813889176
30579924.08200813
45286470.518212005
26229354.95620457
3174216.0618870277
62393566.79204205
35752443.514986694
62510231.28876482
46039098.49598898
28510148.850446038
30598262.586289395
-1938015.2068047188
60274713.902408496
23577356.969127756
24161161.363028258
19062228.515364155
29721530.479950227
2977353.321605359
38939563.65635793
56499854.39591102
16716356.893910695
9458882.575741857
18386032.279574037
2408317.135335218
5787413.794156652
41655061.17886771
34968677.245722845
21683518.86854057
5807062.164164066
11415214.818144828
8577812.455486167
14843192.083232004
8828993.328274088
33971977.49793216
9208801.293431692
-11354981.639398713
22601898.375418104
43606063.933457136
20842791.06200798
32627737.680255324
50365521.380113885
41725209.04810625
74851872.62730221
43931777.32584262
76055711.95435095
83845795.49988212
47296251.37272361
95621607.92315339
88993315.23936905
75113356.02072889
48120186.42811589
114944597.11762616
66643997.527108446
69530404.82841878
73333198.49417967
40337341.81074778
112478431.64925103
81362516.03519185
89237297.95706213
72541021.64500439
103785133.4356691
110840533.16485153
135758507.38872615
140134406.03379953
170043300.53353766
156788045.71883765
146585199.05526593
169082637.35124066
163087327.2200622
201674975.69464672
181608841.8641855
170265734.25466865
191109355.7455129
223175125.38741055
224680853.47769418
206598707.7852528
241319236.13199347
262281083.56358427
294726648.46675
323494886.30347717
302669571.0177517
340025924.1772245
363264281.38072944
434634232.5708744
471852651.4377682
508567593.25182194
491390899.5925616
493890800.0499118
543899842.3622884
531770148.2742421
517610329.7919091
548080582.5591135
567147051.388166
556645877.6792403
552528767.5272611
553484609.0258534
573321343.3651234
534992989.3645442
581242621.198331
565636521.8365824
551576133.686676
583964765.7653742
539232673.1069334
548883357.8430232
521015099.00408757
509976995.55669343
538552758.7314117
533157915.11053157
523160946.1644721
461147216.77808076
485254558.2882731
507269352.8480207
470702315.4426227
450148627.80239
443389067.3928378
435932006.6503969
440922205.19413805
428408267.54179823
417876551.10811806
372652094.75062287
310673417.2589854
383706368.52443045
399071554.9772457
349583441.52710485
372095920.27455515
360990308.28217983
335831933.14793515
316177594.3615994
347781544.4828471
373997443.6897165
324074028.11895025
339876548.09078693
255063620.16890085
258740336.77354956
266726586.17508224
291996666.03150773
296993745.1216355
232622958.8715088
231760017.60879838
235688853.8004448
228686862.8870508
196481316.8867623
235972176.85999355
192957107.55372074
190255748.43490773
188696597.49047202
167613686.1911774
166338024.71264404
189771522.49177274
193271516.14057335
181523307.1600204
156773975.31223032
156351059.42617583
173910797.22082442
150744959.5360268
132955674.8273137
115043151.18424176
156091752.10944784
111867410.63213086
119759094.46879311
135091187.4909794
93295707.93177223
133452181.452079
109382355.93886463
118706692.90223034
112900599.23117417
86527879.53523323
83670123.58082315
72327783.53752309
89298304.82187042
107663394.92982271
229222519.94976285
215038841.73002657
221226091.02603853
263633057.8570001
248696040.85046306
300481574.3916428
287134409.63122344
315847066.47299063
312623958.9576142
276165562.0267829
326483588.27408147
314447337.03738457
245725943.39735642
286313138.5673893
275449981.5427339
274110849.54431874
275262201.03596497
302981752.2593547
334931759.0528599
310746914.06925166
294390018.02288395
334543177.36896515
369502511.29143107
363030472.5591725
420751572.22925365
364254046.587852
390266087.98304856
370173175.9681127
403750884.09324837
437412593.24970526
424809230.26651174
436337072.8445243
402456678.9705178
453958129.8181809
438413184.3435644
456770834.9878465
448366159.6758547
461551580.5212103
467684981.74729145
468074277.43261325
512565682.2861899
522447921.9496081
537674040.6906143
567077410.3363593
598199853.1820166
594473690.329372
573509967.0365007
587328301.4689835
569904624.558603
540327773.53774
580193290.58261
530281002.24674225
522463338.9622346
528581563.7633101
506239565.1098106
531125595.9283313
462745643.03594387
470108357.0955332
426036065.6625538
424388485.5341316
471673741.31771237
421330618.7367861
455615405.4604809
412410884.7791366
388951173.2954785
378682575.1154838
392376058.24975115
364160564.4381187
351053392.07463217
326665245.444817
261922450.31915173
282729495.5248908
261507721.87840146
238395200.27391514
196323953.12785453
233772352.5966382
214254333.3453908
157896944.22827917
154712026.58437577
143897292.12964284
140769956.59565496
138554094.367635
168539242.88944644
130081271.60472892
102765636.39715028
120534578.40230997
69850067.42144522
72138152.89061378
54154460.240110084
81542069.15909053
59285752.99877352
74991790.38008404
105107104.00566721
43650741.811342835
36036487.20293965
-6518900.639229383
45972120.14383538
40724880.71109451
23292219.07594998
58818708.56334387
32702214.28903968
5787552.169120015
21861189.38855631
20440806.946276814
68045298.88658811
-16812343.245112523
-10113932.675158065
15391782.59315112
-4700930.610419178
-2643608.5966253057
-6831719.806946264
37187210.05280906
-25217278.972862188
-11595961.437288621
3900392.5263255043
34406907.8814321
-1226764.7049728595
-18564673.119262986
-33417156.35022398
31874404.602865078
4820097.76016759
-6562849.346009266
17004542.21399639
9869931.48742957
43844713.210454635
6952882.764317716
-8190302.131333385
-17908196.28277865
-7452374.884202426
37874246.857389145
5954333.231701272
-37511793.70847913
65480966.62320218
47711541.96097595
25150565.99836674
6754560.074008599
25270269.641930915
18412894.083293077
10382808.215383336
2961933.1239969395
-4201619.220896862
-5866675.074968444
33191897.363596577
21380878.645891793
20407197.9052067
9184149.059331343
3334928.57778331
67663639.57561637
31053603.933310397
28950486.752110682
3791344.546496764
30616314.65941748
26525397.469424963
52684082.67014934
17717230.91984378
38410078.51691293
61593322.760655865
40587451.347110465
10931557.20779796
44356686.610663384
65813282.40146352
47162688.00446552
45114858.75313383
24676220.195012957
64621082.2597037
30379053.81003065
56486199.95812784
82525511.47037789
91396685.0302817
105977659.60113528
129726501.84229913
81343652.45550472
106447883.1050019
107456023.43854132
115584256.63413908
134922782.04778385
84194799.22108266
109381315.78521842
116859575.09899686
169028233.67184168
158472748.3409869
169005804.8793232
179481229.12292284
142057215.42567423
194160706.71936268
204763439.4109161
237101698.0121682
245610471.52007082
221450833.44091666
227889795.9595359
221818517.3733179
222587143.35633892
280557065.3611248
292772700.1476199
319475125.6437459
353848630.96013933
340704926.14148366
446007287.8149185
454170921.82581484
498971251.3172368
511608613.2313335
570844235.4586589
671416268.822377
702943829.9086347
803597103.8200521
907951302.2195168
1004244868.7930591
1140016404.7542229
1299623856.3817124
1455855906.5199888
1596301151.530601
1666806587.7593324
1752147322.5251853
1689091666.9799862
1539837094.441608
1370268362.6731215
1240588903.0231311
1156136560.88019
1122121457.2765708
1124988147.8881543
1173224490.1911855
1257602152.3379276
1341654259.508604
1474105351.6252778
1613979762.5891986
1762331385.7722
1933352830.640769
2183278202.479974
2309018769.061105
2426057714.21721
2492850113.355488
2368759725.0548973
2262620149.300522
2143118287.9040337
2034877861.8975089
1953789662.9338644
2011054462.0707788
2106283603.9911692
2261216770.424633
2560243644.4663715
2831039901.0801697
3203422934.894722
3609101615.68371
4072901622.435232
4599335791.420357
5150843198.395005
5559427035.076904
5851377802.433453
6018295414.532309
6025455678.820679
6002859811.046787
5785343442.454487
5572621462.15395
5255766433.290381
4898747923.262942
4580366000.654435
4206010873.617689
3983456196.745542
3777021775.3988514
3550972856.338915
3385692439.9712105
3244231408.944594
3104471728.3465414
3051503928.860979
2985878862.0504465
2875712461.621167
2848058629.8650403
2806167104.7630277
2775151648.2814884
2741401618.073771
2703437832.4477863
2712310363.9614162
2677066544.0420394
2584451551.7461653
2500900532.4574976
2430940893.4470997
2336488338.2078614
2184706096.6795363
2040001539.679824
1911373556.5402477
1819105846.9757228
1727527429.806542
1657205799.7914903
1521366648.073697
1424538382.0600538
1340220442.3459833
1247076390.3251462
1253152251.7598839
1121854566.0657618
1072629214.7030364
1015669181.456455
981333041.4742196
904305281.7742562
839081271.1895318
808167464.3913325
765943153.7711152
766777937.325107
683842143.1173925
689001554.3270859
620916163.6341307
568435130.2493241
561482436.9940366
548982559.0427654
530748808.2506699
470387982.3337122
449541289.9977521
460434589.999941
446601857.7746199
430279995.5364783
384404099.3974406
360526838.2339035
370612250.5703455
350127880.390645
348405209.9320801
314055728.164589
316326741.6627682
302612773.69166744
266684773.34000006
233230513.03826323
234894333.5849597
236936635.7214776
222147823.97781235
277580739.59020793
229031432.08226788
217427822.91199118
233826420.50402254
218466538.2400183
181872735.41185755
186451778.3723291
202392090.9022279
166746197.8375348
162562501.3282953
150170665.53790963
148470798.71325427
136531612.71763372
180059549.97943264
143352793.7685419
127292630.90823011
160652296.28143364
146620195.58852208
113552856.9097379
106913615.60773352
89934455.23259673
110361798.1047522
116105786.7301301
113227395.16942602
124003362.96936475
134698394.76351014
126328596.74283127
103999419.09573473
114601045.66483863
110694237.64905638
81974663.43393508
39340101.88473708
138874359.21138734
82261684.0576741
99364893.95771255
84533501.87897554
79989628.46102
96213484.36992645
55004339.420726776
88881947.43821234
57405941.497135624
78007793.32157272
96924429.86933003
93487504.74580698
25686367.357977312
61242703.288215965
75211171.651279
76041473.68156868
66411931.970079646
58313772.098829255
80677256.20739858
70423861.93499064
45911584.394160114
-520121.40965373814
34424329.16437566
50211590.31648416
47023059.3400597
89501394.73824224
47975023.48374526
55284038.76858501
53207900.93559304
25272262.82031601
38684360.56459667
39088597.11284355
31938701.6518949
32946563.65681856
35758239.490523845
-2933920.6870681085
18701191.63552857
28071189.201253973
34768672.52692441
37532592.9195379
72514439.87785472
26781396.355848536
35926418.085015
95600659.71270876
45434615.37779575
48905241.73576388
67523534.52704598
28352822.26011366
59984114.39380628
89055142.14701185
57704718.86727076
74186628.742733
60859590.78508926
46953633.92963726
70601979.68340428
79182681.67026827
90033549.95858076
109072727.75233686
108846734.150911
124197097.16856658
106275841.23819241
117647131.29489417
133728770.81972302
133821034.55075659
99812291.5628132
83168793.31743115
72826340.52537438
102384967.02451457
122143017.39691949
109847733.30614626
149615106.64789468
135066653.83415225
147618045.1098663
131945039.62257563
154976600.94861096
205677427.7579226
186277875.6170408
200994795.65580034
148393052.74055135
192626452.53307557
231728310.863636
197441599.74745068
224338926.49033308
208905597.49723244
227310666.35788265
235828453.70331565
275928475.13429993
242579374.60551652
284346161.242117
316179772.60506266
326452174.3432844
390194182.56636244
408973068.91219604
396332003.47296655
414000213.2718902
486208446.5290914
487444602.23668194
490408036.82109225
515024585.45062745
536419875.5742401
506809136.31873626
566227009.1884606
553315951.6722138
542486612.610526
588511052.0802653
579552632.2826277
552032665.2144961
535801799.6538974
572675038.9451795
611257616.4170475
585411733.3951772
557837362.2340056
564111347.8229427
567957309.5353893
544221490.8158741
506440753.79563344
562470220.5674328
511970522.8602167
491750972.9315417
537992274.149902
472459939.40205145
489445373.0357203
508102968.70196605
468885538.7613958
474106865.74633884
447007271.4114601
443434727.5292289
451868092.86288124
440302312.2641586
424848623.7420836
415491747.1948909
431139790.9844814
406369078.6924074
381736169.510342
409599004.50970745
375481858.3296391
371666726.04135776
369430661.4830798
368935572.94214976
340524101.07297605
310753389.3774298
328444389.14044726
303193100.127671
317983466.40554345
275791836.1851976
326355747.64799225
294199053.17856777
277806907.3106108
291582022.31842905
249494295.30161127
299996201.14198124
281091767.8497744
281617730.44021046
230259054.44923788
211791470.62210652
258778960.4885918
231554846.19022226
216044736.53712913
236384999.39235228
199769043.76897293
211152483.1770044
224439753.82474655
181680597.90619144
190331203.2970181
148926812.66737035
155890392.28062704
178280334.33082366
175718695.26612422
170309748.35543653
151638846.13173285
169986366.57983357
174771504.31100965
172753391.0346198
157942042.82153952
117891426.93241076
146222147.70089552
158020054.72263548
128061251.17599533
119934702.19912769
108260876.49695972
130216409.33344825
66604557.39287299
183675700.3761276
173477483.9424413
237979794.20625427
243281512.30903733
234879374.46913776
211127248.27651545
186860326.47896567
225349645.43488556
265672121.4704653
280535113.3742509
281584125.33558315
282705620.8345604
254521785.75138608
294588587.3489969
300262713.6493774
258555208.967139
271633103.5525068
242845099.68210027
273923748.9815704
277850826.9528312
279366188.82686186
321759061.7094518
345609738.01736903
337218444.4287553
358703340.1969703
413357582.73798466
391789094.1511469
377250982.6459172
407633473.6964215
437046396.47479427
407006398.98828596
422600961.7190677
398826877.3892347
413448578.70001304
402624290.81957257
426404969.6899909
444230369.5041965
463138748.48747075
449920594.7313935
487348593.787344
523141091.457134
493284229.79469264
539605797.5732906
541705620.7005781
561527536.0472568
539954628.7607825
581859134.3908235
535964337.14291984
558070075.213082
563062445.3432258
561668786.8197739
532106746.48329705
521809101.5758245
497781786.1926156
438818496.5607105
468277870.5216557
460614163.2150788
454127328.3675142
432905757.3244908
415169301.8867793
428520803.40028036
467267117.4862502
379839579.5281726
358970703.0228541
386923051.43743706
377196593.31545794
352444996.1864352
351702172.27611727
308384510.2303081
316136839.0377675
304619804.59306306
261678823.50924486
241559935.3889702
235590986.82443845
238347426.26879227
220406523.84193617
198386646.27168503
162594939.53997633
142639720.9915353
115286768.99429433
135950787.6995651
112303053.11303455
109281888.3454149
120806878.63575612
95238879.12801905
77304650.89182279
67078620.84023799
85875297.21090563
84553330.64537488
57161587.43455579
107420658.17906459
94677286.27008897
72582003.80436407
28958324.13851178
44037068.758770905
71179554.207731
52121405.15434575
23779481.547377218
25655439.663810134
52657498.5958093
15151065.726028467
17795146.7408353
-6654212.638591912
-16892400.696257964
-17163422.507930532
18444599.494795784
9801485.773699354
-6410689.96492227
-9116773.984412612
17757419.162036877
-12795026.41027586
-42522988.696309984
-737879.1068052966
-2651169.994946219
-23481660.664381538
-10272797.898036154
-39171314.782267615
-19587909.388079498
14504812.691224026
-43408125.05037123
-1188511.0775526238
24483580.574134193
18080662.31794618
5490226.8573566135
17684061.812136468
-15299984.745783748
-8278845.083629558
-17485419.12297969
-24576444.49723029
-17345097.730738103
-23970585.663624953
-1256940.828149248
-12951361.400064599
37997297.63280914
32197332.072151594
22437554.808816373
-2908583.4023310244
39277076.95758282
2382810.841434123
-982571.1468015029
37248808.84400418
-1476967.952895037
5767270.870040496
-15854581.744781971
30621632.938037682
-24740564.21068943
18006821.256739087
33281041.393972512
-42847718.57271633
-4409899.635557157
24734251.15425308
15645304.316905936
15777027.283700712
42995834.94014466
38394041.35390174
789955.1627929285
44430436.48528708
51329960.42184507
36081116.28948627
67583861.95141453
37613698.74007618
35511932.66060719
52730378.06673687
84200712.48661311
28525072.10935185
31144066.149157196
39398681.238677576
35308676.065826006
25341372.04884279
47586899.657200314
48749386.44703523
60179853.84721113
68064910.58455515
81334082.16264427
85515869.81221406
36929084.30247539
96441173.7021347
111815786.77914369
119074433.25974557
83081914.70828736
112080367.6706845
123823441.0101111
132993216.01128575
152699720.86150587
185984224.70248446
183762215.57549745
154012559.2677249
184016855.67288256
188644458.62637022
200306312.68332663
198972840.16481787
197764659.81345204
262688344.72060314
256655896.01150298
302391964.72320175
317538069.77257085
331550050.4685874
404725754.4446653
374634888.5455986
395809195.2834062
461724468.8912616
538836089.2395352
562248877.6023043
665434892.0682129
699468488.6042763
801454755.2973422
911619671.9173682
1056616845.6609008
1158468774.7887912
1305211152.6040912
1430382815.2831256
1490057937.509847
1525831882.768361
1431223660.5979648
1363401426.958313
1176759252.1851463
1087787804.7003598
1008789947.971141
998958390.6940737
998567625.2866558
1023870372.9645594
1094309370.2788558
1175567122.1557026
1336682241.5577002
1502840328.9363966
1609391900.8988063
1817266997.1699157
1939222360.3974113
2101064602.822413
2236019268.4963937
2199179872.2812595
2227896244.517812
2082639745.952104
1945247639.493342
1874708874.1759415
1820444495.4534929
1824593009.9993482
1937007384.1510324
2101808255.2435167
2290674038.6697707
2552512585.069917
2904610615.609964
3286019640.522857
3729568820.4223485
4226505964.4903326
4677227032.099817
5058859259.999399
5342939881.13975
5515955769.10598
5567050713.726956
5472712701.754014
5391733720.564809
5143902214.62194
4833607774.470611
4529461396.292504
4235630536.574216
4010128731.46981
3673465291.6271734
3459648745.2317657
3302513967.858036
3148934410.380947
3024832464.102416
2940772948.443079
2855069115.5470004
2780636045.6693883
2718104563.2563705
2659337389.4114776
2583056226.5321074
2617460299.573099
2570797492.072673
2533793937.492963
2520909592.8008394
2445909787.8179736
2435603205.561078
2315734771.030108
2243854663.870151
2157772855.325306
2064236384.3131127
1977739451.188335
1829579170.0857372
1737818275.6847029
1648476773.1072116
1504164914.7061424
1417215182.3285332
1357478874.8529475
1320912549.9869246
1224384533.9557633
1119169657.4342906
1060273281.1796129
990122475.7991016
929743229.2328123
895141150.0198351
847602964.8135178
801694968.2664317
766814325.4504848
719798778.0017009
651414507.058339
658928303.246055
625328686.9541206
568380011.5740467
603393483.5465443
543670329.3379955
497996972.439262
507223216.3538044
464209407.25458044
414778201.125246
424992019.3460616
401934818.92342323
397976555.604481
388880782.575984
358661248.08932924
328880722.363079
339698236.66354096
307368765.58202124
260230007.46042734
255459428.09543923
279652056.64628494
299282502.9166565
265682357.80028224
231476311.51885366
255322710.60091496
231668621.18639714
208158916.7224855
178337148.3986925
192380502.8894556
228355676.50808948
151968019.15277553
189058503.55887622
136959008.62368095
156671558.2342262
154684979.06605762
159273603.85578066
137314971.1106779
113771436.32061236
137890917.40747318
114922989.86579764
176336426.10150272
139113536.95159978
126148299.6334543
132799345.04038383
85526213.90481484
94671137.44021182
119264427.11541408
69001597.08654846
66633591.55710093
115016753.331949
68307127.88307442
31942894.870016284
104615242.45707184
53909649.26948072
55012592.184742935
81635971.67557979
82507311.04940164
84186021.00022064
62165112.47986292
42412800.76270932
67154764.99559055
71252332.80021739
32068086.564943723
76336053.41723809
34452424.979067035
51807214.74366368
56850489.88853829
41438868.5462486
37109010.06252481
4897254.356508989
45197990.23993158
48631428.32497105
63676113.19710791
42818895.48539535
62182929.54880816
51723967.62761997
4403638.810403297
81733498.27407521
19450717.432331324
47101299.151615195
64301532.943149485
36836099.03860933
13551387.99612057
17014647.176711585
45082701.0086649
-14551078.72028181
-36181943.372361004
28809973.9992264
56211430.17857589
-1321714.8909797296
66811133.194038376
29302083.70439198
50707562.48272623
44332461.702509135
35774770.78977795
23377155.400178198
-1773642.099945344
-12387251.3011403
-45596.812785573304
55951562.45589554
29009033.2687995
23703833.78932379
11035810.479455732
38954886.506195195
4541384.8222670965
37484530.80110628
4207660.9300374165
5554063.894285411
19436603.36463034
6741475.362333301
16246673.999350019
25611950.4649738
100574023.33585867
79968624.36229476
26171442.2008822
59660066.8351805
96983295.7154725
32443689.67726032
85064449.03112322
79876756.16851631
63640942.715800576
72749694.06766573
65117428.134318456
99553416.13397811
97596055.60803756
106455089.62889895
68840482.03878325
75733305.88132046
100647031.28221124
88110074.8850359
85276365.14819406
126092847.1022845
174317774.79842106
166464002.13692617
136510223.69612017
142783391.61968803
200938593.4715702
129202580.22379147
134554729.590908
209970399.28130773
188130876.57722184
230734367.18186885
195288015.1265403
224892883.26853263
223459558.8552112
256923139.5299371
288446160.3290885
295952745.4237209
325267789.7137313
286574406.20704556
314771381.6439072
353181220.03232
373575918.7166895
413805208.3045977
509284717.3854783
478243085.4711454
479720002.1090604
469704757.6705481
514455552.860062
503634524.1375825
530233634.13678443
559187763.8060341
510892403.0512158
538220312.0953982
538701160.8792033
565003184.2697501
513516622.0187401
527898476.80008376
552488325.2780275
536421261.55614746
493448866.30957574
484519877.96047056
503243812.01755446
523650675.7260801
480682102.2352096
518904712.2609342
493794102.24500877
464142865.63209
484149141.9772798
463409882.0758471
476539503.787723
433231243.49999994
417185473.6416304
404938765.19741124
426812050.8939959
399786582.1961944
420905445.23773366
423628496.3802516
411248206.7163375
352854087.7484205
359938400.02303326
357631730.5637869
318785927.9374126
373507152.4140263
341183126.5131444
336650526.53235155
317026804.2829256
298711864.8662898
345945904.7058918
287423935.41218895
268914958.03036517
292492576.0232957
256192160.9251927
299432806.54013985
270377715.1878785
249764222.5775688
258161550.12908533
264255078.07480288
259546476.1601507
221927058.27707556
190502339.36547536
225590869.18632573
229358046.75359556
198261657.071631
240009332.95122457
182649786.6572906
204076756.55379292
194369554.9097849
182672902.98275557
161238764.12983742
119742104.03046967
172614323.64506406
127082696.28835188
121561696.42741258
119490461.24524544
150639957.1979001
139369664.13101113
170749900.09895688
147366098.85685113
122716584.21032858
127615032.71120523
99769972.49836373
152075305.47941518
93122838.02972014
108321326.51818779
94606154.7537395
148334514.76054686
116025452.4102663
83735248.40907787
140684252.8255584
152962533.03941712
192531132.49849015
176466719.38901567
202064056.384058
206785586.61519003
238492818.52947277
284124776.3435515
277013362.54753584
250941474.03683755
249354613.04238364
258070515.4415165
271681150.25386447
240696699.04533422
218569340.64792362
263895494.0629875
244594699.31952202
260900026.73067287
270045365.5348059
257808982.22198212
282534322.3167782
279240031.4975718
274629184.35818267
327404780.503215
342708054.70507276
342153608.13657725
371090324.7754461
381106162.0810939
381859372.4050163
386328919.01150805
392327924.91135365
390696700.117509
397684380.9583291
389602740.1483237
409871845.62237465
393574635.37109977
396623055.4902944
391270981.7350334
393272827.26140165
421161686.4869655
439561428.2256765
464789628.6547715
474250025.45293
509786334.56534797
502230872.0218943
536337287.2738074
562910189.5292215
544856654.5969553
521163251.69217825
497641969.31172645
520646670.76779056
534248860.8763035
512946067.7172343
507311928.3004693
467949829.3407748
469193920.36960346
455101077.2981449
465036298.32815105
436712018.7547222
392097227.7908548
416273483.88620824
430353430.4487493
404416925.196779
366639556.1022374
394108314.5650085
338720958.63527983
347162391.61021525
324856130.5855178
339903310.6834085
313870498.2713536
276115111.3235462
290515548.6778765
270209732.9249521
223798062.22513208
207439094.12388432
236202304.72147053
211738095.71985328
185957949.8433202
132170557.49095967
134184280.12834083
132927377.36039263
145788021.29637188
143017634.13916972
163609874.727032
116746231.37471938
111636923.55490871
135568373.37755227
69191044.47031555
74614902.21262206
116576179.81706838
68345804.17322406
95715780.0702062
63323300.483426996
43257024.726959504
81343936.88431361
7855343.934307113
48562497.8655653
35964730.64190236
36568893.514041945
48940508.64461692
52639394.46007853
21469188.859591473
55030450.923923075
16413540.11200244
15957469.934151143
68113730.68013835
-12710891.292239673
15233561.704686396
33181512.771458838
14097970.937958881
25383877.659888394
54116520.37260973
29866190.917934097
11800922.483216438
-1975055.0690074204
-7769340.118520235
-798260.9127435451
45352124.13562877
4041555.130060816
-18147225.61966454
47710220.62602273
7064076.11891818
-48420798.60962135
-16810525.074014228
-1979282.406106419
-849712.3450244535
-8295114.072978994
-17995998.224573404
30816024.538583323
-12217245.041058104
-13768568.316076096
-12279477.1978629
1306379.357811965
21183105.411818713
20564101.364296585
40138370.18860483
3838971.341805348
-18426975.488875963
20216515.494567323
13463096.708278907
7377578.589121664
58499834.622620076
-11344086.399925591
4398916.277181111
19716721.41877217
-21328758.601320572
-256160.40700060874
-8201956.357346242
43487106.12646021
49828766.63453224
7699822.375206821
42169410.05898101
39932403.01048984
13835370.389757201
35861401.11151669
57608075.58274861
62276831.97029337
27876806.35636772
946280.676153793
17616796.32977915
34190057.11022249
36645987.545779586
42325344.68665849
45473707.60367971
38418872.3674149
55103080.82352885
31315084.462899044
36819644.186719775
88669825.58908549
51679459.72541667
46733556.92040314
98449329.14679345
90998129.19111052
72088426.43872112
97349610.85625377
99900955.73544544
113769212.28792953
77591939.9928054
68410727.41244249
92107953.21901205
128447740.36189607
127732055.18144453
122940326.47186713
136410374.43369192
115309480.9293246
173370303.97332534
134762906.24974704
137414045.7554118
133116398.71646258
166709536.7301937
174551136.4582559
202255550.07090408
223166228.55260032
194366477.3143955
278233698.54752755
274384065.72459936
317336655.49346733
284787382.01906645
323229895.98559666
388572489.23565793
373577701.1835538
436717325.9219136
465775361.2285285
547797391.5672808
607249253.1432978
665425770.2352078
766887643.249317
853041107.4545646
983936431.6478567
1099020870.3594956
1216936247.6176643
1329712356.5441344
1371613483.0753284
1388531303.7767167
1365628088.852469
1208856090.8250167
1100092998.6610498
1012229455.0906408
896717683.9422064
911466679.923856
902897874.5429645
889962438.7388072
1010514763.1347723
1073348643.839848
1183791466.8376555
1366138980.1420262
1477564307.157159
1672344606.0932326
1798210448.256688
1939867851.1076846
2040791477.6720328
2090335172.530963
2081966632.8405254
1902354169.4375143
1798051949.1833534
1725115949.6982324
1665494729.2388334
1744691362.7155294
1792554312.8059888
1926011456.697136
2139844400.7619243
2366340298.023281
2675614169.6958704
3038150293.4234004
3465472096.167147
3845236370.0133767
4298215767.210174
4693421233.450609
4967339928.920159
5131065292.097431
5194507215.544921
5140829066.289957
4993016800.584152
4799678997.549922
4582200946.503458
4283112190.3102765
3980229549.9225583
3689941911.2254605
3459495918.5216417
3299724716.7678185
3110160704.2213755
2998845538.3436475
2850276468.2827263
2775274876.280531
2704040766.305125
2619899079.0755987
2567421175.951954
2516984237.4169846
2474388689.6955743
2438689510.199876
2402069077.3255525
2411603055.5014324
2354175850.749214
2349584019.2715473
2333986629.207198
2230555038.4535685
2151400220.6771927
2032828880.519431
1994143729.9917607
1860773284.5258248
1717839002.100617
1642321002.9598064
1526711311.3709278
1474713149.4831135
1393525254.873822
1254117285.5864718
1204933311.0974119
1111483040.976046
1098872509.4635634
1017494421.1184877
931535579.2943923
913370079.5208987
848203204.9800164
805371977.2750112
746193671.328089
721654997.3820109
712606737.4837778
685183489.1184078
600917201.0725231
634863825.0836246
572147334.5982468
523225584.8756627
529608587.73772967
479039740.84700906
478964093.11934155
410226005.0366461
425004971.3880648
404933788.0958768
359529988.8384969
363579279.9528339
328244373.96086925
334770330.27771765
316692879.85554117
327908355.6423345
301860251.1235323
299074274.4000225
285686828.9537918
279937515.9516581
245775890.4363569
195120909.30902424
242163217.24402782
222256870.9951608
237481272.1325365
186087963.60357296
238930525.6850498
221748050.99424505
148435737.46981323
168796995.84128064
162016006.63548183
175415127.73750997
147698331.52738267
176087272.03802902
118081811.84145933
109819584.77850504
147853619.3765032
139816428.18637174
106024625.21646944
109920699.64528054
111150707.13617106
110902390.52106391
114158760.67037824
79350861.95851232
113040098.73020428
78358127.52006875
133581989.95259011
91789149.0830616
83356493.64432597
107269999.4835065
45352834.84134372
84331455.43644583
102858415.56837158
114115044.26303071
29171651.19300085
54475139.50202386
79352542.30307686
58838052.90199637
89893205.01089916
74692572.52531798
67895563.60159203
92510618.38976729
68694433.88768551
28248938.620973006
52232331.11720503
35676570.23512332
28692932.055255223
55300205.02769709
49984711.12250124
43019454.4952388
64748464.58903772
61773243.79899993
49331592.352686994
45425575.66834766
53425661.9350812
28306973.967119545
15237996.938112892
61170891.88574432
22817933.89008309
21003573.118871994
43838530.798706576
30671936.570734903
36695439.55109886
34856308.270257585
47768734.74748597
34310158.69717242
31773874.842370253
42330282.35777969
18086038.819813248
5662132.906945314
29132138.84330851
1838300.4656474045
13036821.741783608
3588901.2489022044
47849495.54037734
35771340.79454789
37125472.6957063
90165831.86220151
4795843.969773695
-5455813.645950331
22001074.134374503
53337706.50669126
14259131.276543725
28517987.18540214
54162508.97947063
50753476.857877344
25210033.094369747
67865032.25868121
58578190.87341778
82362630.13822398
93000177.49137095
33577233.65923081
86222642.92526355
40129315.98350246
97142667.6768406
97836897.29541227
85552691.25283498
93367325.21522453
38622702.472061396
100032978.74111621
83890534.17256066
63871653.55635397
82193767.58101335
37263726.692230895
90184077.76653151
76917631.73038436
73592621.18320934
136354840.13439208
140795110.27355838
121428818.74462813
123374324.92668292
136448772.56834865
158192126.49359715
160229355.1568961
176559051.60035256
194639368.44431347
160970714.02602172
173743426.3347301
167882710.55370986
194570709.3266507
146602938.6911788
198290024.41272864
176245528.36623472
180605310.28010514
258687119.06394356
204888194.85911888
282885469.6741278
285709251.9420525
334886289.5180935
365357471.8506305
337885532.9181674
413471759.7163373
407812766.57585996
419419846.21946144
439833233.0725121
450752803.8712812
472031429.19385964
482189470.3956977
506673936.67808896
493319421.0558078
497545131.79932886
492461639.08106375
504874935.7553102
517174279.2892977
524324068.30448544
494842472.44351184
550396257.3650297
550824591.0202981
492741753.3258335
526850340.3047453
542102806.5061086
543873959.6166117
494713399.76602054
491431981.0062544
474922435.6873456
505583516.7661472
463950384.28455937
433357824.5841438
452434693.38750196
399057312.0436549
407955819.6007406
404073289.2770553
405220038.1844878
431878326.1801787
382907174.2493143
385868320.13540304
394327757.863701
381249996.89688253
415694033.71828383
340978748.24793243
362683526.06803465
343723385.8244535
320791617.661405
375266114.65911144
349647660.6124486
326338008.10405505
362861942.1638325
324773856.9650325
261528596.8189537
313090920.31977725
299792156.65588874
272100700.6949506
301397203.9053924
296637383.62142485
232770250.6579798
254681695.39054537
220780706.75768924
220985422.78990924
244487982.30807355
253644423.4081064
207712910.97283608
218026413.89267194
256191925.42298615
194817680.78881475
210423411.0390535
183250579.60662252
189060707.65600407
162032948.3218075
175415360.10687312
158144515.85902014
160192335.918328
149833404.40067768
170191519.33981913
182923735.16388118
112197813.99997514
135317573.24941808
144116654.2466237
124504042.98927419
122656458.00873569
155692411.64770433
151953037.81537238
77953674.4563525
95518896.95233521
125352477.6710986
65598475.148272336
86893500.53218886
83804918.03161897
127486168.1288672
102495769.19155891
199444890.32658067
161364439.21569234
213228754.276273
202601198.20599166
228492233.38575163
193289477.92138374
220591268.24515614
224575296.496589
245122400.76425597
238862820.53121263
257056276.39570478
270565873.6912866
260639727.26087096
241341325.46322545
214277262.0693593
246114357.0427041
230058547.6804351
231860107.04258665
239836327.34818807
250651404.0405968
234639700.09837896
265400356.48025146
274490633.0623918
289433512.80644476
302069797.35877156
339978630.12228864
361109190.7106988
347422613.878571
366455201.31530225
414536981.7082962
375166427.57113993
350878328.6018927
347218647.61902565
343924220.5937043
371067738.1897525
366871381.6666398
411801936.8539882
418188132.9826338
413777066.0328193
417753432.76509225
452159540.4889091
450291393.3785207
484842305.87727565
490634820.2003294
511851875.50489515
523133315.3632732
510998889.11653566
517197795.8327596
499288105.9580079
486621751.7152916
504128196.37689114
479936810.9974212
463904612.0156622
475928700.33282024
424189327.7838091
441626214.27618384
419920958.30946654
427022168.8737756
419771675.4327735
435237767.213493
380599507.54398847
387470919.8597716
425261733.31265604
396171899.01578915
398704418.3545295
327288181.05741835
313854967.8177485
307593780.1565595
301986668.4172811
309145371.0507126
290540988.6356095
240585647.5184255
220683824.3706386
189771084.31563562
217648474.86747482
209763302.93565577
168808264.86634868
169631044.36127338
140578878.9758568
110319316.56379502
81663212.85975507
104753745.281338
109880417.33602342
111855712.81340528
87469173.12365678
53667392.74629265
57254975.019920915
48407240.49578291
45396187.433762476
73260919.85860685
67620771.41316828
47499593.81468354
55910034.42372027
4476124.499471929
22351811.46341919
29581157.719651625
64657693.797861695
68268489.4469942
34943416.19329799
24299142.513103396
-7078096.616618019
39449946.29713343
16126493.673056446
44517270.025582634
37328748.43715219
34235565.796045706
611380.2624725718
-945535.2478081817
-9633007.338531358
-6100056.683604805
21898797.51874262
-45358265.17438901
-10052424.645050336
35152816.50572258
11994625.842326656
-1802233.5517845098
-25071244.813021414
-8979986.210494934
53536402.6827542
2514532.752438251
28494068.627343543
6700356.906997787
10100804.895028885
-28884020.502620876
143885.65562578756
29278070.702589687
-12387004.683484057
20422039.931280285
1972902.3184002815
6962475.70753357
-27620863.76578413
-31754781.45928345
-22110305.150842737
2403541.628851588
9798958.930294173
11959171.614871355
10938264.682385609
28387547.76487533
16309948.377972543
-3435228.880581176
-1829481.1153093856
46539583.200176366
-27283655.568015188
1944232.0998915918
49348334.02786599
16353036.661903355
66440314.746287905
14770291.06313505
32482768.2875484
34273235.88217625
-2261385.7151979767
-19915507.469040852
-7558132.866414058
-22026744.249773458
-21548771.87641739
9291856.799677808
-7439918.988346521
-243425.74193059467
40822050.67765546
25493327.332932018
12756235.554899435
36198120.37080683
47806782.35306247
24425094.07244764
39184266.58030438
38534614.80718736
-471728.8968063402
21469629.384642176
58729604.328144684
69886471.87238571
68305639.49378371
83397976.77497798
41077609.76767727
49992955.00279718
65029314.48160468
62139070.9795008
84974797.13937657
78229227.07647482
81346069.48510213
47474587.318547815
100129404.3121515
116672506.90868503
123771465.46886298
119996108.40048641
84938171.16939253
168926363.49171805
163371865.9500074
162767583.587257
181669473.7093894
181674522.15355328
153590356.94936913
226689378.16722295
240346558.54482162
245760428.55385387
264366970.95913884
288482855.680481
304669864.4447666
276093716.0320597
353771665.3070163
347159178.3027541
434130944.3749132
469150075.3418098
491262208.1819546
554871149.2787201
624846885.5133756
707762276.138091
796349221.0311503
909523802.7195587
1006462953.0884686
1112441105.159265
1188641799.363496
1244778657.1232677
1243057314.3646004
1188397701.6155348
1112414053.3388152
976233869.8844838
881384437.7494286
781900464.2378734
795202677.0002046
823590811.7665654
837005433.3452694
932764942.4155219
983456197.7009654
1101639150.1907756
1199621660.2649648
1370237872.8727813
1484454359.5731874
1663366415.7268698
1810621222.5436964
1874935864.8440638
1899158852.2592103
1854880714.6478608
1746445912.5702012
1629241078.6011443
1604576908.0850253
1574019954.4103117
1564402920.7452009
1638374417.9095035
1781401674.7630517
1988059503.421617
2210408153.124512
2432919101.9626436
2788039741.438066
3154249247.9989457
3595446211.3277
3987401705.4837985
4384261040.205017
4652753841.834241
4773397241.965218
4812684878.35067
4800699708.027476
4687267410.731841
4468852080.56024
4247372382.7028646
3964566944.8859205
3722111714.233246
3495983690.061166
3277872111.806671
3087073375.650032
2916108735.5370803
2787574897.5187583
2702084427.110387
2613986752.3780036
2581572815.907501
2506003997.72753
2424431946.3273745
2392142140.1581497
2339603811.3924003
2273302766.5024486
2313169671.785577
2255716630.3933206
2238628147.4162965
2221388246.0769043
2122756308.2100453
2096987360.5877473
1997407445.1092308
1857664215.5176082
1773238507.9294448
1698357509.8220148
1604170419.647622
1504800787.5160398
1429103067.8125658
1311164402.532525
1257241640.5416758
1208492412.7851133
1099087214.096498
1105636023.54948
990543485.4203657
944715290.1988652
899296828.7596599
845971058.0046713
779602414.1782048
754882716.3009684
726793618.4851923
664459669.3319641
614098312.3225986
611071069.5562041
581264852.856793
518510844.0157926
520299979.18889254
506292190.7232698
488611239.1341819
454758359.1898359
483662792.3654646
417980310.55777216
393381461.4559775
381222376.1381193
402685963.5441114
369513190.10632026
380747902.8724147
346506122.5548248
318665586.00148743
300017465.6680189
288078237.3889565
257432849.9825304
210025056.5116552
263247466.6598526
246467668.05325443
269159113.99908054
235327353.59778795
211417779.5975323
200213081.7762211
234710582.73913717
186904759.75687525
206505753.21704042
206912048.093134
167179360.05273312
194260345.19440797
140404049.06252795
148918720.09706
145479169.87257564
152142103.44629407
155598500.9910752
105888428.22519626
138915703.2450657
123111832.54076594
100760438.16009243
124642591.03228693
120850883.69575977
137725988.85618684
102814142.65873529
108502824.76211476
96843306.72280014
83575510.12202395
110174570.32441367
79007631.7969174
77133528.69268537
101818159.97526278
97364554.01340401
88846134.78551196
105531143.8330388
95391033.55779798
89255814.88450031
84213032.31483904
50325502.51222567
78578394.02560243
57498668.2474354
27533830.672282465
56787698.98510366
69773034.50144841
50463417.48308772
71996094.44686624
84141383.49696684
62475445.37110865
60488680.24678309
75292082.06953187
55762148.59714692
32128751.678907722
37535278.175682895
36316612.36810318
62087290.002980396
49447841.61314807
28421540.339849073
59267559.40676424
9489145.57822214
-1020068.7330045719
40013459.97579019
35120221.73560096
44562149.984569
35988276.18354217
55657026.94147898
2926592.113597162
40143512.44764374
35746916.33605116
41628839.183770224
54867595.085062884
3273920.3024176136
22718996.508988023
44706449.50572778
29815879.99594683
48446403.44951132
49919599.22517471
20708850.473863386
995944.5312804431
-16987026.784081314
41709592.24688322
38866811.690312825
60578828.92847298
25685085.483839326
44143351.340234496
23011110.708081987
21663680.27082532
33216287.65137543
17451000.235771284
33937396.41306749
16575986.897977348
63804313.84131037
114549207.19577283
65212506.905149184
36637965.87472073
54675456.47152626
92257935.05643018
83188346.82782952
60302695.11956845
92506575.99505764
75133061.44766979
81641329.6636867
84672413.04574728
82262722.00027479
67543720.22005019
97242911.84801881
42879138.80416547
84686025.98019311
80777351.09431528
120562631.47839457
125688497.70763934
125757255.15624605
109986666.71905124
129686724.1515116
168747177.9278231
117416709.27434224
165401545.51959312
129724409.279993
190226670.7557531
152094743.85122803
147683385.01987746
195709132.37903926
207348656.56296346
175067569.44481
190137151.97954288
232483774.57946804
269867987.12554216
261427857.07259738
314638396.26546824
303894807.9429481
295611050.10098636
334345862.0791603
356282839.67847115
407667634.67598605
438604119.2803852
426671115.70758754
379514066.0972847
481554989.5166092
472526787.4735993
481300370.58249706
471266704.6748914
512165217.23246634
464404713.4615942
434769344.9635999
468272593.28128386
475207622.7808151
501196863.31854993
510305607.86847174
480424859.76856583
483551911.1223143
535266936.27574193
529238735.48451746
503438204.21427244
456566257.54531837
487451461.6727329
456842529.31534994
467631746.84551424
490910678.3303274
489650454.0515657
448467851.36305
407627849.7577657
449729438.83157384
421587386.0381395
399831870.5763633
426089950.5124989
367943250.3313039
394978452.537495
355942812.0579233
388278686.15741014
380617152.0258575
348572952.83289045
392225842.4995744
322970651.45206916
365780603.7067207
362729912.35071623
334981808.0706458
292323800.0400749
275711487.89561623
241144295.62926918
309988024.51870775
314429429.8853693
270943774.44706035
317424920.60806704
305365441.1169099
279369250.10228837
240345396.43980056
231603846.9966375
215733094.5227328
249369890.2249303
249972170.73843023
245850519.3477042
193164904.47768125
206883756.68944645
204615291.44061655
180326899.48081952
246283866.78149706
204353294.94390944
170960474.8706511
173863710.02199006
195758886.3863226
176305052.27416775
158675068.88832453
163098301.57215577
173477329.41316527
132898347.98641074
117079833.3412398
164995780.5673424
122978278.5132387
129533404.28975686
167991311.7519734
112519629.55336188
122110663.52452473
117381043.70371415
91263038.14606789
109068252.36075833
130965741.49913089
146886515.99760532
101172917.27332573
102726075.82861659
67972242.76787682
102247885.45151685
168299241.6454247
209065788.16030416
179545506.8196267
214805634.2024138
171690704.22974396
235301552.8321014
215057650.94637832
200852162.06074488
219587953.6301399
218472102.06255928
233439532.46877673
275067075.70882726
260400205.95062315
203573642.01990244
253603366.67254594
250771295.13692
207712724.21234584
243995986.65941873
265347929.68583328
255582983.2014813
281087231.6489552
261356846.4111119
302133340.5272584
314787987.9321113
312043956.3342002
353682121.9466958
368640261.0805527
377342927.95838267
336606626.41346025
348880385.56999236
404009836.3274122
334666634.2909384
365561823.3185499
343609922.1651415
371211799.6247433
368036119.8716968
361718011.50005287
413862354.27023894
371499524.5207223
446012399.7519869
441842809.8334887
434361284.58817846
458641928.76845604
478331303.47885644
484620613.8573347
508493167.3817268
516289050.663563
558654483.8116033
492443775.69318116
473214378.6129549
493913405.3543105
474127534.2251861
479426930.6192103
455860672.56311184
486351592.7723414
465332946.60572374
454981962.0848433
422540610.8187343
391661800.45217
392475619.97142875
390172377.15718627
341987199.6297476
394907203.7002918
365675455.15818316
381408748.64638156
328741335.2959696
309217984.56062365
344220873.49968684
257979753.16256252
266653447.19153848
233604486.77728343
292659002.4774865
237008691.46904862
213127021.2415853
218997058.1863016
204126176.4713676
170916901.81948236
129257091.7379587
155163069.89563325
162141407.78082138
163705618.64340466
126040242.71770728
131048425.97276922
102629736.10033911
120861697.26082243
114699469.44848625
61396510.42026375
94701176.67710482
90141560.6902067
67371463.94940579
41266515.014208764
55586721.18008138
69277180.2126596
61465202.91562133
33823129.98150872
60634627.11973368
85432117.889556
1538943.8045586273
43488677.449507914
45387713.47541148
62248256.24080381
55145381.81667996
17558159.853081305
52251060.54765286
42625635.6059394
-4199415.207668122
12943054.467697393
31573733.679500163
26800520.859566424
-14543153.704828989
-1019431.4627212845
39018765.55997812
-10658556.2193975
21122003.033282343
18605297.26925648
22816237.212933034
-259945.41236245725
8302916.668442875
-22879864.105554692
20395209.120807827
-20624520.76356361
-27158935.35316613
12188783.32728999
-22983431.05342197
26459535.902855784
-32930992.328438006
26217656.740680587
40405841.886585
-2735851.9613251155
-19716116.683217302
17563549.6927519
43070829.03720151
779189.0809588572
2684855.4876200226
-4554942.422886111
697006.4925137747
8451307.702018838
-17447384.648710884
-3693847.7449380644
-7215936.250308944
9843592.601361606
8636458.38857435
21378254.799644515
36781837.786764
4369403.651886217
-1127534.0691620335
-1235348.0192147754
-8374660.270577926
-29431290.93943695
34959629.17574942
33417602.934214894
53757370.49936133
24209766.080185525
-14915702.576536564
15403466.110741626
-14624688.214386368
65842388.2240216
91867926.30357337
1450467.8962345766
32185658.99011342
69953963.2964595
16640309.670333836
22290400.662271447
48470220.3567721
-898684.765278127
38327533.21541023
46475418.953593045
45902458.54390936
48123899.55130555
11166674.91644581
79913936.57148837
56590732.74722652
45209664.28519273
59611409.12126182
84310117.61324145
90275742.15124235
48536991.047081426
56054751.662622176
79340827.07088573
116740174.48073742
136667320.5789843
104051028.3970225
120324856.12212986
130550726.9248789
142042058.96785444
142942608.09314883
109635312.71977623
153519754.0310842
123918584.90498367
132918876.0427784
197986413.7228747
181870236.3901432
175319222.21288723
180568147.184802
226429737.98893535
283784443.135394
248312046.036648
282222814.40784276
326384984.0776219
357766358.0644022
396942475.2975692
407584996.76390153
455188484.16212606
513135529.72578645
576596156.455732
667204234.7937096
762510915.8157496
836140487.7556335
956672702.3942716
1032699474.4601295
1102609731.749414
1191663934.0780962
1193928797.620491
1088734027.9146519
994424415.4245764
935648555.799157
851038144.8937113
774115142.2631531
725521208.3830156
737849161.7598733
772681732.200731
815915712.7762591
870230512.6531572
996634411.1458122
1151267263.6269176
1259193589.8602188
1392496072.4661698
1525030779.5815024
1638171069.486013
1743761144.7422707
1791538418.4800448
1773589583.676325
1676365105.3089318
1588923156.5096734
1523091158.1777403
1454718626.0501618
1468144079.9180868
1564421221.8271463
1703822885.7044978
1845186929.123083
2039458543.1422682
2282909560.7694087
2606614325.6942697
2968829202.291237
3332328161.482724
3742553761.6458735
4082209534.689124
4328650354.927294
4482018398.271958
4514822502.849043
4500978394.999016
4360482551.971872
4247693244.027284
4071440741.802413
3776204399.741502
3561320647.031044
3289293621.113772
3106970493.4392776
2933132221.669711
2777783254.868371
2689819367.16986
2587072505.868638
2475340520.763875
2398893010.5860467
2342083048.23034
2304630352.312157
2273563816.5447054
2258187930.9536686
2193557399.3702188
2157474953.690184
2182620315.5668592
2109757453.6437266
2102952373.0289047
2029000068.0935721
1954907397.8289618
1889712191.5399458
1823718763.1867168
1758796300.356774
1668985127.0453038
1566789601.5371308
1469194639.0657878
1349103063.0822167
1278154430.431563
1200505908.5678816
1117653231.0665252
1037980503.5610262
980445996.6632473
976155987.6448208
893668926.8279796
883864012.2112275
809153123.9488727
757964705.6125755
710407823.1949375
696980618.9238782
671034445.7845333
633340833.8417472
597108093.576843
561404089.4134088
542719270.9155679
485196924.30928034
471040104.10950387
456412452.83156693
434044206.0562235
420414582.03799576
390810293.564281
390730684.7288935
377764648.9616613
337829903.29963034
337640271.70087886
312530013.59882385
312066513.8954078
280828641.8985749
274716159.9893567
235069911.21845418
271177894.23357373
277568151.2690208
248645771.6111587
249983692.35380095
234453459.16667542
226957901.86746803
224890262.79309455
222576600.94963223
186327220.84389633
215093737.20441765
165463955.1644171
149059108.16779962
186557650.3151596
106565170.9024504
152743310.341595
154783887.6853849
75810400.40244411
156601258.4957991
141130646.55428457
133351557.01595892
113448711.46858524
124946760.90172862
124003054.85501161
116934981.00873393
91263403.32664715
100965080.79758647
112249078.65434544
81582199.76802844
102100814.5045309
74994704.60927866
58622218.11713115
68264169.5534293
109305464.08496386
72145729.0695807
61107970.75750074
85711031.43241629
80289676.85648632
37259530.21793935
76996712.97507726
53057929.39802997
51106118.417022735
66562286.417850494
72702013.53964397
60777440.625771925
34112813.13940068
78481593.45757553
81463556.60613196
54881659.452038564
52650062.88248949
57164584.78838382
22177730.45661214
63088867.82199016
11160798.185149636
36601855.991315365
25436098.290473938
24250194.498245787
30399823.03573121
3215270.3569914233
26798584.04822806
23858255.60419467
47460568.66930457
35580039.44530377
40762740.9719342
24362269.619534455
38485332.025559194
3489795.025540367
43100997.626775704
46407216.771382965
11273869.001129324
30776446.377345927
28733904.059405982
51445946.45566026
21229274.1322749
28775726.21959031
28365008.672389623
27080587.447831742
19376261.514189404
-2757450.085940413
31261832.331280686
54316126.17058076
41804785.279498085
2553087.238424415
-9813180.679418292
11352402.419739634
32673317.59160228
41878080.206093915
31408099.854431093
40416870.646955036
23074758.162541356
41274130.33282349
34487476.09233725
7066139.526154872
51914979.98822133
49548390.681553856
32261075.80872715
76339535.0171344
104459263.78896984
69404077.88106382
86916242.07560709
72597548.91172594
77557661.50250152
75537041.19593237
56225566.074940756
62182661.55792357
64952795.89989052
77732891.4751332
37737401.13499738
84091199.70101753
92758498.37324029
45743041.478702225
73106484.43318394
56957139.64407088
72581005.68642834
131233513.27705222
124867022.71663524
103198160.22986451
123458869.65612373
127492389.3312323
124933101.1665451
149191589.56136262
139408961.75488517
177106033.91732824
128013789.63842161
187360701.70066375
208700959.61406738
181923321.8018237
201756684.28020635
165616443.81164062
229727416.51521882
250101435.50187168
280310588.2236584
271563752.4329966
328126828.17010224
345454800.799187
376803215.2356257
361945529.5494003
368015247.3430138
432147664.96676195
427385183.7885456
450113077.171633
436838174.5349818
399105329.36659735
421426396.8988088
468321575.10947174
455124331.21951777
471576157.2603244
481322703.69892293
466448457.1430072
464298060.8906996
547150732.1819209
500086027.93130255
469845658.0401925
479523229.12366974
475240848.87084174
467564020.3881304
467692025.3049622
459805041.09745556
438822893.6194531
452594648.6936677
419134995.1112133
415039989.45413613
415015122.6716565
434909403.86623967
413004229.3069413
403035811.0902233
379224301.21481067
392524582.7248813
383418888.9746314
351275829.97152895
348473606.69040805
345359216.3668346
312264105.5629672
318796075.21731174
336378970.2022804
285792654.9888679
332251794.31522083
346565003.6086766
301462909.1897004
337706858.499105
331176466.3435161
288609587.49357
293787232.0620823
290651894.99220103
270665451.4122302
213331596.25966477
229960508.93609738
253645746.9251839
237012287.04023853
204650789.13088417
251527225.81084543
192930329.2554967
187655381.11465308
241313108.5537884
160585203.07946047
209836988.43839967
194533948.68434846
171282344.5484842
153786695.24040863
169660750.62316927
164038183.9800579
127064986.13545798
157524766.13633192
196787917.24914485
184614001.66562364
139394468.66783264
158345454.21727285
158595456.2157994
149508957.93980438
175593527.28617913
134567484.54355392
83727268.0067706
138951685.1765155
130801207.67752016
121823257.93077049
114572918.96954162
110182589.72974166
107136138.04778008
108237903.56222688
112407962.22176659
91156365.86085469
100910898.80386186
100507276.03351715
159090656.27606696
198813320.8093575
161958539.27166927
160281634.35615915
207477121.54324424
135393367.08231544
201218264.3149994
219744241.9680373
208177529.35397142
224298631.0840742
197949258.3285883
200009118.86181617
210833314.1476629
224020515.68791145
162228076.1719395
192996035.645896
209497743.0284518
205166051.31353447
213850962.10239613
209202008.58617702
244850221.40945503
224748150.80167884
238920712.59073377
257883560.0613457
252698157.22252685
303040642.58450747
303462920.387106
329480393.18745446
310064776.8196848
353026660.5772384
347517117.1670626
316927903.1113538
314911399.89821845
324208054.85423094
347493843.8619035
330137262.06710976
318303839.93142563
351410295.4677962
367854574.9114189
351352426.71593565
410597378.7186174
422250037.91347694
439077531.8344796
442399226.371578
454663515.8342712
468099456.5442479
462730843.0769115
459849511.5036376
471511192.00576276
453798041.54305816
484304430.51589674
477580394.2627767
418150026.203742
414269870.18137085
412276207.1914006
354150168.14098233
373418700.6410054
389523843.9381726
384340196.94718385
394264673.58913124
383593422.86965495
393338665.9062352
335500097.7373417
345980898.6431316
320535514.0116675
322650881.24664104
307595415.14697003
281216562.8656945
302851586.888383
273478557.31542915
257441786.5984394
248080247.18457204
220029800.7036403
220948971.7435579
175244989.7217758
163208662.6818792
164478681.0148748
141289384.547192
119976531.50179088
117291111.66679537
122865642.53850496
118843116.41507961
95603275.22957596
62601884.69877249
69081191.81982625
84961946.59468162
114665661.33335567
43552612.2972983
38658537.01742476
53830585.80904595
62056634.731662616
58253666.119031265
43209027.98117106
28743528.283975065
41616156.98448199
-11446117.071157552
19669295.472171202
23803441.304518886
7878460.327686416
14237033.71755452
-46495310.68691862
28439246.767280687
464646.0323648844
-3327109.519718595
19332074.853408463
-8686188.368931236
-20955527.173939075
19423847.462085802
-57129985.117873125
25108160.882934462
13881950.22018974
-9118083.484414354
24154404.528291993
-50588628.78861973
9775871.712846912
-39129948.47123859
17041512.74695558
-291167.16842253134
-10965005.137151733
28266115.121237107
3371416.861934224
1540562.2921313532
-13579083.776218819
-31544036.735401385
1436614.7629640996
22997628.839663353
-28900477.42599014
-39196918.163213566
-30798252.9812234
-6832877.243772339
-16828564.69910787
-33098888.51472985
2378643.5289656017
5911258.986856952
6049742.19169943
-8270808.6341555035
-18808902.571310613
-23992795.488938957
-53844997.88266891
-884028.4912739303
6870156.328548901
-19729791.59607832
-40261299.39141804
-15815960.133388244
-2355892.0728186797
-10673345.483791472
34410366.231450066
-3651439.3168443237
17922105.78434788
-3735416.2893695524
11606853.029986162
-7738160.795382414
-18561168.583181802
60891711.30912522
-35978488.54018225
44603822.433364175
30394616.763620853
-14472293.794913404
33383779.797827363
6664325.741037551
15764673.140671492
44156494.825038925
21811086.258331805
-837088.3481349126
57376759.26787515
513041.1112193465
17805364.99176848
26856637.96987594
2935249.6939367843
66237042.89059647
75901322.87187548
36490793.26773209
68391476.41605058
53860437.20626488
71715551.16246697
48974975.771616116
67019975.77755355
85957300.43030998
43921036.50873658
93485439.09019876
32044965.34538506
99961181.21436
110597719.95191851
48118897.02553639
94956166.97550659
136541329.40917477
109980531.97016755
151728494.67982286
146500197.0364274
137772790.89223778
158677623.28893563
145309895.39556205
176346343.65786013
197899648.75241035
260608204.50728485
212599162.3299486
248393600.0325013
281429727.15510833
259888304.0725907
285722334.2010316
306290173.3679998
404544842.2549131
451765658.2369725
463419191.6266725
543546505.1712338
589032548.1061052
708713267.8723046
779963050.6342585
880375779.7061015
976638504.9553772
991436265.5936469
1085237868.6640313
1052761861.6907042
1039848787.2759492
959321373.5228083
810987727.0940754
736208684.8242666
672772731.2555125
676352355.6140383
672640796.4470967
662830954.0055654
741096624.0918316
825570473.1172113
923746595.715987
1002032283.132001
1109395540.8691874
1262944819.536483
1419992311.3628037
1521595821.7157943
1636322652.618874
1663092754.865242
1618364285.057786
1604482687.8775291
1447140376.4510872
1391359185.4118655
1383749901.4133556
1394698161.771772
1475053143.0502841
1571584507.0631983
1666389755.0656414
1900135190.103821
2163902718.9755926
2435293134.057386
2798776776.214028
3117773955.3340983
3484697363.026494
3827774252.7433114
4062618177.846502
4213090867.1026297
4238302021.154554
4211456599.947506
4109709676.726069
3961245741.6301684
3787347287.17345
3522344914.9933033
3305577180.3965206
3075711014.609279
2907890881.400499
2746849599.598188
2620962216.5550127
2457559418.8897004
2372461305.496071
2360173337.335961
2260046484.631451
2216636346.0977287
2109378609.597006
2112299402.9256697
2089139303.8837774
2048224060.1374536
2072529415.1767504
1976690000.0724802
1974366813.8834398
1947323436.408261
1920447413.3139675
1898467916.1846614
1774138264.0196478
1705103552.271527
1622318848.7597234
1551449978.946672
1463286544.060325
1367077580.0169878
1280433022.321832
1205930320.3101745
1112396804.131657
1067688421.325492
1006659650.9930788
916779491.2157775
889086904.7883971
854767080.9454468
782894519.1719503
774908270.5460632
723618727.629102
670345566.8451512
654352085.0515094
576643710.2408092
567592075.635967
539172738.1217344
500877852.3340925
452943822.5398864
471805919.5688586
421908916.89567626
432728078.17696655
411081258.7693961
388271007.17441124
395446616.43607515
329415646.19771266
359115978.1800276
321341174.89111125
309935035.373304
270258182.99606425
249692630.3575239
291326957.1560427
254384492.89610645
238916849.2128281
224349396.1345211
221621666.98546308
200721499.284187
217829084.39523423
207614097.96288228
135683897.1512336
192437848.88824257
162466463.70043424
167918522.68224356
144604273.70885897
125096258.11914593
167082925.8105556
178105033.32856068
153162679.4968947
151383509.91628826
156042107.23737192
129662595.64424519
92366381.10429133
101236074.5301349
138514042.93550134
104618977.43535498
145389504.9454613
88692729.92855577
98871042.69602002
105198254.84404862
77841320.56154925
62061104.28759958
77583443.33148478
95505386.83776477
71969587.32212573
86889632.0153439
72314261.62649052
80117176.20589988
48605565.68546856
52757850.82358038
59085250.15314981
64817057.105874665
88550315.60486704
24837100.793988887
67417042.77119324
58825635.688209675
47976652.5255279
87524211.90461767
41169870.00640221
59766468.83866443
11191952.40541172
49241397.253825225
62283803.54455949
40974848.853378996
68447100.1607216
20802435.97829459
46633248.563267425
42796727.58577152
32099525.1329263
82175238.6783861
-9236477.675895207
25637997.446614943
13550616.727929203
14748976.826527013
16022812.303113889
-20587423.72623607
43293615.10080311
24148226.87787927
43623814.15556969
11328238.360348843
41528194.71151477
-9806308.595310189
832436.8599460348
-16981216.72222366
8251994.779116167
34015052.08585614
3369882.5481330473
31181251.839325234
-28965935.699095648
-10936946.118339797
31006159.834410943
11693450.56975892
-29287317.214381568
-14071755.392171068
-11446072.541757733
5197858.498403091
5655885.56630411
36223848.64542182
41369374.73581603
23259379.234210685
4411741.894314408
22112353.114592716
59281283.77524184
31779758.717724416
27472494.290647432
26308265.164069857
79700210.30304946
69683694.54463643
38132175.632698126
84023712.29993619
41879558.15729757
19301356.49928048
58528010.098719366
115913142.19696759
63570888.73067121
57859913.80053862
72267514.42887712
68387406.6259758
94445025.67426787
3665689.605849564
44261062.223570175
71810043.85988891
31910435.918162514
97487473.82021113
108108783.92416145
74086977.36547963
99624439.76960707
89534096.54296285
88867558.54414664
112426344.88302723
142758044.92187956
113126701.84657905
114753805.41318545
158144356.37667105
150144223.699005
144098201.40142512
157054457.3397836
120897613.35854605
142894423.62933335
157927077.8311774
140425628.03402466
201752499.25615138
217962441.54982978
219464080.54923883
227492569.79119843
236337342.62867212
288248366.33830106
322521215.63965505
306983219.2624822
389955045.73745906
364406038.1601572
380021572.54680693
427278228.77418214
395708591.3532218
393877515.208598
403087646.7699435
376047440.91278636
431551225.21394974
461817599.39211905
458969446.4534295
452130619.0117818
389845398.68178487
440015852.74611974
427340266.1189045
436320667.53085697
409880408.817455
450468872.39674276
475157603.0584027
457715331.7814359
468057902.1830988
432753492.4870914
437680744.9092108
473697289.6905221
459959663.02818924
402636593.04629254
402702729.8657315
383735245.0964522
382435640.85926026
394468430.6307407
349767160.04852825
380754733.31945497
370174444.1493466
374363325.78640586
333448959.90200746
273129744.1718171
318756755.1890979
333670569.3651491
350259954.5377837
329876920.1297785
330946790.67385626
308129490.51454854
308490002.0550545
269654772.25414014
264623968.59748244
241660689.37550074
258192598.8888631
259668232.03001252
269955215.5304786
269703906.5323575
247086989.17609134
260245475.75714934
232390848.4174819
255742495.62521476
217352247.92760321
203028153.24069613
228466945.95284432
213501351.2934827
180636764.62999016
214818162.15680632
190734032.58370176
151605960.52000782
160558992.34720442
183741444.7548455
134407884.6499895
133678081.34316029
157576892.57224575
172096076.0303867
141429758.41193783
163735009.41878024
147111964.38355538
88940591.74951056
122590173.82990336
104472758.01622835
127451084.18741655
86088956.82360114
76024739.91419962
114835141.88229029
115051250.24675454
95735490.2250426
107453916.80439273
95743246.87643997
128946022.6870926
107904402.38285348
112992827.01864491
125507577.22530109
66129287.008947045
91850909.25623825
146949382.92354822
174936669.73007682
153985155.1961177
222289101.28234285
194478875.96274233
219987713.42776597
197698126.4639391
175654715.4249505
226352639.19074634
222238711.4204498
213941441.55457264
248942275.50953755
244499950.04209104
190831727.4407662
213002720.2313897
199221507.5983209
204463234.60780615
215492035.38565654
239889738.569164
218768224.58745828
232571025.4766985
220970058.8120885
257735850.4410494
295338833.0920381
285970524.62488246
312005707.1210448
326174451.7183659
328977904.1250109
353487526.23114204
336860128.1481197
348195165.5519718
350600046.4782302
345374786.9439813
385085917.6560754
350854387.44455683
346313612.96336985
413199866.09320724
406781420.1358643
393069675.3281016
415777557.4269326
412054017.65168333
449103698.7854832
468085559.50481915
459167191.7884941
457684988.27821875
469296681.46833986
468632809.2229425
486033113.7496051
443909834.5242191
462354121.55971766
445933915.52333504
432028458.069457
469050249.9539266
447222850.41754407
436644233.66024095
419569234.3580685
374529310.4754545
434311682.4365904
434122735.8631958
361579243.3723043
373650703.8432539
352068701.5294566
366431947.2120172
337370736.3527616
363866809.3728261
350288055.080643
315393753.5452306
317802817.91213506
261833587.3097954
256826685.17260858
292039105.4478257
269271290.88687944
228998751.7646798
173917734.13968122
231311784.23161253
196827528.29334044
153518166.79821533
157163640.1227554
142031130.29148445
145030554.41820744
125249971.87135279
134988738.5151068
68849205.14327052
119572441.477296
95505932.27677563
91209181.90233159
54153056.57903754
94296630.66957514
127156508.62041025
44349072.445968695
92278542.02043481
79436941.55085701
59021504.930400595
42931959.12882735
69979919.02778602
80599471.82034211
30578630.276105642
58646522.87424297
20320527.263319522
15349967.339699319
43416242.616007894
15669004.172608254
27917322.250876576
20656855.475868523
57209545.362365596
40355608.832813144
-4520286.773279534
-8690341.620984
49551188.228316754
-3392901.835360109
17417860.255985916
33621739.28672455
-24212839.644626707
17517382.276477188
17371623.233218968
40653792.05126348
-4257846.757947567
4830250.316324324
22402950.193014458
13116156.892034069
-1550776.274753121
33090781.770060457
42712717.2927869
9636709.478970768
-17868197.662284996
-47940671.05832839
25615386.887824986
-1581184.4046071188
-3469088.1933509116
-3074476.9306050204
-9617984.60779071
871209.1643469367
48746335.216462635
39843561.75160755
21565935.5497483
2168249.472944897
13649413.912130158
73476485.84800515
-20815043.84376334
61783860.62575924
28347262.824455958
35864946.333449386
17044357.69202732
-11672124.928933114
64596870.42037588
8187213.55857864
-15156596.685693044
11742440.565843899
19404951.566341218
47158674.22856247
34147992.02016933
22147416.034382436
68023542.92706648
723099.0064561354
11230896.309061926
13397833.484617041
68744085.79751122
39012021.40058837
33425510.878298968
46445425.86598114
76523960.39472897
29234079.14761639
43069864.90596817
53297253.302224614
36535493.78656552
84032890.69275783
32024126.015412454
66782331.20343003
21191620.984558783
32900373.625788026
26525047.739718296
47087512.07417403
47470886.50184968
78777858.5773109
56675129.83898594
114390504.28979889
91412095.3543634
45641238.36741656
77581191.05844726
74294521.83133093
133943506.12960981
106262095.26073366
92475728.4030124
88071268.1240377
117913008.22199425
140494051.83338317
140714622.28463
151452911.0443113
138697644.74439284
137226263.00845623
163133020.75688735
137598608.3612745
191484185.30465198
157282341.68574572
202943367.83971322
213268665.4975923
261675645.53005463
296798256.6593238
273023050.67723864
358207283.2087123
374621232.8697649
380075336.8524955
385304359.62730515
475681911.0721628
554748877.2250944
596180984.5945961
661052879.1191647
760872429.5270127
866633230.5084809
933583227.0838727
1012371395.1788846
1083994411.7036877
1007076253.0851669
1020942251.0508493
904084201.6760492
809898906.832674
728727406.4017414
670440894.9463097
672059857.9041804
645027872.7615812
703032136.4655772
739888533.7547989
833649896.7709326
890050142.0191014
944421904.1931366
1065964278.4364537
1248048551.212421
1332750323.0191882
1454760694.5204308
1527467051.8572025
1614760889.4587529
1578691710.8610435
1456282494.381715
1410558018.4475281
1348065446.4876828
1309376301.110372
1323900006.317154
1383712440.4860382
1509584740.4803805
1666082681.741635
1823667836.4416747
2043543030.8501196
2298508611.9175835
2652892927.6451416
2966655163.088129
3306247048.621825
3586899054.944533
3835889187.0719275
3967743917.9143715
4002257767.775781
3976116237.877864
3899370943.2248898
3779012631.2638307
3577699637.981034
3400880011.95214
3121828544.647106
2940955466.4683347
2789992806.2013235
2580778877.513884
2505261518.829168
2391087196.074689
2295040139.9970403
2254554332.0552535
2160334943.360446
2117404211.8569684
2102972959.8927746
2053401114.3947568
2007333714.7235096
1988424581.955819
1948853863.5625658
1943621137.7462738
1919476687.678253
1923625376.6920166
1868764282.240951
1765649965.1881838
1704848804.4239266
1622783593.2721004
1520985359.7073426
1459218146.5080228
1365686646.070865
1318639225.06627
1249362051.928554
1132138199.3037477
1093944030.7042053
1032717363.4439708
1001128772.8595471
883141946.2013173
859552454.6788571
852173565.0509849
778198432.1835477
700546688.1890007
727374593.2206748
657499193.4901263
610919840.0135424
606647928.4065349
524805049.4179165
565593057.187424
535070775.05588317
489064167.9970394
432327949.46503204
476662568.74101704
394204956.60777974
387688530.8256135
387440778.66618407
334627767.192455
376283688.9058068
333285377.2710449
300807291.2703201
290747772.9639419
283281125.9545906
278767760.5796589
295909493.3862371
273401293.0838033
269611708.34100556
245528463.71406657
266934053.44072694
256416602.8098672
259237707.7809787
225696790.34429377
196898298.9858645
193564737.13783264
189638952.09790084
169316274.70938593
174631146.22620478
211787385.56635496
140246451.79525372
146125103.6209375
138179039.76162738
139959792.95553568
135787576.42233804
142189110.5414354
134383528.9811236
143669755.83063355
131134081.38959034
100539122.5880934
104935774.09106551
104308940.46672653
132049559.2528938
112255612.90082356
102467364.7777227
99819365.51699448
129832406.64879957
144365292.32523587
96945579.36562826
93117474.4681342
109711125.4308099
82402542.44479442
105777558.10246418
112503084.03647324
87804657.13649862
92562668.11582698
80564053.40683402
81535425.0588608
44948204.22164987
46181162.84922936
89910800.33408147
39069376.224807896
105251973.04063101
87950189.24869758
38250654.81502716
62295680.398607194
52972820.51890035
65366976.040082
34989953.41490415
73374869.7558364
64674699.81801805
51991396.72097942
27797934.628410842
27894136.61442735
50905037.15736322
82682774.60426639
53866102.49037436
33929320.900461435
39276266.06133482
51192256.25229153
88700012.39846428
46633093.11562636
50586609.58746007
57864704.994903
69318852.66445005
34155722.227401614
21690556.072794847
28223480.53067925
62714855.72224569
28250871.450018853
20925897.825536665
33894238.78990218
32616454.472567532
61435600.481241494
46115659.8745267
78249702.74111527
45534175.19333476
88567995.64938113
41912368.421400696
25076843.271153897
49799268.54382124
31826572.71774808
30791649.529672597
34917836.38305112
67568649.08404544
-758146.9221542174
71846470.91682395
84145281.91951069
63185352.75023815
33175994.831965357
33687789.62073631
91028153.38723442
69057571.30943894
82003672.48896194
117520456.32662809
123402220.94462624
92362926.55578114
73246281.65042903
54889287.99400835
114692489.82008466
110047834.34750924
97088520.89905292
93272552.37326606
114194262.64491831
123371046.61488605
105521417.61528915
111424705.83432698
107092859.25280201
109599492.24353462
91015943.21852757
84655753.41767427
114599874.13279472
133865035.83011927
134350805.8980864
127439921.91238646
150784577.0529825
136878511.79013714
132921254.73767997
185030767.98765713
145491113.95053667
209745498.3455956
152183462.54410395
178896949.73611918
212240332.82059884
211792866.62481153
185955177.705287
210054279.37772772
303259525.39206415
234575011.36619467
265146475.3086319
281946753.09166574
354444632.27113295
323951254.22962534
352208868.04101145
355476226.0436511
370447680.5611941
424645565.1859144
418935690.1847613
398867237.001387
403221176.3870452
440524036.0974428
426737954.23387754
435197158.0192199
452771926.72499496
444094546.5710639
409075509.6479837
477096774.2965574
478449379.0343637
477396090.08432
466380023.0630436
453912248.307635
455416198.91596216
452805602.57373255
445050499.08019286
432088614.7923285
432025689.7505107
449184709.94667196
446809859.98940223
444464928.3556386
413645408.107309
446436043.0261914
460690747.1626721
376744413.96466506
398698787.1809192
381281536.9879827
374557749.46767914
370656111.5409303
341428622.6588943
328403834.4813963
353466561.84849155
339375922.6171504
329151363.760925
324177536.2695343
325739456.8898589
297582768.2875772
280479675.6373484
296948507.10950476
322017798.17134225
336091747.7958447
271458326.2844245
262998319.82473403
301362726.27119076
290702247.3159981
265192310.2931103
267168339.1125665
263132699.5541463
245266736.60015786
180866176.9488838
264175229.87176895
230576427.80334097
205402847.33674207
192099297.83643663
147425134.80141047
192012960.35726327
200925599.38735864
245641256.8742442
169577656.95404947
195872669.87705737
143253397.65202695
127463618.79994579
186773934.18053973
132600894.37883271
130087965.71628264
185763790.7848494
175822054.23986042
147060019.06834707
182867857.42011786
124337512.810384
142886442.50830272
124080474.4949109
124454726.01965684
143838860.8896995
118154349.35835254
115370362.92476666
104941773.89446327
120994210.9241389
100649780.8944776
90860078.46931171
77179328.12187494
127330337.31849897
137793401.13508874
127122865.37834111
146388171.64952797
150289923.2454419
158701751.6087807
200293955.68028295
168447421.49285161
172069545.89949873
178067476.15272605
207298648.0562481
205612667.17217183
193955229.79781458
167587737.59715012
162729888.91270417
180387014.65221685
187522365.44709033
202154916.71540013
172536609.53845552
192752318.81457716
160858344.06472415
239261044.8582112
190263160.63503763
203710511.8459195
260879791.8252564
247172474.1900074
252099545.60056406
268546963.517816
292980656.07289207
264013046.79162556
314273806.4045275
268051524.5911284
308479341.68241775
274642029.9114038
309686948.53357124
326656670.51883674
298420485.9817728
332080028.8180455
312770564.08877593
358082194.7776338
348809694.32193357
356046427.71947986
394891357.81245244
391630871.58053815
423458308.2534796
474932048.6779351
457752960.8397621
451243432.4259696
440605210.79737914
445995155.9426517
435410243.542621
405715201.7143401
425961167.44580424
445185922.2222978
407904783.2196659
400544178.1268571
382784218.59672475
337981513.4756223
381118382.11509925
368922850.2838441
350872347.0266692
370047734.7950014
337250003.088995
360771362.6598811
320010838.85054845
336731248.3876237
309608694.79687005
277899724.2334335
321305044.8461583
278514913.2352582
248026578.97045943
205885690.258066
229826612.70167214
246748999.81442294
217976212.245847
213704154.48667514
146064763.2152506
148217514.62791374
203951711.39445767
115266032.8885492
158381966.03531444
124951113.406736
126369667.9606312
105191112.0126616
110088830.45793048
115127019.00139758
104220265.15818588
90242948.19022612
51409730.87045442
122974854.74731213
49324227.06122756
105009914.95221475
64236243.98201142
82285539.8601672
47605632.50324489
31448136.08048235
33911533.42283507
-8734173.242342232
7434140.929739
-24731444.288612403
24439808.894742515
52932658.36226763
29377592.158078093
33061197.350557856
24757682.82713098
30891452.44167824
45070282.33361216
-17913207.252994195
8360190.615060931
29383867.90833074
-12079036.57281727
-65234596.22864345
42535368.003391325
22029565.74519486
22652634.420959476
11879950.303643702
-30397921.268819083
21233000.31892027
-26296321.981190853
-8294496.335908171
-15445428.805267788
-23666623.37993702
-3933946.5507794004
-47621412.150462694
-35882326.33622602
-53904594.18833615
-38466197.41953226
9126775.072805542
3084218.821587734
21839673.66746196
1124634.2197900899
12035446.065568855
-39463937.93265727
24848006.03823554
-6638048.289042618
-33257222.541694246
-20225318.520168014
4922654.8905553855
17630926.9720537
-141785.05250711925
-14351659.646350756
-19232604.123783655
23491021.331028957
-30538750.295950808
-2322532.6689422764
-11660804.408261374
6403228.111512087
-2441278.9087829627
3159651.1423744205
-19551412.520230852
-11962311.772611838
-13051160.032707565
-8667005.291730613
-14990618.77750621
-19874820.58685444
-12453070.313041087
-21806906.484860186
23917668.448140666
-26197425.389508512
-13059270.314348307
11871580.302120648
-10737680.257987313
12090680.33102506
15135595.955692772
-11597292.74718526
51257180.44143525
37617674.04845194
19099984.949914537
28192925.000092745
10871665.670576312
3206181.9370435327
43441518.97695052
68633270.31000552
47685965.959421486
80425658.17210954
56102190.994901635
57804967.82748622
34395229.39641028
46561436.58904029
104842583.99274656
63261176.84969876
71359501.98862746
89944135.10799456
98252498.70132375
91272931.85571061
66639848.46596114
88747330.18450202
111471276.2223042
81267260.69052158
82607282.46463433
115859752.5393029
123864314.8866445
122882428.85325247
137262308.40952274
181718538.61692548
185922868.67029372
233277536.48485216
217503433.67159632
205558752.06546304
212927701.19222143
250789827.83200663
268104537.20837352
288090728.84389865
376264805.9516237
364320192.0067023
393106660.62031627
473283310.8389052
545522203.282513
602603819.0175933
687794727.2871641
751533343.9619223
856264884.3352206
961642362.4872751
955458805.8368664
960384257.4016776
930115081.983418
804154341.3224969
731918355.1409838
633643431.6214215
596355525.6235842
593663901.153071
609402882.4963708
624992906.5067307
626849346.0482912
750431839.0589411
767871120.0353276
913370458.8235402
988849277.4706675
1066486053.1217309
1249039534.3803601
1345245265.082182
1440668812.2552369
1457453290.2269177
1502505190.247599
1410780446.5100822
1319015181.624774
1277735460.0477843
1232083838.6310627
1291295659.1610796
1335278836.6157408
1369636193.9882455
1512865241.9452884
1729282734.6081405
1910889318.567663
2140788083.521399
2465221409.337162
2777919550.1462326
3086524340.069298
3387059562.9760523
3577167620.7650666
3707865527.436422
3743569578.1840043
3729053707.6178017
3679440328.4296365
3522652563.8080773
3345970229.933303
3138278571.0037317
2953621109.31034
2780153777.7333136
2599504821.59174
2468967052.655407
2355075510.100012
2227217875.673187
2141629210.488993
2096644646.7523181
2026978691.1442544
1966683029.1978476
1935746426.3225942
1958022787.7249188
1879788472.7633579
1852762267.9098103
1847913529.7307003
1794462662.6181517
1812389398.438287
1762560204.779028
1745744585.0765889
1662869690.9474902
1573744476.7144456
1538003075.622799
1475392055.9938967
1387295387.3620572
1295200521.85154
1225375921.5267177
1135070611.3614333
1095271437.8708086
1033740613.9927568
926568273.3677962
898894147.9962587
872992090.3652384
818442901.0763159
745601159.0601151
740371961.4335449
712548544.8179345
626331535.934951
601229454.0118008
564448433.4141071
537002995.0020597
512751788.240663
486337256.6935855
434586386.55959016
470273528.6628811
417665467.84213537
377091048.609671
389050049.1867563
387651779.75054777
353876989.88725483
320350753.23383486
320778248.1910044
302413119.3996952
297389442.9205296
252827766.39280584
275427465.12533855
218656866.13439223
252168116.8449947
218398305.37782958
168659253.4932866
205743787.9484603
197841360.99627912
170103732.12380934
175650317.92897394
196062001.17347443
183610849.73478955
169914061.97848818
187080451.59752873
159334407.58723754
98041840.90771794
187026178.08104274
158465112.4990191
150654962.6308288
132992957.5771478
145435611.2681018
145307697.98033103
112967276.56213759
107304668.01073971
67515437.32434617
99227034.81440452
125687456.18803929
116361596.23220786
84311599.11026084
90937535.39986038
70356377.04333988
82464408.91622578
92666730.38606317
84033467.41341917
70219815.59078327
47323404.48536857
39845535.249708444
90826857.62624604
94656721.11970693
110816961.7682207
87657148.41500735
-1731875.9406131655
26763755.422243644
48093002.06111424
49354729.71329282
45719217.92388711
40654127.014383
40501279.444826804
50388650.297165155
19981883.725843355
32078288.026602153
25750336.029236227
78722105.85256411
63393241.74443262
8862065.70112862
14344158.39568333
1011306.1795937475
70581766.1271759
42885451.84793285
23592647.161481064
23170376.439646706
32306487.72111608
16223904.446427684
25380337.783118192
17548514.368388258
14397237.200365536
11423939.149936847
16040388.843300706
48802533.982602194
16405073.631484915
1471445.0306912698
11428587.381241899
45886309.99179255
36643554.3399453
12959342.598647963
10674924.392047543
39104207.692996606
32518574.856581427
40914332.83228381
-12980567.542715665
-12824920.130281933
7300848.613752617
-438444.98566637933
15831789.543395374
-9574478.853241242
14035025.023014614
-3876866.7598465905
24225331.40251123
25862388.61802974
-4684636.102165619
10554925.408193987
-2435488.070217274
51929087.2312575
32793268.161307245
29757219.95931882
21300873.94700792
38318805.24002914
69015001.44474377
3140807.310149111
41210712.20311849
32751215.86495986
22257895.071237378
16869891.56560328
94770998.0431486
92809530.80460352
55440241.11498474
56964816.93754662
47061765.51894183
31276573.012255363
39482177.07565235
66793535.59341113
31212688.65537913
52252405.16859718
45276440.67593308
60725270.83843233
100832932.66230834
101470059.28082585
95286828.7183611
74843427.17299423
74001510.29076757
102812117.58475652
80620701.79760373
112096538.87543969
145280642.6802507
195536920.2938742
123960622.67974116
146807347.4643134
128544225.38541156
154872675.9433444
178985097.21957177
161634128.08064497
186927417.616422
160912715.89770702
212028240.9186293
195183702.0577162
250786504.550336
194214294.48933747
281706593.7246106
264230485.99397153
317058270.63211966
326621416.80647635
320183399.8516664
392504778.7645078
322357498.7819439
371300420.97339016
377706010.18958163
398258017.1666788
412881805.11902905
413964046.7866493
415622582.42328584
425048733.9712018
420860862.6627049
417281843.74350464
408056351.692836
395889176.20629764
400030776.12838316
426524089.640483
415730043.14129496
439715796.39199775
395443021.3991153
416925134.84247684
434991046.87280047
396543535.77070373
425924345.3049674
408967655.07918406
370589159.9189152
376433262.31952375
338796358.396917
367930111.0904983
358715977.15862745
320987207.231195
325514789.90747035
344580188.03208673
336321830.8861614
318390639.63539237
389837925.3384301
281137103.1448283
319211284.3427701
290984056.0895456
292171625.13043207
320761293.7817297
288600847.6813228
277066605.4106762
287049725.13602877
283480245.7601541
250098719.16420314
261812073.4084017
237123439.62699234
250626324.3837722
231618559.51668456
240077910.7642137
232364118.4519792
218685036.88360894
221145707.55339962
239351029.82613823
143733998.50044018
150511143.05569202
172065761.9624855
165959200.65167338
196898170.2587511
198761384.54590434
186453805.43009353
155362361.60964334
177147932.2735886
169427112.91879427
122096678.65596375
125397139.55077659
153048477.9781301
143965663.83561417
130133516.7486441
139946722.1697506
121787027.83512351
110715913.56554222
119728490.89361866
124911462.23789147
103861105.0455994
92990856.67031667
113003264.12445235
70652354.56993222
119670848.25872414
80335631.62297767
59346867.17481427
79798788.64033729
86099194.89432503
76969002.55078864
79725464.51064962
65491857.32325132
68692832.09947425
143092418.31905997
151369557.47617906
171079468.6437268
183219434.66619402
171125769.76843855
193121430.7986762
184443323.3067901
210169177.2240973
209036623.15769947
156890689.82141754
160897784.0418267
201993734.2645452
185147913.8279704
186135772.57222593
201715044.46849203
191591708.3583094
149509803.51448464
154196480.79319263
212740105.603755
187068184.47969645
225990038.06538308
198790104.33768988
238222686.6270911
280887291.53077203
241691482.46341676
286938038.9902924
309030762.58714646
269468513.13668585
267010903.7608079
329007607.54833424
282412164.50230473
321034834.23911965
307801727.4288623
296821907.9346005
299328762.6685378
302976569.59720194
324355583.5728456
345659809.1339976
364336381.52325624
340992711.37461245
360872729.5644206
389826466.4431727
449208786.87756586
412117711.836728
404034109.9768634
433424641.137149
441346245.39837575
396260481.34238297
426047689.87000525
377503574.44501567
393104240.4276085
391897301.9676832
389367878.657006
403971655.81238365
405836183.5280182
391840300.24991167
323306784.0879619
388823435.58181804
343292741.3748282
359741918.1766541
370534489.89236075
350795442.6940729
330272694.82262754
340259333.35050166
302799174.4359585
346937524.7346018
298838519.079501
264049916.75205138
263639651.65137815
226633872.89269918
258728682.23200977
204192274.9311526
194056778.50893617
156749985.76193058
186158518.45832106
187732754.90522307
110036687.80717775
120786754.23847654
160470723.5152878
117823994.77748972
104179823.64407648
96136764.7826031
102771109.35019329
91572747.8774733
79468228.32472108
65501775.64121087
77287722.92843959
76053027.09718738
71371017.78174944
63851857.051847585
61134988.84678489
54415701.52315805
40850198.75145737
38984346.600550175
51139250.14459529
28409998.39482761
65290013.11610661
81449639.59300423
23432665.155692164
34217643.257136054
6399361.126180783
28146713.788168028
9730003.93439344
30293686.501525067
16788082.27675434
28741378.8642908
27843274.028348282
-893699.3794924989
9273510.030217776
17649846.254420966
-18006750.381255824
7100884.429534863
-5248443.378275497
-17372092.750679765
-1710748.1891138516
9374002.647026481
-8882032.643276945
-26273165.556431845
25839286.14274824
-29650771.80465662
9864773.702411063
336713.81788065657
-6813586.052855117
36576454.93686042
30734768.318001613
-6150430.25714508
42308570.86755266
3452045.3167358506
8621000.896586709
-4547580.384969621
-3825279.957095204
-2041450.8574261982
10224147.51870651
9814509.10686115
-2915838.1327280793
2839170.280139832
-51963256.85241443
13737864.02315654
-18212672.05308093
13158930.189734858
-25593006.261492506
862863.1542122588
-17630980.86584156
-51686424.75635904
-20488730.559129875
-41236368.305096135
-5194451.485197449
35552480.92884792
2489906.585388326
-701220.9468369521
9173452.199461032
14861776.048196143
8144848.146815997
-1488008.957614921
29309927.02429579
-13393417.798663978
4230846.654173065
-4509453.4897719845
6200656.062401164
16868696.82433668
-5839958.755763419
-8296702.660475284
32059343.93575126
48091557.00538861
22024068.742392533
15957906.57370526
48581466.602015674
20734976.622582197
61201004.63046175
47795159.55303748
13894897.72697641
46689939.6639618
35684961.95983757
38455133.921040624
10785362.34947221
59689399.04944135
60592139.38359585
35592306.92976508
57722110.464487515
61404028.48353678
51667302.69557855
46393930.568372294
73697231.7889359
109941848.43595713
70484857.20843387
65417352.85188831
105025144.21242404
98548434.15425666
87044049.50861841
116188563.07144721
130183866.13068342
124004890.3540828
101142853.04312335
130601373.05940913
152413498.0006286
172393261.21922034
229819669.05803975
229540727.8789148
280439585.6773516
258874630.49702096
277058894.2699734
369273223.3378625
344088819.0699244
402267251.8051794
452217273.95038813
501501363.3022447
598920228.3348727
653548876.927312
742760205.8119653
819520246.5283741
824840299.5965774
872300617.9532232
922112907.8755467
837164926.4915178
803098100.7630134
677430811.3805301
631148448.8671852
584671242.9118863
539217524.3081537
575297179.0188246
567739587.5142369
614499393.2278147
659770204.9049944
740711432.8195894
769535449.789721
886830209.3587822
1031905731.5202235
1125013477.824739
1280409804.4586215
1380727853.0240946
1398984002.548495
1387359214.7814128
1307401295.637922
1262820606.3200688
1212697551.377324
1191268062.381813
1186369108.2226052
1255694565.4934268
1350645552.4264042
1476551224.5042286
1625502856.8096814
1839422954.793639
2112893000.432451
2319903450.2815776
2649186079.3475914
2915052060.264964
3169963070.785022
3406189114.1620007
3535765850.2768993
3562183059.684787
3511912875.08539
3473043041.025652
3322419022.984219
3136856084.2767653
2982231532.8005943
2804684444.8405566
2598742171.580262
2404953776.2408247
2343141013.770831
2209256365.090497
2105267449.0600233
2046135522.2089472
2014374882.9643762
1974632530.7616432
1875996726.242831
1842790007.5968907
1793975783.0272331
1812656543.9227555
1776746388.4606576
1771726875.6718056
1762119714.511191
1700551914.408343
1669023047.2630596
1625848739.7548273
1582504530.3130653
1530313349.861303
1439511175.8067782
1353815929.4845724
1309904621.3482575
1250181984.1221642
1166072523.585021
1123656766.2830794
1046877146.4228438
967801126.3647947
884781773.1908948
872339067.2432652
849062309.0883479
752183909.8377106
766606992.4539123
694030423.8356876
635812472.6846836
623201045.3165574
595109812.620818
554518856.0294449
530527018.8786396
468272960.392667
478662515.91090894
458919499.8518692
375446018.416465
417233620.65142286
387714993.1729328
368880042.65754795
328376035.26279646
296311528.1931839
292292955.28202033
271845139.79890466
264476853.45385176
254922511.75361052
255494363.1258264
209016689.08147037
205735358.56257594
239829470.45944232
216060979.41372365
213965368.65974402
199020070.89488706
199000840.78351372
191973737.43510222
136062507.8312171
171613191.35206527
144065419.9283132
129695560.5053754
155463520.2295403
162717363.08516616
155527242.52614126
99367560.93401337
126679753.71416041
127762923.85887685
130909398.76715279
118681345.09063405
76058560.64046492
112271126.5223317
139968038.96080485
92851757.76276436
106505735.2389501
109052925.22613522
103533291.5408775
107479137.47768043
107239605.5460954
100207369.2774376
64790780.28172204
104901499.56904002
86319533.21694602
60454858.234502725
74203472.5000044
55740248.085633904
32395455.281723157
18659644.220316157
39369930.4407001
87971401.1244193
50473403.82533904
46285851.4876993
71453341.75833394
110851546.1918217
65000192.35182839
66507230.29756612
92878603.62646961
31555958.822027884
57013703.64834668
49318344.13466042
63262242.06827384
51046343.00581357
68773780.02662668
49620422.44628991
28357133.72732331
11616851.765424225
41536755.956193745
25673719.182591103
17674913.40678906
62319134.22657417
23289905.74658104
62128815.28600022
25090194.734992392
30213043.590828728
31624154.443241008
25271488.651360653
43841894.84199402
64575503.12133132
38121316.86780098
13870005.701496925
45371276.07363759
-27702135.075857453
25176436.665299237
32257012.765827123
15576747.924351156
18319804.40228789
12207008.5780331
-1071195.5735713355
-21013152.17584841
30625136.95048175
10693177.197640706
55447130.801381074
61145993.92146439
35443608.374222696
49382363.68574089
28121570.065870874
3818979.2663811278
29290853.01255983
56769915.43551062
71203762.78829847
21630880.090572298
59864510.19011756
67792413.39770868
-11866776.983715586
5705330.352454079
39150074.34066071
55195803.54972407
47017747.43078701
66442196.94460388
57565242.770877644
83023050.10935505
70323817.54222754
59326042.94119156
47093919.087826885
93037863.26434228
75336508.60750683
60184399.90773766
59371272.3514012
61991814.26637385
107973728.77174038
56452284.282386385
40690818.68720069
63324897.820219874
84683531.10088538
47108192.84822567
103219280.45459288
91340437.7761303
96196520.05378105
123771697.28211369
97021676.77235308
127280530.98722157
148486719.010722
120602332.2601764
111219298.48943803
154040228.749598
144669195.4962988
164829523.79131618
163382283.66319603
134601726.58458436
156880444.1122924
194363975.51280543
189587530.74331188
179836887.95458552
223259243.87783027
258949768.62887782
253965925.5052938
263149180.00504977
292236099.8809359
304096553.4075219
324376607.597485
366951114.0882985
351740404.90665233
342943914.9148872
362947750.395668
373982398.18226695
362140106.3114662
392843727.9933064
425381355.3948975
396926675.9706146
419712624.62694055
403541914.37440956
395441142.28937787
385224062.97163045
400063066.94809294
432715282.5461253
403533646.4391071
441703087.4643851
432240514.8686048
396782317.1204689
438025722.86556995
452622561.72168803
386981903.72088593
392808201.5593753
404339407.97493947
387535399.3137
389227072.5325278
355340671.79339504
374086844.6522559
353745113.1999901
348964256.0782909
345389716.1173417
298621826.3460121
304896505.14199436
337161304.18511236
334257819.3961324
307961819.6047881
306275687.5410415
339366000.5895975
300744573.091544
290854100.9710846
306841424.364442
260839762.77898523
264024824.1150922
276026375.54074794
265398887.5702942
231627515.7025927
242872509.18762046
263249455.2424112
264716034.02287334
216179528.577957
220743718.76977628
254749774.31569514
233599797.51067716
177855830.70611516
178267137.09598076
246639685.9916905
214549079.97863352
220114896.75603056
206995621.65572673
156567284.47316486
168422806.31972113
172918640.3827752
135732285.05859
136345572.73017353
162421355.32981664
123216901.89785999
112275712.20189375
136193154.00543863
123401235.93421341
122161412.60446477
132204584.29735085
89968450.46409304
117634169.29925373
130133047.54345329
128751806.22348402
72528400.00888239
50421680.483470365
111741725.88464576
73017212.77328639
107142270.92256014
115296029.70879056
91807334.43156767
76615228.73663224
124789942.78681453
96493962.26146108
81605343.96152623
78122166.22987074
156246065.6315137
138494192.97292697
165748794.80167043
159425301.33847702
207517508.45843518
175040688.76224318
165178482.785177
166380287.2919046
186181825.40188515
221222429.8524169
197401991.21322072
188142815.89764085
190359640.48507145
144469096.0168246
170933876.0636565
193783900.95378685
185385224.1808948
238474772.2442016
139517584.2402168
199151590.67821038
216920872.0761693
210805920.89281505
224251628.63924164
217522369.31783396
240374752.28383696
272341835.0257785
242115032.61889166
282881258.49936795
332082634.1962829
301976859.3882554
283089429.90286356
251255991.7306443
259562103.11765683
240818395.4159894
300311270.0456492
287094394.0596661
295990898.86816543
365723374.62036955
384045546.0534844
405651768.40494245
403889101.57394874
374213672.6041117
396481570.50585145
409719221.2818857
434771120.0851624
396646740.7765664
427449337.54706323
433049989.6508484
437812079.00576675
467352884.7123239
419074027.0253657
455204678.3481064
374916948.42251813
365256712.5128098
374159390.8748069
368126405.99205786
391114086.8629275
404199949.9524628
358469241.00331247
355047969.5475601
319559505.8135352
326204633.1395135
346206336.9194064
275014427.9426011
321044232.17823786
301422564.8992302
321597869.3073444
290523549.8199128
268012934.4277848
267733707.96389896
213578538.41979203
231047246.3970857
221320379.67400563
218038541.34194213
218937768.8258162
167329391.48748735
170220861.0855099
134354037.771706
152763402.79348743
166040819.32821235
124271160.24332863
122070990.47032446
124928136.82626127
113759990.54012024
83864747.66828044
131446290.99033013
72717536.73125993
86897787.2632353
82523684.51200052
55690151.926329605
71006636.41836287
67699237.6130706
71551470.7293282
36213373.46787083
22642254.283058725
30886701.48839274
37581141.30800186
30869509.64300119
43620744.523030214
46196664.92211223
67186244.23232885
28184621.496298123
52926537.89749825
37534319.32021536
-2938674.217629887
47113130.01107114
24404830.21235644
9016622.478384644
9286854.548580019
9692353.252577111
24163622.85022223
21750568.65859346
51624463.091953814
17646212.923796933
-7110015.5572029725
-8213739.399647556
9177941.783700947
-10900722.038453404
-30390291.20119305
6396328.456348359
-37135780.21004098
-18254905.90373449
-3201513.3439314817
-19393773.239903133
-14931441.570777167
-10602193.150040267
-10461092.804992463
118716.00558435917
1976294.6368087921
26016759.558954105
-1741856.7621397302
60307204.76308597
20391331.58737816
1635233.912100898
35927797.22356718
9177532.42065438
-3129425.907574391
-66834203.615984455
8472402.83029116
-24140218.349451344
3347472.34941848
17224783.45939128
18511929.517243497
32200325.276246097
2504366.1156523377
-6987469.570413921
2261208.4815136194
23227734.602964014
15015274.875828847
10122577.28836433
21453879.798230864
5148376.8433887735
1682372.7678195275
-5514423.380055767
-3138160.2556528635
54562693.759232044
15791571.522579487
-3676079.5592362583
26228502.342217956
28812068.732597068
11582945.482434839
42980863.50573637
6035837.764385503
36323538.544616066
25873024.119106025
-6464243.14503308
-3076158.8934134506
13915290.699690878
8076592.657662503
15088667.257505663
46251012.07923384
62075711.938070774
44231677.22252306
49139157.12386329
60907316.56376524
16848788.09557855
89822958.47261189
46408616.00784345
44833389.92354812
34742290.04476368
77385094.25673726
57372828.93529269
61825277.60668594
107577974.7519842
109556766.10072352
82626367.9954119
96658771.691752
127274948.76604244
97328557.16261049
148828168.26803684
141616757.58310598
149478504.5896247
146713519.95810133
151203678.16304493
137575774.1621234
211614391.0023043
166691159.4238355
181111340.2528227
203294241.89379525
217700626.1306106
276190898.3642417
308201486.13678193
358268734.07848763
398889949.09557873
465238229.9091071
481234694.24207467
550474867.854104
625009990.5417416
691523760.9575535
730911045.500899
861383973.4749151
856578727.7286178
828806529.8038139
859211799.3158993
747958721.4161292
678974868.4163324
629844799.6441799
576842089.1173815
518237731.0568958
474020913.6524457
570192702.6029601
605268845.6879604
622908000.0060196
702199909.253253
799482152.392247
887213743.3078129
964280374.1990156
1059844246.2508878
1195965055.571392
1263837933.6714058
1299302943.5919595
1332241661.1175814
1281037330.30482
1251480317.581964
1146133537.6957583
1160059817.1435604
1139058892.788558
1180138084.803825
1273423710.2174945
1409333216.9815755
1611348070.1591575
1741225739.5015688
1939610868.8008344
2206751445.4437656
2466260293.674876
2755652928.721547
3016101437.7499237
3190943250.7850523
3330986790.971807
3347599848.18252
3336234749.946175
3270937202.102261
3131341306.9100227
3001278219.504195
2837667923.106776
2593325546.3721676
2530544539.863845
2332860483.994583
2211492590.1077867
2107575744.4285753
2012929021.6435144
1998463349.1604826
1876342560.072493
1861282374.8584101
1804264181.1532109
1793648410.170642
1738008355.6113682
1760782995.5442946
1712532348.5814824
1660918073.9462192
1651603718.6922245
1622613887.7640162
1572460641.8447838
1561721840.4071202
1499485359.5969768
1481453477.069712
1431777561.6496391
1258249595.2484293
1275883758.0868068
1171463214.9707096
1108045892.9708853
1044566334.3307357
982161552.82606
895875967.1167424
851839252.8942381
849812347.6448007
756116467.9613929
704682862.8931198
669943116.275902
666570329.5915155
587830656.7198644
618998156.578604
572135411.2858641
547954888.1360544
503184121.43099654
432167154.40232956
461552908.60527945
404477271.3287885
417823804.94096285
365294752.5125532
351251495.4388461
331972489.93784094
338602358.68924266
340799225.8434417
313839016.79884875
274841271.24220055
273603986.71034914
262722119.4796614
226851431.27845764
270002345.34228325
268719954.9485147
235175462.4749878
183840026.23261145
158680582.09680402
180936651.8650041
237624476.92197677
161693579.33375823
192991411.8221492
175087211.16915798
161982455.62178016
160998468.34325546
145804743.81482553
184004598.92952037
131248208.84037371
137081164.7959301
132367297.77939647
145956935.75485253
148775223.83162522
132767447.50147337
110633428.89377144
99204308.06732115
96491914.25263086
93706994.25286713
84773771.6113615
123801613.73421407
80598298.74183927
69413280.52836567
104406850.75138095
70202740.46069336
100268217.19448572
66929646.33323373
61470950.699462414
158774441.76085478
89560130.190959
69149585.32755578
66941369.49373807
74958785.97209221
106972629.05527768
49561715.819928445
76816069.03565505
63519247.628617436
46441686.56329265
52986064.790308416
109400600.1697618
26612842.8781937
53940280.50372669
74980395.27882323
50540694.790575795
73647798.5620588
57717211.9572001
77503463.1986638
6195962.144534484
36712549.66532308
24985412.006714284
31960258.20293442
32703267.933060322
29454272.90943375
23453259.142136946
51079241.29997803
54731045.9313166
-3705207.7246269323
33881982.271826506
5926117.903643493
56849954.58401531
48999710.88467283
11146175.054912474
48111938.339550376
31755887.239372946
44611708.71492578
7415418.091757519
76579485.2595193
58475735.011605546
-15727652.035328371
44562273.66537149
37017676.736872524
39320694.48689571
32164646.884136204
30600067.094574757
49685717.27470258
32310395.753146127
17143670.226290297
30526253.81713445
22089575.925942786
22266202.185255293
-8298035.858523708
36781339.473226994
18541393.061186045
-17658141.65441811
24501546.889718175
31790283.859270893
62752130.002987355
35891832.93000561
27296549.539227124
32635886.331495356
90053150.82158479
74032625.5755638
72804619.73014073
58510359.68029827
20282573.844839286
64331932.32282688
79586853.43855892
72465644.28809229
63677849.544188865
52006973.89811875
68042172.32658368
93025357.85959136
62391016.78513711
50184961.57260352
55336969.184212245
63421468.32988012
71269573.95786023
68713424.18351886
55626508.24118886
111807104.31623669
18646781.764198214
72454262.43953289
108757063.55461085
85142323.51076104
132192668.23181108
86424079.43302932
119391217.74275428
143105757.73518726
136740359.84930187
90205642.59128636
151826930.95977443
98674351.33679676
143948999.99874878
184012296.36894995
195946508.78551918
165740073.69165307
143954632.38663152
196923041.92994273
194099483.1546886
208185260.40782845
223735356.13263717
290776644.44638956
276731565.79350823
305315023.0659882
299141770.5783103
333894356.21363884
351726510.4738193
336608247.6534591
344777655.012776
371240800.9892818
380892099.9146546
398692834.78360057
379355401.93221474
380411397.24859464
352018723.8821696
402155109.35077643
444476745.89038706
411788300.74414665
419482630.3738444
408012014.8571925
438867893.4134593
392501865.3997071
426054887.0974731
375987498.6738881
372948844.128366
399083311.2397994
388428960.07149565
423848327.1058164
415977778.0073614
368554518.91640323
366726813.5961528
378827934.6154902
334657364.8383448
350737950.09776896
340000829.80283844
286010869.43456024
360099558.235916
321240141.3537141
297032340.65151936
340966940.0682488
316041555.8940363
310302430.3265164
261766738.98065186
294989168.40423936
303327283.21764624
278473949.1521105
270392899.7709675
307105168.56976354
279964025.1287236
261864529.68905368
233142366.6300049
246520703.8294039
225143301.86460227
225861625.52850124
231187936.82277477
221037600.40669984
186135201.0436065
197776152.34822115
231521602.01642337
151683738.8473148
169060687.38335818
132056399.64526328
173243735.4338819
197536592.56278396
208850914.45561093
184921388.513324
161182316.69774237
154151769.19346654
142729638.8115931
112302340.36494571
116038749.67929643
151016073.3666135
151766729.52177638
133663966.4196389
127267521.5750163
93394363.39524868
110209342.7577998
119622487.42409158
111011572.33975983
140488837.9653734
74036146.79069752
118389423.32286996
89561336.31042865
107971621.33694398
106966664.5905801
80071763.0296983
86260367.97426945
107135267.52087966
85819882.58956501
35714651.315291435
46883627.88280325
90900270.18962237
101751473.35496119
150973590.80235702
118390081.30933097
129458692.47618258
100763904.00399047
160111936.77914745
208724413.41097063
182543035.132088
182399251.662597
187096057.66912293
174270349.91356596
192006073.36520472
160101752.97730246
172685183.31149662
187217278.39143977
137130612.3264895
145502723.07098222
129328591.64389905
209603256.83233982
153962435.58939603
174645067.1570052
184034821.67456263
198869091.7633168
209277941.1973968
207723613.48062932
249897787.29671493
269167453.4662329
280704557.09894353
244029547.81459153
266381516.7356828
255973256.44271386
250463354.10332793
289140180.406072
270043668.0783353
233262795.30716848
265973283.56484398
281655045.4063823
291572848.8511373
309508498.2960354
311058227.8546447
330396211.8410319
384679453.45263207
360869319.261104
411340623.9908738
388590600.0619125
375851848.58198035
399594213.85268044
372929411.46470344
391445376.9855655
381399873.72733176
384576439.99206144
399403146.44118726
400042294.1653861
376668888.41057897
350081208.79045254
327946074.4564126
332500598.98838496
319715501.43216527
355362336.5221456
350888193.2237977
321064482.1595797
296956506.06361663
314761384.6899332
298802701.9120886
277196916.09783393
283516583.1801698
286571015.4970771
274084369.4651711
233777882.5081383
222120994.6337284
241430848.23853248
212228636.78112456
184864778.96134475
175153344.88624522
120678735.46147831
162066382.22152805
148335107.10788253
152822047.9227126
150141074.67071763
128842345.77896327
103326686.0385701
88683118.16255417
93792978.49153262
80013837.18603764
72194431.05185843
53171216.86110005
67591765.70030802
35161743.3425551
34585225.490696944
45883193.35420205
56233799.20405328
99567339.54956427
58169185.47889526
40364653.102935135
42122586.786827125
8220831.172325097
35774281.78450966
30973558.536963157
50720189.248603135
32870211.37960384
-7415126.136725944
-8164914.668822933
-30238849.367839202
14007240.43007062
11812454.733259965
-19334205.14242905
17805221.79766681
1948593.5675934434
-4117930.6952182967
480763.8266872056
7483820.11528253
2706522.219181914
-13214794.730743533
8372094.400186578
-2029313.4445156166
9489206.60176382
-3710972.107426293
24935310.145491462
11591278.158389222
4671447.292609323
-5718117.409238933
-8415732.917530451
19983791.312609665
-11212334.586801432
3135188.9514687955
-2377190.4135237234
-17634745.95630151
-2697899.069337329
19073283.618914086
-20075339.968237225
-15697545.460119758
-35868782.567851976
-1053607.5152948573
-7881167.079653928
-11340198.424857955
4988782.430883758
-12831254.8744185
30590829.62207481
4952138.935730381
13835085.842768446
-37075788.90468496
-21832776.431530856
10989283.16302042
-34746015.56117081
-2712196.1089852275
8772007.939404074
-17031308.0579497
34379108.05356732
-6018035.569876511
1362127.199863784
36390100.17959749
6094132.74679161
-23692369.20525508
-3077940.451830795
562614.7416051254
-49168381.33553224
32104587.317142777
-8250803.0613861885
-13342274.430219091
5979341.177688405
-47153425.536321744
-2136607.5911225546
37453236.56772514
16420506.928998375
31746193.927510403
-9671139.094913922
-17501479.74903746
37967952.27949424
46210763.85245476
17538086.65877919
-8459436.50412949
-11964768.743469778
-1552153.7313490212
15647218.081605174
-9940929.665114421
45046628.11435112
47501975.57425371
2425260.6217050552
25943750.434221193
46022392.59028794
71827304.58168149
82280612.23566023
36682644.94695202
59703165.46865748
61742742.34887582
60341744.43461861
83145514.80474208
25674200.075887218
74322432.59552342
146103317.4149263
112063346.23317815
104043439.65484926
89148312.34643586
169332202.2496826
145203155.18720245
134806992.41967213
189396370.20287734
164901208.5482724
252808888.87332913
225652979.6888739
255003865.5851779
246496394.88208094
271547216.4861972
363645966.7036849
409338937.0353965
437827500.33084667
514135506.21231437
613280931.1626852
665769036.8847883
738989826.795625
761963091.2667235
804032887.4482759
784076925.9660099
760760961.1357354
687858468.3598076
614245296.532245
524691828.3033886
446592772.82025623
479620528.7347552
507717851.1341961
532771029.6976152
518428635.801141
559177723.3916954
645933550.3657697
670493353.4401959
768897872.0198758
874838318.7134929
990484090.0377855
1117462660.966072
1220441837.4174876
1232442515.9608057
1247636069.5465717
1237454901.3093042
1092810745.2798233
1088438291.6932025
1101769254.635909
1081163486.867241
1121012316.2591605
1249199261.239303
1339736314.2320085
1491000288.7554462
1680637885.8289242
1856723112.8452158
2106628821.0762486
2359443690.46045
2585502931.779237
2805859394.017169
3032772087.611468
3100409284.611909
3156689992.112064
3157110829.1199675
3077506729.694753
2951217450.858615
2753221126.35124
2626332694.991386
2503409583.1981125
2323433400.598067
2221902261.3625793
2112000205.9737206
1990095474.8098238
1943350215.3665109
1837460160.1713934
1819334077.808116
1762046350.4912386
1702854070.3046741
1704305436.7957854
1642687609.7095325
1614873542.2273421
1610293900.7992153
1592589553.7134173
1539383015.6196172
1540752462.844606
1545583965.7898855
1519812711.7831242
1456901592.4441767
1332917846.7915506
1291590935.0768027
1297289680.332216
1169688314.4748898
1084485325.9238403
1034492566.8822235
984934383.5534859
923528655.8177292
849279349.2665524
816386257.6666368
771058937.0808816
721682351.9221623
679012427.4781321
658543671.2539072
597675024.2835324
582861446.0470564
562416094.7628405
554246204.3511952
485415947.17314386
458457472.5958203
414288370.52332044
389829215.15809906
382251683.37136024
337706888.0361248
374559078.50822973
346815851.64989007
338908131.3213166
281319761.9364307
269619823.14968437
272484148.13318753
280644847.43384385
215360666.09624302
195026663.826265
203140303.00511682
172647438.11753476
206507801.93852067
214524246.24910656
213799986.41586328
162708457.13733554
195474662.04202166
148934643.7410547
139392130.43621814
171806966.76871264
147176612.51485616
115453884.57556769
116621957.31126992
149037918.22681642
108801901.03346023
139749465.2219584
104069837.58120927
106916268.4015735
109494291.67620406
90407661.9770163
90369679.4733642
71074693.67752118
108037140.56409511
73588449.68720001
100780470.2029403
87508953.05830373
19343188.546233073
74035689.29423434
111269095.50787246
54925714.01213743
38882681.38847681
53383304.401648104
75966009.04544395
52664717.3624938
32450804.22947713
71167560.57400692
49404688.342453495
45964482.18208898
66051196.10131076
48991152.37002888
44746668.85275117
55331691.976272896
51368160.674358346
31003250.353545357
34285553.59742764
40017664.07603775
-11644117.703300456
12106158.973778367
5373743.023238301
23420369.63319727
20654995.82127392
-22311082.140783563
18037482.021230552
24586690.033408
3405857.5549883265
11510994.67987714
35942567.00042423
19863029.20739778
22592960.261757337
45437440.73557196
37538781.34981758
7448022.304966401
40150496.98342748
3343875.82401539
19807088.92611136
6429139.736215591
-17695883.174343232
26832558.180570133
27678272.348370563
52698116.059014186
-10586920.390472762
-30733273.813508112
-1011102.122056488
-17630936.43431349
248709.3699697964
13650375.314898528
-13788481.214419443
-1879915.2395771742
28073645.125419073
25668093.02299427
-6378526.792583883
33581989.25421727
20359442.48542779
26960129.679512866
19735598.93940012
13411965.190713532
34757420.221307404
-35420652.84780343
-20739901.851123378
12187501.459777283
18931045.385323368
39148586.56252639
3484757.6757110916
13198556.558442557
57324882.232462466
25868637.34981855
17256931.893217705
-12583786.779043177
26670343.198292438
5614085.335888632
68078438.20788428
72792400.5863806
13348520.706296548
57988103.097748786
20341944.72608106
59052833.85902731
41822425.62256388
49380665.73427115
98886513.65110618
65761611.76985895
41266511.87168629
52591239.934552506
77271503.67718628
76282787.82151437
35378168.92425378
61975322.950329356
99228083.88941492
63398066.98634808
49076011.709367454
88665124.38968962
56274915.987938926
86390943.01449265
97254370.72029436
95266854.9066958
145993975.5354932
133035851.52271247
115271609.55680545
103047351.52145693
134943874.58681715
135604754.55268466
103030551.13454227
145603812.6289252
153025630.05266985
168148746.89892995
214372419.52904886
165057398.78648925
239513067.91955242
229982269.05822253
266403512.81556112
284143402.46568644
275240204.91059184
274076253.97770333
283470428.6372388
332326644.2771217
322135481.3377887
344976247.4477946
338039633.3607458
377663702.9118264
343432191.023687
344208512.5566524
340273153.0723194
372327016.4395523
367467970.7817312
371045618.5639666
381400749.2379966
381436145.915599
350327078.8721635
376203666.9823626
388107918.1637745
357572289.6834343
417917109.99470305
375554236.5346652
373476257.9118304
362333261.82310545
355473883.0438246
347121659.91853005
349538965.9037521
313371867.107285
317131285.896049
330815768.7040887
292575243.3327515
342654363.68173146
311318041.77334017
267787432.01236755
273821520.8550848
253119174.24451494
302777580.68410265
316236659.71306056
287001197.90090245
279509985.2170431
250427075.00367242
229250682.1165557
265456102.23843497
238879759.8499142
195024477.80024794
206714536.388991
243873520.44222286
209660685.31054884
196312108.52940053
238928614.83435172
197185971.99819547
206686352.39216542
192549848.77611628
195936290.17818204
190791578.01424864
182361048.3074753
192507910.08105162
202506123.27952826
130489224.3132574
125007948.0029273
142501925.17338014
139038462.14506683
171040407.35681298
136614981.84543714
128848623.03658444
132138685.7502061
124747413.2284164
122664010.8826628
116444178.502929
138965996.16583133
131425013.85675587
100437673.7342197
105688709.09598893
54932876.59049161
86279354.80147827
96249263.34816208
103609191.06327078
38247404.51737237
85787487.25230181
116977629.05900595
34192516.54593827
77547305.48001456
96269840.07669154
57211574.52194064
40680912.139208145
81825208.44316423
67554440.83302394
55596119.381299764
158886544.94009012
88058206.10282435
157275194.2693074
178270255.54458204
168968366.59454656
169854355.80218422
185973233.99429345
170037920.14011347
150781999.84445333
204766436.66460103
179984332.9285948
161937487.2360463
175946265.7053673
166966495.546247
155335831.92239773
184208011.65863666
190246179.41272494
184274861.3327122
190628054.41472143
208005063.5488154
223704417.62665546
232567844.6498595
247368967.19774774
254968805.26477247
229436985.01571813
213900018.4496923
298999728.05214685
317964850.4369684
283858576.28763956
268507020.8977068
259200969.83045912
278630321.4487973
272355840.08412844
291187675.6567528
274600557.2379229
298206691.4307968
273318972.7923525
326076563.24251884
346002833.1629801
320607357.0757518
399942045.29241776
374760310.51055515
365085646.8959358
375074913.8749256
407621858.4209044
413446760.1071854
432856353.5040511
478068528.28373885
449559184.92770934
442321236.1909719
443379584.6775682
391570713.51759684
406793037.3693679
380669381.61052394
365098674.6131525
363018802.0711878
332463152.7893698
413931649.11656547
435288013.6705361
361275931.91528976
310891515.70368123
356578098.26247275
330946879.4374509
291254948.13419086
311708218.19470316
316952887.7799715
274239144.5538617
249331835.2520002
271737507.22208595
235981221.63991982
221070253.7739366
204233551.8711518
224922566.2221388
186735423.90134585
200206887.81654456
195731082.3952007
180998957.427681
164623582.30516636
129954805.14278513
142461561.25933844
122001582.2565117
135034443.41972306
119398312.23716782
145328966.72889045
88507733.85723162
89472626.40877308
93201751.7423011
107964582.00639349
110249502.74798447
80443839.56740342
59618994.0518472
81135972.53906652
103468453.85696012
28462389.12105203
86254988.53670225
87452725.01812583
21901408.465253286
17343995.914837845
33747393.82210141
58915041.011228606
39108605.11506468
49885428.91561401
73693632.79672801
45991639.82292554
90885952.54911229
51965158.90159331
29475619.48340617
3238944.6163638756
36392633.42118736
41768383.560807236
5333588.346942414
21498470.05512941
17600156.131234825
53877067.477846086
24631857.407885745
17151899.12501257
10804388.52322939
17389264.456318855
4966705.810579414
13662646.575550197
2126115.3161542146
-3943888.3821957093
-18733489.226544507
-27159987.16350809
10615247.704990389
13939393.390576541
24001562.092786424
-805560.6660965104
-12618976.44310144
50547805.74082221
35051967.0208944
33825626.19401063
-3327055.012114946
14006236.901547391
61592721.01098087
14421166.15328518
33060514.84367189
13466384.545836927
30480682.10911983
-319506.8742216807
-20327599.54416859
7934671.613947114
20625123.527815163
44967181.99254143
-18508397.363094334
-25772447.70010949
35847466.90772337
-16070815.149613675
-6696510.069902715
7836794.093459375
12746907.733858764
-5064937.531079834
3258130.351418311
4404345.109454818
16051167.67626217
76913493.3937261
14969657.506241947
25373694.754099432
36793505.624031544
5263505.643687651
19253583.45080632
30498978.545836166
10824420.518136205
36812876.14664848
54179162.9322194
50280270.6886186
52324199.05223072
65733375.834350094
16651672.039486859
48861595.05655913
64935908.922509454
51612893.52717541
80864576.95657873
50363384.301840946
43199103.5325394
21913548.987200107
47198223.224069655
68475109.24467576
52883692.439006306
55239533.94064517
84735835.80172902
56662355.29335255
95417212.21472766
114454855.15382494
102265528.18303363
106939994.92237765
99488758.71372783
99981940.80330202
86992625.08297437
106148863.33325797
117948048.90256456
128136767.7987929
137849222.28486785
160167853.94944715
163447718.72486544
182232225.67989692
166493508.5836041
173095827.90135655
205620387.9641695
241288695.42406654
288679332.84457815
285322623.29821765
351090072.2415341
355225399.3938118
415212069.8771526
477774743.6875993
519063779.35878444
624012781.8046563
622150394.7746029
693360993.057299
749984441.8873303
797418003.49929
790990781.3054272
745645487.8496287
677183344.1883912
637753489.2286971
569345456.8849753
445394689.1220098
476773196.8934151
449628137.2975437
453615020.4730606
505707803.5485619
560844143.7112198
638114002.0427022
686215044.1449349
776430659.8459496
876570198.956681
926424528.7327111
1043533837.4636981
1145950976.3436406
1174046248.4805875
1179893099.3178039
1147612504.9119093
1138492652.991073
1057463363.8109353
1067692781.4883369
1051830961.7207165
1118512867.3264747
1199075576.3246455
1270604465.8678503
1429412421.6646168
1494028782.6875281
1792851664.3139036
2013163407.998833
2229787977.970589
2483118323.749453
2722262478.4216657
2877645916.7568235
2959866312.31836
3021913345.7702885
2982064802.7544136
2943975728.9251657
2821794210.7445235
2727288617.7882094
2549322254.750959
2362045182.2746453
2229988746.0017695
2152448153.2215595
2018973248.2962282
1938031609.346779
1846849131.333257
1812759703.135312
1740333854.499188
1645590248.3041105
1633681432.1874328
1597740623.7367086
1580857378.1454334
1554439696.9918914
1578803609.3991013
1537981772.1633754
1573224430.664206
1517155510.1673052
1476608822.7381525
1422477542.2285848
1374694782.5387802
1352604524.1604598
1264658795.6561284
1203248646.155057
1109098133.338424
1075097940.5585084
1036949679.9399557
972464588.8667322
894731970.198101
834221280.7348938
826967438.9826225
795609512.875437
727943524.9994919
662335999.6141628
646172368.4512651
614260090.022845
550768181.3443341
545834883.7437901
505190731.96021426
478929884.8486484
436358445.48780525
440424789.7030476
407503239.06910294
382024935.484471
412306319.32299674
379902467.97412324
383559705.3328822
355318538.14469004
332579368.4139703
332676830.90261185
317995073.7672271
284433339.8261938
253685202.1423999
241463715.72282803
238593114.5743154
215506037.49551958
221178855.2653466
199066040.4951331
209211792.4441356
235397611.96547604
180278048.69993675
188955938.49318814
214570952.981692
178018577.31161988
153275816.9236993
171411226.89260057
140519563.44886267
148435402.48382017
131145886.71006311
114177845.22189805
134658269.68273014
125026898.50308831
115289871.21955247
88566691.99156052
103960959.25783767
86130712.32658833
74983346.37179607
144658157.46209538
142789960.17247057
99905078.68129742
123307430.75407487
88696743.89876926
131447047.48068944
108005244.78298919
57997910.79518165
98449176.78786257
65227716.72877632
55265818.630493976
73075898.60708103
76311161.1012879
68961456.30204299
83524643.07880451
77011034.38399698
57664447.55118314
81970306.24480826
97920099.45159799
73261943.96279548
86499587.39564082
77162571.78610604
72397043.40794553
73401118.78717789
96353491.60443053
80415619.97019789
59982876.36769139
55672264.6915147
104312239.36591518
98202330.1816194
39020386.95865993
67505588.7120413
65533565.01053703
37832112.107451856
62380872.53695279
77669175.08285584
15272283.843975041
68089959.65766542
28108405.496847145
43998012.5982966
60437244.70520812
8255781.100038409
65458529.73106338
65351488.49133918
16018760.724546421
23588074.500144728
31183298.27684462
10855373.555376586
51323582.98333443
60085599.29555065
28097232.2913807
32062954.43974732
68337650.02022217
70562024.82457879
38006518.157408126
36462923.81347394
24137922.09874867
57711027.04390847
43912514.41125955
15014695.299637606
74752839.80481398
48020369.52985954
64486337.07474718
52577846.95448052
91750815.78602797
67755221.3587615
53100967.725401506
81388388.0114888
91867011.34760806
20340190.366325077
32193796.55291293
66201380.89424837
25798657.87751273
62500838.08096172
35167316.374228746
124435564.74389091
64318026.41824414
53344292.28201202
51072253.48255228
79090691.91520493
68389383.67803231
66036223.47477563
65131924.05715219
59332556.59513109
116041136.63842177
44198813.87597581
88395770.23005179
116869461.17844473
60110954.45096399
40447102.85436079
85833557.0944009
92997577.87920481
108495287.36123127
35800555.99029718
67288062.10442176
105957336.57262361
78737973.40794793
135107240.45338595
115127956.43976998
136333813.44665256
142266210.59394735
128364937.29205152
128761634.06561333
120520228.74752071
155910079.66433504
144380218.82325292
162181124.50976866
190382473.22034022
170020580.68331754
173675507.01231876
233306452.58112925
235353461.19757596
253861462.62896103
255214375.6981697
232709706.23873925
277882667.3771041
291164156.2709223
300557043.1135938
293443465.2969147
359913648.9105848
317984875.89193606
343627257.04822916
382915799.8846196
365942134.6504574
347666905.1325965
313353943.39358586
382226373.4781336
374213623.3701894
333443540.5144255
364250903.26104283
384752152.0934407
406526703.4292331
417937232.34033316
412873002.22006214
421933750.8613971
381185122.2646184
377717340.75161463
339216694.7849274
394103178.67530566
395749232.1636993
335068833.553478
372517233.620869
377901237.31279826
352193918.79272467
364558720.9108171
357439526.3429011
349428287.40963477
379486814.6455359
301607039.8766177
281329855.3434839
332915205.10292816
320080507.9596387
293159545.0967688
288966913.2380949
283928428.60932
289498494.70559525
277272529.1984904
302352261.7374073
271366040.13436055
259880002.62781262
297530482.07040125
277098539.60902697
271991677.1629618
218268606.69681376
236267421.97121897
266053156.1176542
241181990.30103523
241040573.97930965
243174640.21132323
224290913.9622898
227818633.4927367
233762683.01548213
180881866.32625502
178299265.48776236
135152534.13134727
164687021.07861862
212690117.4055686
201385629.18100497
172036781.9936772
140790005.36496866
160446668.66256595
134551803.19719023
169287945.6864864
118926362.52717572
127929090.95195386
160176262.12641683
121342778.13978426
114398521.38137196
75653599.80638337
73550248.60863198
141670271.81058076
128609205.11189763
105610586.43276273
122678058.23257954
73115939.9527126
117261942.28498372
92180608.08767217
100832527.56998228
96057082.09159598
73901170.12360325
89517317.99919477
79941619.55077484
104923988.49263427
93543284.12269092
89340679.36766899
134574489.08022183
150855395.38609368
174772668.10901144
150001466.31621265
141753601.79993922
146564365.7200805
169848989.54619983
177944345.34284282
162732875.53474993
169967373.05303037
194391703.81554005
151481982.85491544
148940659.26444757
139087299.99519795
155296978.944992
141762844.95955902
139443985.44309378
126075890.3869995
173410616.8134234
196253029.93225914
124939512.68308504
190873202.3994626
162501317.65017742
193966600.59966815
231040189.34180447
235478775.60001796
241137855.58410645
260366141.41235256
253765954.69769028
276490134.4931763
278951830.9155334
262158556.90863252
300252114.4026661
248550166.6153316
283906729.51460814
280046007.8304819
336241085.3949696
289163406.883398
307458649.34385943
391364627.9426252
337617681.80204093
379902823.2346866
359239037.5570808
375968939.78536534
391254203.35498255
389352051.55745494
386033550.23185825
376241913.19495153
375539132.0344713
378668289.8783769
401602103.5678516
355831947.57871675
346132622.2628286
404677544.5125166
369349076.15422416
317782889.5512792
333700583.10707253
326061932.6344883
306913440.3159923
327424379.63309026
367046349.3261883
334098790.7194523
292069389.9814201
325993446.2745153
306970791.2664291
296860343.42091644
295523224.99512124
268478512.5442261
254528436.12413335
224904810.47109327
250671843.34057355
202613989.1617402
226855553.9949407
175645715.0145066
162484138.27203375
203965697.04413086
139548877.17505714
189915395.34747627
97245040.34963986
103904252.04547364
139565986.84991586
115608303.10377853
106929622.14803025
66176029.66485016
84522125.53697783
77448669.47842924
87534856.2246136
93847134.33785781
77534205.01484343
83126550.032424
69779000.0575617
79022116.30228145
70254165.12689553
40554971.17268123
73767310.73443443
49769938.02969807
36323512.238048784
48366049.24420287
34460484.311156504
20072389.38712406
29159283.80071449
-1772309.710039772
36392901.66929674
51874507.38072792
-2737096.750013821
3960844.52710928
40013583.945183
39145212.55482231
15597718.468932794
46345429.23238063
1080577.6589246355
-14523712.66906298
7110136.357850667
21468680.74791781
20212314.053367976
-17048482.74971855
-29045792.21194092
3803580.8183762934
32909412.9794359
42499230.17593778
9357627.400590206
23571991.75363364
-993609.0419878792
-18058089.189775668
-10398758.857933167
-15461067.039606703
33832434.15437167
16072141.32861123
15713452.808942351
-11610439.412118519
3659056.132494151
-40237148.36936551
5158334.224856588
26881493.382810846
-8792223.4630964
48519907.19553922
11744419.958316477
18090512.636820883
1872471.6599340094
13152073.491503973
17915633.16425489
3408581.3034076653
31251040.647784382
-18152165.765565414
7157585.8936932115
75007069.76605512
2556797.0831204187
5652.955522001255
-7848236.198052355
15633569.298137788
27044011.920619413
10016489.972224789
14968996.628479961
-18545609.306075685
21302080.829247776
-802658.282373542
32342494.522552714
26118348.338927925
27609371.34258391
14055641.946861017
-4498404.878077872
10503926.352528755
33040564.623835817
66727914.85758313
13174828.222511334
56562368.006067306
24470410.267756857
-15102172.77575925
20791383.59002173
2726341.7884658705
-3740542.2297942806
36155996.33435577
24195996.767555654
44062951.78179846
71803240.59355482
38181783.973268025
12686836.22319759
26894496.025337916
31986762.999383412
58828909.23680762
74522170.63121766
59586240.78219843
58131646.109978676
26179945.332605407
53817502.939591676
71179030.67644401
119392783.98603113
75466247.71693385
100367767.70315406
106286620.23186629
101054134.74043107
146097612.0431708
115371686.53609295
137114968.80421686
132771948.89220718
147524956.60151902
154672694.51646507
180653937.40743864
226594736.8924497
242723761.9101533
251220823.73191166
291991083.9692613
291060665.62713355
346005832.88426834
378389245.12467855
420333965.92767984
484348873.26625997
545124763.0107131
618468333.2216204
684005824.9948083
748088355.093835
699192218.5470742
757946082.3292437
707855087.4608569
612255406.4473433
586632098.3095626
452985308.92188764
450072390.42872334
439724364.30658174
454734826.8283414
492214621.71114355
470082383.08771074
509086166.2306479
547894299.2049587
623820886.3094877
710715141.2774607
801469450.8104513
910742239.5656657
990311196.3878113
1066387492.0196329
1162184972.4366393
1175587343.6369936
1128495962.8487186
1007422901.1420959
1023585786.9388698
998985378.3028615
1003052799.0959924
1086589691.3245907
1138391480.9413404
1258842134.4273937
1344285350.9780314
1522268002.9571567
1663852601.3573313
1904115320.170288
2134261697.7346413
2350354986.1614046
2578874568.7378154
2723533087.623693
2801655886.784139
2861347438.0807247
2834792753.2462807
2772147979.4253716
2653370834.029309
2555655443.0224657
2455307159.040267
2242866789.6280956
2143323961.7711387
2016119224.446099
1930970949.187673
1813434582.2296758
1748075235.5929222
1672861124.9568253
1638166652.142819
1621998627.698246
1553163437.4926138
1547049215.838985
1508494848.517721
1493633256.1844063
1459045510.2155073
1466023181.4324255
1419833890.6688104
1405447986.9894915
1411060559.4373116
1353271874.4771848
1317141111.4910421
1231280472.9191918
1195732724.8817167
1141728124.252534
1111048967.126157
1010414213.5946711
934714376.8627193
922774845.1693306
837632620.6298258
795050126.3006345
764303799.1172304
734256928.1513202
693351955.8000906
663409308.2268113
586242833.9970627
559236599.8741058
528615286.2288348
537597212.5825661
499122850.713431
479309049.8784652
431251991.82659894
381807352.41615474
404587565.1880508
366743945.13769734
348552048.58194494
337207146.8960068
339637700.7655515
309812467.5155184
293107129.3658042
265668654.94437742
282708696.1870611
268525818.8438277
249136283.73013347
232456961.34846509
208721408.78955096
199476235.32025075
198967975.66868842
167260344.57932967
175359120.30098593
188059248.1853388
191704343.8476435
172716341.41168416
139048842.3329769
150831310.74312612
148019243.24518248
102992837.95382395
109817311.453944
159457244.7577182
117094611.52039662
136551769.22551152
130125765.23583381
119211836.43925767
105023842.48983392
109931493.00331277
119478470.96139023
106705465.42298195
105246675.13366431
116703910.13727456
56652264.358602844
43970750.82801899
74128322.09764233
86072788.29766098
87920842.49142012
68391869.90487725
89184804.01055765
59678637.111431874
59099999.96997941
63695858.095771596
66928750.15276852
87412461.12739441
99555946.82383533
53795339.07679718
69930519.79127826
70672493.05361085
87310864.42872658
78477101.78288187
35158604.261120304
96098127.74351797
45250914.88037373
9606746.718031812
21508382.556313697
20828993.669712994
78641232.01997921
38917665.003768876
47280341.59444615
61953739.047804005
54782068.73839393
49561677.13277446
25332737.96841335
36967558.13953115
36423321.19948156
65515996.47268876
43823629.6406359
41704705.94972581
48797346.399386704
46760452.1687952
5555264.290257981
41801985.57569457
27810214.746549424
-31356816.714387488
20496464.806734856
51071820.17550682
42270604.97306436
50864616.0533695
23713119.48904444
-5083661.526877014
35615910.72318371
33062150.147440083
27149088.450682357
-8992230.22882318
20615396.121970043
41186044.12453644
22498717.067135952
56838381.7043446
29868007.477746196
44393373.53073302
27916517.115061846
27991409.836859096
22043341.79741202
-2651045.863814082
53845726.878460415
7228259.961928764
36370362.36399165
15204329.74675259
29614817.346190285
68278901.9636051
26839473.73830654
54648901.52745278
33599728.69136248
39465109.22503756
51369174.233797826
28391663.175060876
43600571.27893779
69603419.33347948
62444087.86601956
65398590.456430346
54966234.67960005
53303144.25480854
64837476.481037356
40853516.17298304
66340360.423167825
79511238.27298522
66659653.92622063
87516250.9228265
36396272.11913481
62183818.92740865
61655252.50750728
58133221.10038953
71061488.40610512
71724926.19147721
76569520.87950325
75844303.79871655
68122707.25190458
77274499.70196879
101690132.76218493
92277586.91889986
95546829.4743082
117501945.1619822
149852211.72619092
99499629.7546045
125321816.90817988
134437123.06679833
137097678.76822385
134696452.55157113
132873064.21472703
179718548.3143838
205862589.71808574
190299550.35334224
204502469.59623778
178226384.78659922
211325443.55959538
277489658.79726934
273549698.5981848
276198414.5138274
275898709.75502074
311208056.7643667
352251470.18437237
347661245.6419655
319561686.2093524
340119031.0154447
332651678.68495613
377418609.6355231
375330118.4223263
361174274.9796475
362535504.7893849
398047918.278176
354977735.5036767
375066433.9285521
339331058.4233084
341361818.7831645
390129147.6569506
329413479.3568983
382482255.8722951
376662813.5908291
391135527.59131575
362359746.04607576
375437701.3261577
364488534.89371586
338951471.5301446
345420027.69195175
334948761.8269186
337699285.4818995
319483376.9250516
328602975.33922267
336471106.9924002
283299177.98886293
293589596.06460714
306147052.84931785
304921865.77243745
291002413.18129593
274292077.1346883
300779078.7433632
281536785.62844586
268128368.10044834
249503885.43313515
249329114.54633886
271138552.22443336
255148922.9780445
211665301.1522472
222997432.7849004
274187203.8366633
241893751.0216665
197988311.6930802
198264127.49681807
169116493.91488296
196824806.18018237
186042738.36301434
214508295.69606906
167155758.13704014
198001177.83845043
243916362.5356182
158929471.94930243
140178499.38348866
155619260.11131817
184045524.09813035
145645820.72466874
127851066.4715043
133878303.701495
126019400.55295913
117922094.86825393
152255118.0118896
151723608.1646073
119943288.40787908
119204108.96816456
158631577.0514397
118470770.25638933
131577220.10937968
118958182.62397549
113270293.9281482
114920723.86489058
93497535.47633144
74443805.08135185
97889491.52461727
107719067.14281435
75391703.5232059
121333850.41754073
70183505.11752555
111613754.07491556
82291305.75042754
74095009.05087645
50394339.5149207
59773145.11978455
118022431.29483409
126425153.9947811
93607640.29058225
127481035.61100349
139098749.87408388
149112649.24326956
141711022.88267022
158584556.09721172
137393515.7608086
183518371.19649196
162356591.29875916
198109833.70002404
142378431.46368122
166081888.29090396
152074311.61208174
119743009.37198874
169532214.4275475
159247157.31460088
204518025.00577438
174244829.56847456
150411627.94287306
163900111.35326362
204558174.86984676
199628353.74201304
221144127.6843264
227100795.5258367
237462617.78645813
220658003.25177786
253277496.0485837
208716143.66666937
244163879.46344268
297595782.5685251
217549378.85007152
248811497.02384946
242749477.23480448
270606720.7631694
247400412.5672403
261552452.93399566
263996556.963798
279892398.77700144
330159042.41101575
317122420.19138694
343592092.14445984
368833555.8791626
379427123.19462943
351719717.2293813
348413177.63340485
357987376.95124745
393789573.4163351
412910645.48212904
375067635.4307128
325464035.74597275
333045933.93827885
313974308.69999516
310651349.7363802
330127587.3532729
285723447.6655429
295799852.7008783
339382358.58307827
290383237.53386426
294150636.81664157
318086193.9046798
327789589.756858
283303538.6461988
261289429.44641504
288255695.4067303
235962091.840227
271031372.93343794
240731927.85819966
228724447.41746917
177534107.84825265
160809535.94337267
161077548.48833883
181276093.28070837
157971744.18531677
136416970.39165577
139628729.09571743
89542847.10682079
144728877.47503957
168918716.02845526
96743188.95830515
78232217.18563245
65569639.62610078
49727322.9753272
95778097.17742336
57191945.652187884
94793355.01082349
55215021.103540696
107834935.37725164
89824119.73907593
48190337.15447099
42746930.773280345
53740534.44952476
16548779.223527774
2524882.2809173986
57157395.36635069
2317003.708484642
32751145.749464914
66713539.9868124
55371715.738272995
6770644.979807802
51959769.66812424
42019731.135321476
4008555.511635069
5061328.457982972
30247612.848332547
-1216585.8343353132
5140663.014590614
-6570458.193660349
37815484.79426795
-7472656.820680665
20749877.51431123
29904588.898509093
-29440827.332576297
-2227974.0908139097
-40033196.771192655
1397046.3419399261
-10999679.691445261
11377343.717167784
17878505.652920473
-25894261.039929617
-11448705.710171005
20857695.230319962
-29913764.081163753
-3152582.568289697
4405387.395058045
-13742626.392900702
-1823006.7837418243
33147921.557830773
-17519322.819879
5407614.349920731
-1921013.012219714
-34823088.56268838
-31040655.839359246
6282248.446806205
-13837400.589565132
-22931638.73212317
58075873.16269484
-12244065.664648049
7299644.428168992
6706775.651460514
-8795320.29539559
-48752893.66580707
-15425470.778067935
-29954841.57711585
-56642581.887463376
-33554468.35485244
-2748595.9245086457
8900001.146002322
-1824333.7890498675
10715428.697518272
2228526.7397141345
-31348642.324253693
-13392046.851866912
-16649690.276387868
2117609.872104792
-25141615.97005792
-37323350.36505174
8875117.654399678
-25180444.150071274
10953783.704657502
36874900.57150236
19487724.23027979
-26047241.92357999
18580782.909172118
7622642.021284817
19050569.50893147
-31871626.64697658
-23120183.77776353
21159173.208012905
35374364.38170654
11209309.864032794
2184667.5432896744
14598868.41202765
1968386.4326835163
20760362.032217924
30330695.34747804
66646516.30678882
42131934.23556409
24917460.75933084
16311895.916903013
36901700.697334774
31108878.634431474
51887054.39093721
58981056.945297495
85522284.3979543
60297203.165884525
85680571.57388075
64219602.52905816
62645692.459255785
97102434.30090074
97201320.72409324
114945728.42377132
101562501.79138866
116910026.34877941
103762852.99905711
131909447.1307003
150533149.77959785
163821177.6041977
206633921.88839605
235199768.31484985
254575896.12975642
266606598.35835913
288137963.75901055
320396062.1738254
392714390.4300485
435875679.881095
468158457.6152024
574829782.1894732
599798269.9594358
684519536.9240733
702953353.3829818
709475574.21881
664643649.1627858
627249447.3323152
541150683.3636253
441247583.0306289
448206030.9585285
394540735.6035031
385928202.4362269
406838463.07638466
465762042.2914644
488386718.42211354
535071009.70469666
570531539.2954098
648851069.9117161
758670643.3268986
827366705.451399
942921143.2134353
992721777.594252
1039939407.8380165
1095034250.2677329
1003535920.7541696
1023667019.0536708
941124175.882351
918678656.9731469
910310467.38323
969021850.3953446
1085770925.869832
1117855847.316535
1250374590.614231
1358434143.4040859
1600615253.3266237
1765535997.4238582
1996013560.973641
2249885394.510341
2397836582.3557954
2588269280.130311
2680244724.709145
2657749373.142782
2659884049.4103394
2597707075.6824512
2554604652.5485516
2395566256.259225
2261799284.444246
2161735237.570571
1977005244.8367445
1907772692.2640495
1829167096.6231995
1736053406.7738695
1638711837.3082457
1541513183.5577939
1548975877.6917045
1511747531.2617955
1452370419.4760227
1452958925.5501635
1408386862.576682
1425992647.2062778
1409112853.9810052
1384675467.0668082
1333034720.0379791
1355743960.5253057
1306823546.4830647
1264967872.9783268
1263860551.8967295
1210297987.4385574
1178319684.7561014
1110670359.4274507
1003207975.5089478
983474438.6145897
944146483.073297
820155727.4258392
810056950.6802496
777711296.8537664
713724088.3409562
680858978.5767184
639836648.4097266
587525233.4608603
574009511.0633168
509970160.2967437
498421217.2406648
460614977.8613571
429338867.24393153
397969226.35212535
394880227.5272491
377501285.9040879
359776777.8202428
323373365.5672741
293239130.6058837
322267234.63664806
295159520.62797093
262296758.334863
257540711.4188785
232425926.20476335
227272807.0708842
241039569.62206724
176459259.38370094
213848626.60430235
174395623.58516997
179867705.3079332
178140877.4659466
172922295.9746372
183064269.43212247
152450676.7705588
133821550.54684836
133496472.97489895
125255934.98729673
90206781.30974036
109847499.2179128
104205284.88502544
99119582.87592888
125382702.8489168
133353369.72729507
112802900.50121765
91972361.92400318
95719118.45486337
75116199.63671947
57060389.200071245
55587087.27351402
15896665.741948642
95428613.7248035
78168588.87855956
72017010.68094534
79783326.50218546
94037293.57192852
76038706.15441333
54216208.81587367
72489235.97844078
25740655.21451956
50173045.68798843
52380740.12763375
27418466.551509492
50915080.950494654
30455086.23259317
-3476674.627094902
30479607.90558617
29148793.1674655
53977228.85370122
49027075.949223176
38919394.940746054
51410721.50234833
29455858.72531744
21563459.04444812
71182135.19734406
25480390.079685904
62582344.76806413
43160759.055176355
13713127.632427927
30455743.92976122
69162827.95150116
58087869.25761637
-3758412.821048838
66264657.49113567
19726850.232690897
24169601.256998196
16760978.501621129
14944310.675004276
7637213.168331796
411261.3303541206
-21760170.023543745
-2677419.001002744
21007064.89151937
33875132.68854922
26137461.877678975
22354977.803887095
5548260.610530153
-8485552.7039081
5832369.476559328
3460599.2454521395
35754247.62804191
-22214026.166594528
7399159.19280212
-571050.6997937672
17881531.5129744
32127952.816658497
-23617854.181057677
25850327.000589594
-7082614.604500199
3290939.2209663372
60301041.6174378
14971766.002983067
45231388.63627286
14669297.782136917
40589422.39208922
32800680.941727266
-4999566.76719928
61880335.89898752
17867584.325041674
-8973157.650407853
-973604.9332092144
-15657430.462050458
-9602681.17679339
-28572299.22966622
376439.01856689155
17654629.01393072
32025447.37290641
61972280.015423216
48541754.68022692
70746374.10145485
14659397.952054458
81392815.37009713
18421445.053208437
21212282.5084892
68513477.61981043
10251091.185835127
74449400.43076012
58217028.09347798
77506743.46671191
28480384.70865445
29425881.674019177
83698375.35857716
70051778.96918926
84262480.21309459
57409685.37820258
48922007.0274542
58512147.312125534
61245310.6276512
83132015.98922503
49055920.62840611
66023941.81496211
77756518.68471557
86632432.34320718
95611856.7268024
53351688.58784253
88897186.66145584
126066664.57317825
126357712.79466552
150807939.18679932
161127631.22980446
159765223.964631
122618495.34012873
174801760.00596344
173313779.62513244
172706927.3634616
216231363.66398925
210906089.78475302
253294409.29491758
275657785.3853712
278337895.2104105
266848584.5205097
291723201.6751696
253811111.68779927
322500988.2432457
307930866.4310125
330056877.646485
337678328.122138
288860738.009059
361546585.83192474
358597576.2924222
327830298.1029822
312213165.68377775
352242771.36094975
377840225.7236925
351191277.3246775
332502497.95317405
365561888.7337246
354336423.8762429
357352800.7454262
340981919.143623
341013807.41805756
331053208.15624446
308915269.32331127
288892723.16874695
317972207.81205004
321751139.58418345
304363881.8453047
286063183.99401367
292629124.5019458
319816048.0608334
312197909.0001695
269789051.8517644
274827429.9828046
279930332.75079435
245291767.60990196
258305128.08850712
245919247.73566055
254038454.16146678
199017794.0175455
250843758.8784071
214826475.84050262
231019513.75879812
218478103.57058185
224045947.88079366
224992601.91025257
166898565.3622346
261861250.27901745
197110232.5980317
199654373.6923673
236470112.9929929
178265387.77808455
179825306.91953957
188633902.28866073
187111270.304976
155166423.34989333
147569274.6368483
185123806.86407137
119136386.1211024
186338379.5735652
151440987.87461123
101954268.13652523
171777587.3110068
148965881.32842922
96743078.93903786
104918404.98052727
120780177.18197213
91660004.81256276
137570252.66155338
119519524.25355507
68142463.92546286
94577249.19248706
68260491.35095458
64710859.51695507
87190525.21247399
51698235.33567512
88143841.46450421
63326536.61612217
58766952.18010091
29312923.3816787
42858905.60565935
81157464.17064273
53385022.77842131
54379619.33102649
52490343.71785864
49849524.19753195
67450051.60705608
62192940.587962195
113867653.54188664
144559490.92940268
156435370.44764656
152581058.12025088
150353638.4274879
131198117.31379944
137307785.09239832
135475867.62249595
142993545.3483392
162703363.6796736
134757180.6968683
156194111.69472352
151483243.4051368
128657802.76488501
157178594.13550153
162491624.68833402
130566014.65021656
104318666.48109028
124526706.71398665
135097877.91292924
157255807.01425892
182748455.23873696
155241578.82078704
183125606.25382727
212178830.2449502
223952350.08177978
217968352.53658032
209017356.73540437
249992968.83785498
274083320.1771325
282719079.2030278
241487094.73877665
225352276.47520652
235951536.088641
256542675.11321658
288109165.7746391
270174568.786899
269555229.9590877
274563709.5969877
310946406.9956634
301942327.9230164
307857456.0294645
382769447.52965593
324786290.39815056
338331578.87995195
370774115.7416183
360932625.8774328
340231359.82058
313579631.2887784
348110735.96321756
374173514.7931505
318384071.01141965
339668871.62461656
363680726.1919271
320156510.3400473
327430439.05510896
352115306.11851543
367272620.4329493
293590239.8270514
305681626.10583746
277570671.8285297
276801600.1889565
287857451.14128804
259507126.9126471
268458044.82037497
284244007.0155199
235308805.07862976
236963214.34222424
225128437.99994212
220547074.7891637
200955339.97761622
192527106.27875763
186315555.50805998
146833086.80714062
170696067.23288152
137163096.59517708
173229589.22075266
125584732.84645103
154070709.6613051
116617872.22385551
102321489.47763711
108185059.04973304
118597135.24017066
75375827.56225225
73245799.91957603
73800992.5947601
87700336.42328432
120705330.56584895
87404202.48600611
85519126.3001523
39808986.96297002
82400220.77470756
55894322.81221107
78473544.06709422
25390286.6745994
93221031.08889139
47300386.94152339
24786190.057238434
57332299.55239971
32917736.266528472
45836101.793823525
1638600.6724727377
-946921.5078274012
8755680.895334147
23792585.260026768
-1858271.6759223342
39813552.64142335
44958650.78333081
16614518.225015456
34079178.85508937
35483216.66121766
-1029666.8361850893
-8598524.053799875
31573214.33407919
20510984.910370894
-9347202.120164167
26483556.77658917
-37712886.71332941
101008.30520564504
-7186158.521709052
-1574435.3414881714
-35229451.399666876
-7350524.89577837
11235597.957142087
-8613504.899190553
27664813.363162376
-43749793.08829698
-14822687.259928603
-5951171.210307205
-11135754.964019964
-39569886.14293474
-13892779.18171357
6006215.310813697
1412795.0256009456
-9615772.32012081
30077814.93959181
-15045382.695872623
-29878774.79259794
-11124948.589453598
16402690.88562131
192702.9628728861
-7276425.156765284
5225174.43695597
24029596.192128368
20544865.886707827
-27940754.24511925
52351965.17962836
23337890.990891907
-29373896.179293342
-18858217.15682134
15645361.572340429
-4040273.1839105096
45192644.7609768
19799839.004638083
21428144.168511566
-920581.5997526534
29111627.964662723
52137258.46457332
-36898904.55985744
24880636.47699436
2442527.5811312366
2367763.506001573
23587964.592759904
14878594.58330787
13727453.19207972
36998530.21105939
32533586.060842797
12580617.348010316
9059804.38708318
24490601.301380962
42339305.37930006
24325241.8785721
46765708.56904259
27806375.107173566
31226342.93174205
58240587.19107227
7736803.709966918
17929819.825258996
23751232.97835163
26446592.431689046
62272534.25948926
43409388.07349196
44605840.53139101
38614894.89004982
58184666.45369558
89532031.03138115
56820703.32891278
92717918.3059029
113294753.06346735
61395908.425590895
66833256.552352175
102978720.57648738
142188848.57168454
109096057.46117309
85283032.434858
147824163.1886927
175912994.06549415
198214905.26204556
210998106.49403134
206523733.39292812
202713800.69234118
297049897.4245405
302755007.1330229
312237052.073489
336545962.495306
377223448.0871465
476063605.6619849
461419916.90624654
594051574.5192367
610780241.3202983
650116291.919817
672674801.1910292
678836633.5173405
665052886.8478576
558751241.3096832
520329916.8631515
460017520.3055317
442057525.1074449
409466103.5535969
421225937.38725936
414914437.2224175
430385450.817378
458969203.2492539
510444124.27132076
588167049.8811878
665668581.8753574
729368364.1858538
836297709.0960474
923123185.5906646
968587803.908217
1003026987.4482496
1030364023.1136789
1020566281.9041127
974673190.6513772
919582824.6404095
918626385.9390295
956332996.792639
938200793.8334322
1046508626.8986224
1141899519.8914397
1251117783.3764348
1381950599.5078046
1528604826.6809793
1726737117.758021
1919522910.8744888
2125582378.7820578
2289332404.7406406
2459300367.61205
2562136703.020279
2575923743.3854895
2576076119.9711843
2500382112.6926317
2433748871.5559607
2331120920.181988
2180223732.2713337
2062190751.0831654
1971228795.4195228
1863119229.0652704
1763830901.7090034
1684570878.217933
1580916631.5056286
1567268434.548502
1476825846.6312876
1446386498.3458517
1456709146.2033165
1417902384.3850884
1421328813.7468014
1351026585.566627
1349073452.1773815
1351826413.5758085
1347847801.5796728
1307328766.1503592
1242921783.223369
1233034040.157907
1159889866.5848346
1133661867.483033
1071182242.5550299
1014245542.7109543
984239220.2344986
896282122.7732496
865159925.0306475
783328853.0243237
747983609.9403329
718272311.1407942
682539606.4026847
667623716.4598587
608039050.3989305
608752859.9366653
536422869.30886054
528202757.34783494
471350304.2954972
424672437.8793825
464105218.99921423
417372398.1069335
429243013.9206215
364976293.4731972
364013001.7836305
387319422.83544344
290029585.50901353
277550522.26555765
287815402.0196919
262155101.6767876
261827801.45893782
234391513.8291708
221888470.51644656
202571126.3083287
228670011.93554938
210269066.48829627
167903993.38091037
216721754.29416114
191085530.3245541
144029111.376753
145625716.273631
176573604.899437
150590863.86918515
145331926.3276637
155941355.16611126
141015634.1391552
130795300.55960311
85461806.47079591
156518199.1524028
118149147.08759356
88541025.6433093
163477611.7756254
83711470.57289639
105133822.4844347
121076668.31879729
131397382.14981885
91591594.85526896
101579616.56554212
95478572.3494573
71754570.84576665
84205014.61854881
33174398.12237169
108396471.4478383
71044464.53086549
40274287.19707889
94482996.08277243
91680334.82524835
47376844.66081961
55431567.689509004
71309670.82907796
91140323.9558334
63435143.308917046
77500506.04979466
78657285.47645268
30870409.847944826
62410026.532356724
60272255.25371562
61173373.50795743
47393466.203765914
50248186.20036547
52945202.49105249
30057296.702707514
8957187.527704656
17219817.13766637
38847353.44714054
31878177.909176596
26697332.921893746
38069943.77808815
-812015.404584635
16029694.864288663
23281741.59845551
914399.7848038748
50053104.59946016
37034504.3567864
16016274.302643806
18064200.08673442
21165203.175602473
55488985.034117
28256874.759659126
22493139.992177863
25989402.63985815
13120666.039161842
53639396.496724546
32106723.009211756
27651350.02290851
16477036.960129969
24964228.96960924
31571765.663326096
19909098.851962708
23877019.649193216
18343783.24014402
56204816.20661492
15990408.129253525
39089905.90273562
22273464.51301666
19168231.35091055
33432392.808392353
-14036036.996431382
11885708.923889607
26723504.664242037
54922284.757877275
4103306.318138778
8937592.661388448
32742496.507796157
33787129.29325552
21737087.332869656
19745368.364394344
14951156.00310491
51561044.534139544
63774468.838348776
13380750.136894975
34089181.977693394
49658933.10590493
31934773.10522688
19141093.055427432
76022798.01052707
30964796.0667982
46779040.359760344
62720225.32350986
70287958.40114939
71612545.29824321
20016001.586898755
111722333.50089096
78936996.64510469
32140839.739428073
57842941.29633625
41739401.25428701
60029488.211326644
51060832.92721822
39231444.84315579
82019685.33163702
103430785.64156166
52594172.376410656
91651382.23964056
82783699.92655872
84339524.84019491
67033259.46384108
91042470.9282941
123866665.48007965
95069200.46832734
89272426.73756772
94584956.34382665
162289224.35143846
146857274.44138896
159800398.9024745
125734618.03131655
139437230.1357049
126527282.06089075
175529675.17641634
163657020.03517917
172187487.9583002
185665712.9292675
214880889.83979106
212594835.8715512
217820162.39478558
279063565.1593254
255155120.46891814
305695470.07965356
249421328.73079658
337826495.4454287
351404999.3598058
294268743.4028405
331161262.0957025
370196500.0409278
303918026.0457487
361925359.54909295
351485097.34186983
352841238.2735815
376159144.62960505
352875498.9674611
395113411.30774474
346558003.7690827
351076607.56129813
341915553.0432165
322199469.26221913
345619323.69545305
355308692.02267957
335264441.4521689
373924945.2173012
340938921.2781263
345449415.88518274
304831178.4736909
336431946.60049367
350651793.9325082
327751343.98988885
338601144.44413674
314176166.0114351
271602366.91189206
298720942.0945938
306731305.1236355
294957843.0276849
294305611.814367
268519363.66015416
259308456.35654473
260907272.64037523
292733557.3112273
219632579.2825794
229019878.7770368
226929479.1535859
228125522.24800318
230872680.42782027
205511397.26201886
203130656.89093226
183310165.99924108
166369915.4981521
172096616.76571643
178418995.97474396
216883396.04404214
192490304.690617
167375343.9790393
140022512.51230797
201976050.1210963
197009148.6070912
142147483.76036587
156794769.8892642
142583613.39048854
157534761.53007898
133220747.12445626
122891362.12852916
137792549.0362577
163858912.81792432
107554349.62139678
115992109.9017791
122586211.0644972
132047702.47796437
62668390.03791169
128244209.73529497
123288738.43332079
94099154.57996337
127528015.80884002
66288451.98064962
117577212.57677943
99130554.0633797
121582838.4797709
108268609.86334401
119027775.60392946
124538929.83389734
74481811.65659079
89505195.01436289
101697141.59059153
86188890.261751
48608289.39503862
30261929.34292242
50640981.63269071
128212196.44828567
123108973.88907284
84650206.94294639
114736068.23149586
141928064.57938164
166537778.66684228
144236424.5265103
144943791.06545252
165927793.42022717
177184496.6284701
152294984.56956428
168295670.76803374
166509485.90203628
132551992.29603791
137170942.7025176
144371523.07058316
121195437.62919708
114683897.09472802
159517283.29412323
134984048.34552407
161151297.31883007
199076668.1241805
167508860.66635817
169212049.13657737
189368565.41179192
206519543.6585691
205967257.16557568
195548868.46331084
205059038.5095678
220298992.11306942
248397593.41310465
262384345.27981722
253658209.797171
255207464.77143094
237761635.8187039
236597144.6356916
264170946.85681167
230734470.49895334
262147856.25772375
295829269.71975416
300192526.11472476
321468807.9051408
280985613.49146354
316153221.0961316
368191757.89522177
347509705.7258536
351963847.94714195
387391580.6379443
367341512.3274594
313359903.9214681
337896772.12281144
351272591.32631445
317504018.84197223
299631465.3415284
286991317.86149615
295374548.65932584
259679186.20938396
337608152.74397486
313732335.26873916
268627179.98086977
297258631.1247752
288546927.4873712
302923470.49895155
248916796.6300447
267225433.80514827
253576259.96807882
234592708.05414048
234443753.1967154
235137495.01853073
209597199.59957683
231821978.1815716
201281164.83109394
141706078.88859
125087686.95135541
148441394.39425972
153439397.66996104
137063342.28736374
151685430.31466454
125456070.92779937
137826377.70999646
67495652.3699732
62394400.631346345
111178378.75013046
104398963.21893245
117039667.59311947
138425572.67097986
72961136.11546244
47787756.84555667
43576864.1101301
95389437.96356915
73899345.9475828
21177528.27510277
41234181.35558082
23437190.84657929
38589976.46649738
53237467.875211656
76129193.59528255
75656551.52653444
47816769.45851819
9804474.146186275
19404177.670745343
17146278.998713933
58959115.253889844
-22421580.215147372
-3761151.592772184
33209899.765281074
-575112.2278734837
21885972.837576218
15105415.82589414
-8585384.240759155
17860515.88001861
2808671.457783971
-2545427.710943559
11710765.8551238
-21089897.121021148
29589547.535378546
-19775487.97036689
50851732.886444874
10974030.459027661
-1234702.359085267
6518125.4690986
-2746431.564375557
-132781.17392773414
-6925431.369763559
13094490.93711619
-18003567.78482245
-8913663.260834906
18927948.896702036
14134128.79432318
-13669819.901279373
4424097.728193284
23098825.79249674
15508203.240681585
-30916129.430249806
24466065.850014992
-19211224.23521644
-8121460.55398022
-35222234.677397534
-3051721.5315509494
4213365.023903713
3376835.986707501
320153.54008857906
-42933203.89642531
-43171771.66813276
-17056746.678118814
21883071.9832418
-29304517.659983918
-22933771.728898216
-28520980.290653408
34664317.10097448
12016519.734940454
20869771.681618154
-15073448.450144581
4019200.282091489
-14821089.52033021
-52139199.69152601
-5022768.390736654
21743466.80980771
4335125.760631796
14928668.37956658
12834035.354082404
5101370.07557264
32385528.545462996
13135645.663400764
39437703.68406168
7421358.522945654
37013803.561062336
4393138.614062401
36155958.75088552
-10254491.071947306
-34007453.903558895
20565159.585355274
4375592.702366628
28591284.002486344
21464904.681177415
37482899.7652943
25235297.352484517
32359124.218319606
51800370.21753034
24046391.280173533
51224992.75092018
44386844.69227703
25609094.7338558
49057130.138575286
50678560.566873126
50490512.53846626
64898683.797307596
88169041.0350376
86909824.28752956
107521003.84875128
93984187.46055862
114429881.85633954
104241468.3295593
79399154.35617667
106628007.53975156
108356915.16304938
154135765.71489403
193177495.0110734
179395571.3110783
215872716.2326898
206115839.23895252
223279441.32630676
229994402.4591506
286520957.48471355
352155509.81495184
362369653.4531327
450408165.53164387
495856775.3988838
524313032.83368504
558121981.721776
648590470.8623323
648699509.4201424
675649173.0145026
663188938.8208296
570482741.4528638
491768801.55914205
431551977.88740635
395642934.99632174
357844810.3858324
396737815.5587332
382407045.4387548
397933428.34023744
428452071.7792053
488373214.83908784
551039500.0950657
590419113.31621
671843955.9427679
781117630.6913512
838412736.6391575
903123037.032794
1028382525.9087492
947181833.8336908
983624312.434073
919803779.062544
837061504.8067156
886091671.1569741
853873146.3889179
915935722.6069956
954651340.3399879
1081216373.9241452
1166858056.4978032
1355691275.9911966
1515033883.7669759
1640229773.9209118
1840878208.3428419
2044138368.3491817
2246435584.8390937
2333564706.954719
2417454011.4420557
2479466495.445921
2434220028.5108795
2414835892.189108
2300598028.2108107
2213854074.074179
2109347071.2852492
1915427045.914822
1864871933.1779447
1723295392.1969786
1673876048.969078
1567097012.5632653
1476448248.4472685
1424822962.1151574
1411794048.5908964
1408095122.7860327
1374028927.5425045
1356133833.866263
1325426144.5735126
1316898149.3750198
1274902449.8992403
1254342976.4556997
1244502496.7004867
1271154409.2033093
1210031325.3230817
1163158354.4389346
1144286457.2177215
1083211850.0389464
1043912175.4124382
1064064030.3163722
936036596.3286961
873173799.9561231
869456771.8077983
794772325.3097003
742213051.1907213
714098935.5502819
688102960.5753802
617888051.7692828
579992076.293376
509678309.3419497
509264948.0661175
497347174.96299934
471544001.3995557
447658351.4228463
382487579.1367347
393807515.8238051
346078000.7376292
330804658.10042304
316502332.6854981
270645726.2408075
289507454.9103378
300199308.3931836
279092394.7495626
217339285.4287743
223169641.58253413
201129519.5272972
196811629.62895527
204299254.1524071
202570127.0216325
189234050.00860286
207444478.97308016
183389207.99536854
151181435.48661354
143086356.3136692
173455668.6882664
147180931.0768276
110625459.07614712
145667730.69980142
111132447.38783458
116061343.98084211
83881783.38865727
129487497.38835087
82192976.6837697
95011557.07164553
130184172.94262147
93424391.60828754
93477753.8681623
52529966.905098855
80698050.77832441
111063351.49251287
82324389.63255024
75814289.79532765
77608849.7388774
60740513.23375259
70295039.1300925
101686762.85627277
96380973.89431846
60176954.69604443
58289677.36671583
60884609.282959275
45917526.93601046
-8876397.534785256
51722868.793421425
74642856.7354953
60752259.51995525
74091702.16465002
54135262.19599607
32230710.297881547
32564662.694668006
34988672.25871018
-4562146.7634249255
-16668725.159342244
36437062.27386655
58467082.23893406
67037669.02930382
30530961.45364996
32723653.83665867
33461739.20004656
-5467571.8230871
41523453.46262998
210273.24488323927
14630457.389523175
6846123.347282847
27703932.720189303
6184457.552371759
18582388.647091523
9059351.962279825
-12782265.535744764
44422342.10640161
-2941256.4860350667
46914229.52743305
23379293.562138535
-21145230.000202004
19293673.963771887
52050814.37855983
-17441595.50627946
-12117743.819800947
48344821.86856499
6750958.680963691
-1060279.1291192207
17968587.630717713
-4100008.464556737
-7240047.951822674
28075864.863683067
11180065.769917522
8785439.420150958
-17646287.926715426
-2815012.546389711
31021236.741323806
-11070542.711170351
-19975197.020346977
-15816178.480409471
-15533021.8953937
6879287.815707289
30058919.90922269
39048114.195668526
1321287.901769247
-9703984.746410413
-21194181.542771906
5879994.022027859
61092696.97056507
20378414.840354268
19160281.627369273
19018035.38820516
33505143.746389676
48401295.51174554
26572756.14964816
44370009.16058515
85736426.12073427
54920088.70466442
1928293.730169952
49843660.42012121
69862472.66514012
16372099.590108762
26039816.06135631
55743287.760799825
91658725.1263773
67529715.95541318
14000627.728457697
51075142.59701497
26481033.401310388
65809174.5475001
37819886.21947892
-8517061.49460873
62418345.4327943
87154370.35271984
56802251.744839944
19262439.267193515
62904258.74587546
73335186.34020233
67325353.03010234
101249977.65295506
85104738.45558082
86513810.99706356
89700016.7131154
93889467.5359213
108994708.23658475
118988377.7601272
114477254.95006928
103830427.35036418
134140874.86941281
116725342.53152205
141693941.3835083
146745922.76489872
179356956.08655065
173495636.32781035
182786269.11800164
237954138.40923685
236393708.61751828
271135892.4343238
225431781.2083115
244441694.6215676
267219740.76349616
262730394.55027422
301854770.2781678
276212749.0178691
286733311.6804285
294501439.3605441
331404159.20536757
325194029.73458207
293642637.24904764
346031200.8360545
334794614.5005318
327586674.13980263
306038132.47305346
331796804.77993846
341084034.41433513
339355392.9343294
345959488.9000621
327961676.8963518
325351759.2873976
330725832.2316414
308923967.2256262
306174354.0884225
293874611.59373033
304604130.76583385
304306628.2445556
268435176.62696722
314781532.08484864
277558112.59255546
285978073.37883383
293610239.44879234
280310557.6358245
248085282.25751302
251562241.33252195
238766394.877435
258276125.3100074
251344663.190494
205407831.4908718
271339519.03184795
280725615.67365676
237904313.18897018
216050262.7981903
235186757.00744134
190636640.58008996
213875282.0629414
210964187.21510515
174730636.52190793
182926377.3429104
184174665.2558306
194430168.2334178
175696566.50305083
166585382.61662248
181568621.7569149
186713271.2459096
164761284.75803298
162392746.26564226
136217117.4725057
136211139.41064912
155104382.4601399
108429553.9017896
130260809.95715609
124137458.05766192
126297961.05704413
102108227.8371434
98771252.46857107
105287140.75445823
63460403.59957061
125179948.99205248
96637385.3755649
93906167.1368428
106118453.2224854
76242237.31795116
22085767.542860113
42858053.90310018
67434790.07649957
64061713.69011525
71249743.8525494
32887064.626799904
44709643.051522166
40764452.99514715
59403771.944506265
44062834.56968645
43645450.69558379
65249961.592778444
80872691.25481169
51209742.59441289
33950659.33856306
91371063.98181534
104802809.0337593
118893027.9076751
127431560.36224452
117147710.12499912
110979275.29777513
140290560.7022999
140977314.17789853
119483935.35257891
161090608.8672561
127453871.52399416
148817114.6385322
150497319.74343717
104098667.48027664
128370432.65923488
128783288.61227408
120574301.69752647
114437784.21956085
136367756.96442991
100338592.22112563
148872710.57348278
139036579.64524525
150957600.11598533
201918905.3760032
176383243.10232016
189899274.2990275
148391936.69119596
231643835.20321336
232221861.83269277
213610326.33330944
190828411.391472
225943494.99171758
284604109.44260335
224464976.3748026
268983341.95113254
245965969.4936841
268062951.3341465
265133746.19879168
244280684.08432296
242720817.2539356
271564512.8647213
294026859.57994753
305874054.16551644
327431944.3181212
317745739.82796407
341598113.95142484
341109366.1601015
306760334.47631294
294862294.4606812
333923746.5765931
344342256.0017644
342903538.39721936
354727743.28474396
336351428.2525673
285540299.3985345
279166663.1674036
293990539.9092768
290859610.37835544
293147645.3512106
275021327.43815184
246080249.6718055
266777239.04973024
248100664.17977926
262369382.56633508
228483487.4919884
220504436.996709
232515291.10543722
232784022.64613914
243670638.4054112
196364355.6118254
159090132.45196885
187191438.28472316
165619279.59724316
168250728.90243676
160424681.76530653
115276345.60413894
180080750.07692695
113305523.72535376
124251963.02277362
83977911.37010965
83384996.74706838
67531507.56047526
78974828.06825645
86336034.93417543
43112320.853810765
43442272.94205128
61130368.001229405
101694904.90837474
56914642.75680689
56678607.487616725
38923384.329155065
85201439.90557592
66598556.44865848
60460572.154149204
28008761.561358288
19518384.964910045
35634203.764424406
15576276.728809427
18891526.973533716
29097365.769599564
21196232.359402843
64452181.84911652
36537211.58099661
-2802583.644255545
34763761.80635227
8525507.008562047
22204547.23170454
46225582.234920435
48812970.53297976
5070636.818994116
13526453.296175918
3423379.8118320955
-10181069.970250927
3682058.6325699165
18946292.710237738
10477205.851297885
-6823517.050498802
4919815.799517557
13088630.17633333
-22247462.8466405
-13176840.01844974
-1332202.5355883054
-28626634.271646276
-4402654.44715149
2805334.677101638
-25891477.171267383
-23880047.262506943
-15596610.055886913
34854254.794022195
5920204.31104929
2560176.922530398
8615854.748930542
-33868551.57035145
55583642.813055314
-19411896.709223405
-24156379.818096537
-33465597.604760535
19726824.063838527
57433761.64531779
-43747093.48423928
4499948.450127672
-2782538.518118808
-16616540.544199184
8112674.471753361
14575772.053234506
-11418650.86664011
126898.90701532923
-9782858.743569091
-11510891.60696831
-4327298.96589819
1769117.8848825395
-16917691.42626629
-10216874.114793818
11840217.203062963
-1112508.3936954886
19769692.62570348
16484614.159306131
39046737.21911631
4480551.881701618
2380307.065559634
-24211401.06228093
-9236935.34550312
51272532.214503616
19038002.21331976
-8777840.025252402
-17774216.083640277
13348446.027389402
19798846.809048552
26153850.232392248
16960655.01290065
25661813.38963914
25929557.05827896
37030822.60154328
22425496.928481255
40568966.10088896
16033311.656535577
-313853.4488393497
41057259.87578913
2829227.4609152265
32274991.185053375
22981428.098947007
28994049.115979105
59405108.55032776
41249016.26578431
54459171.17793271
34445646.91461778
31713997.859409675
77526202.99430239
46859223.59791756
54518360.93039959
112527931.28882745
113108720.2839357
54274631.64359601
102026680.81373118
139322927.7519084
119927569.51481648
153988853.53534946
149612602.6524508
193960707.72056562
196741132.36534122
207202638.2319173
260385205.5065385
236111517.93987173
269183936.7528862
328117978.63581634
377606931.4634205
435246711.73723066
456496344.82048726
546671576.0325729
588657407.4936421
627288068.1062739
681270777.8673478
639243368.262835
590947100.603156
552660873.5182332
477406167.62117654
420960945.64235955
400832975.6071173
364914698.8690208
341365305.63620317
350806344.6853365
383691935.29190344
433142467.4876197
456208991.35896444
502962563.9042948
602002265.5542789
651511125.5111294
713890933.8034229
832911497.0778043
908594878.89514
893619614.2369958
902157644.8671815
925576890.1328931
884956772.7564687
830421072.0514828
829514057.7315674
852505856.394155
877724110.3489223
935619473.4650714
1023902915.7456648
1138493198.1392097
1263704497.1503434
1360155448.278386
1546131478.1635885
1780948197.7216196
1988263922.0676231
2145093166.560432
2235608849.3327894
2349806919.4059324
2364252435.917739
2330105407.71491
2289375044.468602
2190461604.46659
2111235239.5003285
1996484078.3562782
1892765105.0656905
1786776140.5224524
1691915725.355517
1626316552.2473202
1506366989.373021
1494662756.8419237
1463646602.1072664
1393888475.2183352
1357083401.623713
1316481433.6361756
1278013981.8269777
1267416676.4204113
1246992657.7955666
1264530773.729195
1224694366.9509745
1233304182.91254
1238135465.8229446
1162701991.9157255
1121084686.8083549
1032292975.5552748
1045873968.5032679
978629393.3939735
944071850.6576309
908650715.1394728
893390667.9905646
821948770.7580816
782083138.4486959
749817687.6004659
682798829.4288839
614288379.3390908
544873381.233335
568918533.0293374
567615521.4200574
501275498.14460737
405470126.9867134
455941927.0041172
401245620.79725766
393941499.8821087
365183753.2499378
358320354.57569104
318918171.1006109
290590376.7209601
303773356.1737828
252324166.6869524
273593984.4258146
281689323.13695097
261089298.18475
200265716.22634315
242369460.5109598
226978816.72837162
190763517.9775783
190978037.9915987
141505843.81100976
166120860.38584334
176279763.042137
170450377.42133394
155990238.16756502
90507167.19113132
154429946.32537302
103150793.31731144
80569510.77577356
134204882.7208147
135238857.9063155
154337001.39126956
94560268.90532583
98732192.95715387
75345566.09711465
70764982.16825472
98508624.66583593
87606452.29835537
58520385.40256955
52616804.21768553
92846940.59277892
75942192.36703768
73082954.75936154
65563046.78997259
47225739.73089298
47810656.97151194
53792611.80991038
57872826.5522673
75421868.67274825
65946702.48700172
48290105.29483747
67889663.44940752
25400906.81669318
21978453.246040132
58798743.99328031
46552458.2817122
2441597.476046661
28887533.050185557
35698626.64549248
63014261.521197945
61007771.41101627
36051666.11411438
43364567.040052205
15907896.850249633
28687300.11695183
39057381.53942266
43093112.724285536
40389290.97936758
28398225.77017762
22735220.609667785
61726482.397098534
32005989.165397912
59999263.80427952
37526915.85842718
-3628333.6868911088
25290351.998957217
35190195.74183951
52556388.78983277
37724791.071697205
36957997.75299521
-1628614.9516732953
18240229.367368348
11273280.942434363
54705006.80200707
53148905.108793944
-4619234.471121055
38176274.3083162
-23590723.602787085
8967105.893427907
31115789.099324644
-14383179.142902063
-22480870.31881977
3795425.4813673114
6839894.2822114285
4268171.431684256
22339215.271581475
10660573.210159227
54891396.32885077
36666664.09873159
41948113.98091523
20047726.57906707
36164680.72624076
10762130.993208187
14309032.155556692
20972253.125536032
-19563630.532938756
-13617814.245921826
28223565.43869403
55119055.675269626
12262371.841180008
38025219.65152541
8424531.45922111
39558337.0903544
19358812.669107266
-6447035.229719432
16756812.313779868
11797722.233026316
13138403.030724943
38611082.14005676
31830390.253357165
31522051.9016425
42282033.0288241
41828421.37425222
72427655.80333088
56755235.34910075
37523501.67715712
54679885.78633204
48167771.48771891
28679653.65309857
48146860.982392356
55124125.41316712
53033247.78656799
15823835.941352617
46400176.268386364
44507886.51280857
47127545.32978365
24377798.682977602
50216486.04577312
113032798.6941131
78116998.09186456
70218150.27683862
73794380.29571761
80590704.38057181
73650437.75064482
104752225.96652763
61450745.116977215
71337304.68747762
126038251.83743617
99328470.36125737
108281664.44148289
119922493.09825289
135100950.3062111
133509718.80873497
157930567.98986393
165108245.49533454
166449986.86886197
185355325.62913072
184903410.99678528
203719697.77561456
187911232.5130317
232508472.220522
270044056.0053862
282529728.29539233
297122842.7519011
287200340.93681836
291185327.109794
290072585.61403185
302670163.09964436
290525030.063413
276535178.65407974
295992611.2001814
287005983.56684875
277153110.2527102
285409887.5709109
310410893.5001987
316608290.5034945
306264612.0935565
306735875.6851835
345159165.60109633
321443759.09796447
280665046.6896346
340687192.45441645
306976953.4834456
284616657.53516257
314716354.9701552
324665798.7586618
303276516.2799286
304417910.31354976
292707958.5977074
283307807.35972804
284337041.7617698
285327884.4233357
259926289.11158395
244049615.38321263
259421499.31944674
286446429.2266145
270868399.425979
239519492.7172849
266184104.45388946
229666434.5285942
205957177.04031333
177923244.45042986
236737081.17737398
234716257.87442654
207725899.09959355
214939917.43153465
217984206.9050332
235159171.12754655
191730089.0307138
165408035.13909557
209818002.72001478
175274119.21046
157895815.48639274
168015525.20497978
125947500.57741944
122341132.63016869
137504783.9553212
126942820.6500685
112860972.26699363
150634507.3575204
140307362.38814178
161232146.60276607
93147444.81564388
110988463.90632649
143340313.10813454
132988101.51407662
82388731.62961349
83699361.516717
128983852.60385531
82690255.33081588
81123745.57513568
78204476.60046916
79479175.72084594
91995060.03363837
82580263.18629065
47128533.381144
107573185.29055873
107691011.8588942
76883148.27608904
78875290.87341349
68606975.52417907
56191011.13563308
84226996.35515073
56152038.86166344
33124990.138049603
54475410.580040336
73966896.00351362
78641841.76802497
64329338.790642604
87162296.81854494
139542684.58076918
127652348.68262267
152260530.27342036
153289060.07486624
151614670.26389638
170535872.9739044
151627944.28055245
157636042.74423933
159980269.7847987
210653415.60001966
129872489.23273514
137587056.8496663
116275361.14478235
149794004.21625954
157942174.27980697
116049745.53035513
126305584.36718109
154631336.5253234
176626809.99416432
144049817.43775606
169428318.24670988
134210750.78595608
160040349.33910564
190501308.22118452
175543553.0340536
177581066.00234368
219365675.59421155
203374845.7346877
231711724.66528076
238803181.51114696
207789014.22488293
224981936.41467655
238683877.24732107
238310685.8381374
231244525.97537827
280629966.3350532
286104004.5307089
264867201.2380917
269656428.00391626
283978111.40535533
281759349.7333484
313104454.61591136
286407210.02187777
307645095.52524126
311654977.24868304
346294717.41629887
394209337.245953
374521840.1562681
344139571.2977172
358412415.5684372
345498273.98265314
302708644.2710357
352005489.77873355
316865478.7852969
320900517.40956974
276114030.98375523
265013050.5013272
306658340.55482084
283505920.35916424
252685838.79995683
284025114.9505965
272151138.8690257
281467293.291215
296338369.5397778
236495923.42087302
249817945.70971417
207412679.37348083
205359275.01500854
207344698.33560368
206519202.941182
185924456.76088032
164731928.95055398
168873609.91070276
146585432.4946482
154172200.10911152
159948456.76034147
146609261.9201667
124201598.82179154
124885257.24974206
119694253.06607439
96943233.20961887
105555732.141959
122729307.106928
97647581.22984394
109345898.65812236
87680148.4787912
81107396.20390807
100110530.3485811
80611127.03928274
88878447.9581328
50340231.116585165
20607778.107563816
99552728.47767252
103608114.82963744
36839440.90043797
7250706.708827712
26049833.8570631
87302362.6176914
26521173.139072657
18304538.391849224
24232539.40233209
36038567.948797345
32724704.751154207
39542651.86294311
32121024.745703273
27966239.76597081
54899965.66359103
-11502901.46413481
1160394.3237157203
-984679.6473578513
38944000.610415995
32806212.006950237
35083568.27339567
10976566.321817778
-27962584.83076202
-12101109.769555211
1712040.1352219544
23297998.814402416
34417974.13500856
52162209.31853832
5279041.013034061
1065816.6932030204
23332837.730808504
7057313.153599689
-4585046.568398342
525132.8143348135
30683628.626861475
3477842.0853296965
8213578.297491068
31740943.185283896
13926146.27188394
69731902.03374988
-20238869.43410865
295064.8356871046
38992809.011133894
9015492.311803197
25678099.39767125
-8784665.797142724
-39801672.17533408
-24044337.07941721
21354349.071435757
-4168501.777104333
36221872.40826862
34442813.44463016
34866703.96253043
372995.93901478685
-18046462.07047804
24044472.29145196
-9993684.234364493
40560259.19190514
4438036.353699923
-25377527.121191245
44885856.10788377
27351095.315448485
24957701.821020268
14388118.01094086
30644042.07915041
29561769.682709396
29729255.806614637
41373782.51793802
2956593.655630946
7354279.856185768
47737416.45863126
20940984.65606021
21400708.727615416
46237203.463712685
2283256.8978777863
16873944.670622095
50964020.61234787
-2261728.239101302
24988476.244724795
13994625.762963083
13052702.388245784
79320855.5600067
25716781.7212633
56583008.59853554
69138834.92476144
61806370.19883588
67896682.5194678
91991562.46365425
66707809.62776647
45094298.457110144
32815674.23295511
88706758.26193231
74406594.7648828
37993545.145230666
100046143.34289224
96692583.11178434
108937232.65561251
62117783.93418555
90257083.00835249
141556694.02585685
102120546.80610621
82694328.61696276
137938706.16135278
177196475.10652116
188947389.3348276
139191358.77049333
207667303.94178528
233074717.176174
222336757.5096535
236733066.2469013
338348105.85360867
369105705.29896885
299489583.7846167
414459785.43160087
485336423.67216134
587080462.9077965
597370680.0814897
617718973.159634
651476288.0752039
613938502.417262
614820356.9211919
545645381.3633561
457525308.57543087
438391405.1885772
384386008.1367421
374521941.49873424
370833087.90356374
370880828.7494868
411854913.04478836
407290241.40488
483890290.8819385
552074273.5310295
568297171.8835906
635682425.5154386
713000551.9295557
792124168.0772853
872324342.9242198
933346068.3526381
922772578.4683107
894924981.8238486
826625366.8067478
827890610.6852546
857416145.4224708
804581610.9763381
873798025.6572642
903365766.1488883
959060339.6746027
1066786634.7201493
1213307002.5259101
1359816543.637557
1519610777.8354807
1724318513.287002
1864678875.3821318
2064047571.6245792
2171135602.0067406
2226406574.048256
2299629340.027026
2262927334.9002104
2244030861.845822
2158585961.442449
2049280219.0035028
1945336334.550024
1830959453.041254
1737416826.0999587
1627888236.1340342
1544683049.1491413
1507021732.896872
1471198440.9128075
1376304138.8054042
1367094224.8683877
1343802988.5910594
1301076224.1946867
1299714418.1821754
1252862324.9477673
1243868530.9056382
1217671353.7194939
1172095705.8840423
1170449246.0215445
1109804044.2385216
1132974757.0177805
1124595333.3661392
1075314490.763424
1079475900.1406033
1022680237.9093821
938107517.073353
886804581.6372234
804915847.8619106
793254814.0773016
772471903.0933726
685795216.7690796
658357969.0894241
655613797.3633419
600057049.922909
545489676.6411
510511352.17819375
475377137.21273047
507375862.50425065
426293213.61700314
457785851.84101856
388151059.0218814
384320374.87293386
381848052.8758891
365977863.3642193
337645455.9803132
297373400.5002768
298015652.83264935
235929233.21606633
271541005.8019434
243777377.06512415
238093603.65770674
212032415.9339656
224048330.18813264
197355321.86893567
191942532.32898864
137636841.28304476
181376982.09191144
168889651.2262775
161347774.81338367
178863369.09098986
149826732.03308386
136657196.94676417
151411790.0239119
147168339.66969022
96283267.95963357
170658586.64759645
122326902.97394595
121763088.71489477
154417203.33114892
112370374.9443186
103583491.70845634
102147315.56370455
134013665.49806419
111863422.60303131
100933669.7051984
104728446.07398409
65144897.366276175
121339612.53168339
73870517.70524618
65124597.701242514
88852432.01495968
128924115.77541237
68686511.61973
68852908.73212394
78443059.06001393
63995474.95361733
84702180.2450158
48426017.01465975
79118885.91628814
62369654.67815123
50373811.955295525
48881807.33658804
64483750.7054193
24486840.21594107
61112836.69108479
73923098.10481593
45598097.1722785
72482069.9070648
58757320.33954576
53986675.78478475
68348881.92000297
-15220419.41916444
53318768.176673494
57268987.00176189
38863429.24153487
37608877.38105966
37604232.21828672
17135088.157872647
62485406.23084618
56897243.84308989
8221444.545621136
58264844.35678105
1231518.6717480775
34933197.258034855
10952780.526526231
58593922.772974804
20034328.269862853
49740678.69483722
-1767421.1521000545
2478222.631732762
30203345.046314187
24175797.816596903
33442808.307417423
23774210.42990182
33329185.124227114
-35652684.621441886
47906313.94155365
30267469.645646174
30770494.8158217
19165372.44811058
26191676.198705275
54402142.1386074
19139127.665997423
39076196.8229049
20449980.31904745
40084540.08734198
31258308.48060303
-14096056.41836704
12448173.318824247
58941033.32363765
65905648.4072267
8028729.869768808
34423454.225412026
-17206462.574810646
3900298.7087566247
195407.16932520084
23814968.296248503
45802017.08141369
20879989.353546884
46027148.86594382
50183293.91278645
84476010.16953899
36951083.930318296
42861993.12031096
17412849.786213633
14893001.099890094
36597257.9591966
70610282.51844856
91890394.19085951
64700162.43497344
52818772.624491826
90654327.11274967
62237072.44067788
20213807.43120962
43395007.52098685
60464179.97569531
39937586.36033652
61319356.94515549
76831097.49946341
58961968.595332235
75555859.82397205
91729878.1641621
82541897.53684603
73297551.4887849
72329759.12413776
74511419.90829849
87336067.90711173
126416884.39812332
122375264.98071468
108168535.77566138
131594930.14254443
116759815.28346087
114642248.95711191
111442332.98962839
118773578.08127388
114073540.56102213
144224007.59446824
146267037.75481138
179673973.33309478
131994700.72276762
151445573.8506913
192733046.02942622
225364162.39364383
264321622.2877445
221882795.49180806
197898758.4251939
228762485.81526798
238307726.64455438
257606785.2322961
296871855.68592864
283582997.1414682
292152245.91659814
266484101.57538402
316830868.40941286
292933771.8675394
300426740.9014898
294555453.4759556
335543747.77558434
340353662.87575746
333508991.34344107
339077932.4309866
306652569.67593354
319232031.38796973
341801806.40874624
330996069.1743685
322536401.2848944
316615016.7227012
333636045.61888546
336063151.7523211
292117080.3037982
303468779.8090501
312963124.4983832
337817980.31169367
279007949.46754533
296883005.6936472
237548635.07881278
268013090.47126964
289385549.70333487
261519419.15930563
310037833.6283303
286553229.92846215
247602155.73921946
285079470.1284916
262664607.84230384
241464420.29229313
279372088.517926
241326445.89903444
237240763.9919908
211738867.58620733
237674669.3345197
219943306.44069168
202934651.55204356
205527664.82467702
199799207.59222734
201514634.65095192
180186325.21320677
206665973.35211346
215770785.54954046
154255838.95813352
183148400.33860615
174317793.40624654
141994412.60839757
166228459.3189894
158607376.70583653
177857039.9188574
147105431.11071515
127510743.2050635
119534724.26359202
101886418.15667984
150058349.67948896
100726508.71311013
120237005.67508161
114827104.2848389
84781402.2847203
109865119.18232545
125155683.11794443
109081274.77413054
80147990.91584745
90362988.35623638
77422569.03927961
120960922.81236751
40850682.1708018
92826968.98834671
102802628.32177523
74979847.46754268
72799439.12167351
67796221.09448314
105933278.33269326
82850252.45053606
105164971.86876588
98427233.075534
8522577.622097448
40840826.32757424
102680473.52633424
76412178.98723823
139225924.72071856
117117105.68385324
78299904.60674454
56767172.838177875
112027798.73007236
109943066.46871
119717730.66756217
134878579.50931987
98043216.07286364
124503186.8365485
126876795.0693965
76122726.20078956
123976625.34228694
104714207.26633586
68816280.65016088
121448350.40252995
82617699.1866019
79044605.44488396
97471285.60482794
114879150.83608061
141569104.3091834
186216629.9629472
168965357.10056987
148584829.45483395
171893384.5079917
174397642.21972048
197857269.36042592
208414823.01733452
178082475.46114308
198700198.72300804
252091993.8615392
232401554.87303215
195314484.77121848
193935072.62839738
190070679.1340843
235726967.61521727
219667087.8929759
231503559.5620679
229856423.60245913
249101054.76800206
302462911.29907435
243160088.41988143
300524753.57041407
283491992.4212527
307377441.0928058
313262772.55162853
291932578.8076139
296004489.98549944
327455085.9422541
275860127.21927345
299783603.46158326
325292830.7206389
243594660.06050515
312324171.5269586
258816260.2070105
256318901.49744573
238244772.35089582
280156660.86278987
278332854.5942226
267623524.43923527
260327896.66867113
225880561.38552824
211332576.39833674
167860033.4268456
219066155.54918844
219313962.83363518
220779062.8573308
195505664.97810674
191290700.68214864
168693141.4713429
173925650.9626167
178230032.27718243
117938670.28921248
105143526.38813448
118349557.22256097
156769430.87975895
140770019.18320414
113303413.81362484
119353433.97558458
86905464.46572313
122795063.28341345
69433800.13110042
50382991.1449989
81019388.79620552
51160929.41271941
105555583.8316808
24484773.637122333
83534777.80880062
75969933.88202794
17274012.19486547
29732998.8108885
1753345.9032072201
26490869.26621884
-19036632.308239166
9816247.092359923
-10551509.018821869
34341623.26326825
30702909.678449444
9629476.145634634
15065595.917048994
20115345.430481687
18067546.037084308
23640327.288431756
1448370.1297817035
-37977275.938273884
22918752.9515731
5962685.7860931605
40200752.70304069
16253064.466191342
42145434.48327677
7552394.070838138
-37077008.54330891
-5860169.897291701
-7300198.234804764
-1958213.4683120316
-21134990.27786476
-30908928.15919425
-30696171.13585971
9614369.626919268
-19675198.14667748
-12348195.836245976
-9754788.034961617
-11832902.992893975
23926718.242857933
-26972954.844264176
-29883280.208457045
-19490227.304421425
2348853.513089791
-7286946.250350996
-10444044.276823193
1605637.5638654344
-49666337.43518108
12480103.871097013
-25858221.699948106
-40157480.2009245
-10676335.296271432
-15818780.925934836
-47488013.80183211
-58628046.59126929
-29637049.387253862
-25407363.74049943
11039786.630583113
-20154292.716762178
-26533662.353257705
-26602545.92522589
-26078583.53936417
-39288402.089647874
-7764566.557440242
10888692.466023661
-38952484.928617276
-9632053.56285153
-12615491.616497781
-21244928.89257438
-13661309.67888452
-29878835.000221916
-2481671.3282392584
1446493.9973027692
-9184691.104303375
-6190085.995410098
12128491.933722444
-15990054.357899379
-7301393.398169711
-2622083.0013290523
7117628.5870041065
-10679648.843677651
-330177.3647567872
10581121.345534172
-27821430.930894796
11458413.770939548
4335575.179759191
-4101452.7802543477
18826905.31041167
20388933.266829584
51478509.17030577
29661084.601084087
-34308188.576428205
66039905.69414938
19487376.032066744
8723283.181296458
2311957.216211047
31167127.554784473
70212267.18079138
52439389.39616156
28457456.509342037
9208282.660689078
94543040.22169667
13765383.912829228
10128699.380938984
9038800.32353472
55312612.56966742
95389588.75443095
67517796.31768954
112687130.74044614
123765688.21681345
110997967.76827472
132820031.37387356
154581072.72592634
181355140.0035642
169752420.46258613
188721666.33799052
194469840.19301185
224623692.4847187
252230479.55632475
267991524.3430671
309741636.5385569
347401651.90704525
455234214.57444215
497961618.6434454
554234808.6247206
596331658.8922833
624678274.382935
632563921.4693825
573027209.7072785
494627366.2405338
484974067.3934828
355412115.97537434
293978266.14763415
311315637.1077907
329031040.07182074
352518604.58770907
347522639.10249144
393681340.415228
400141663.3506474
490924357.69227946
540247882.8583184
603145118.1911727
685911920.3891711
725562177.1954026
750818932.9863513
831717154.4000783
865081155.5348167
801194761.7738177
800257709.5765946
765299151.4095433
775992057.9494729
806769256.435852
773332617.7994438
859229761.3001833
920709658.2938089
1034384820.9597038
1165368654.6665344
1281301333.340103
1462066016.2221878
1607679228.0500088
1826973914.5295153
1958485084.0005655
2090519896.7380419
2184349438.1883173
2192137276.365867
2170160121.803861
2100626167.1148806
2056820473.3714285
1948001409.0431352
1832238364.459373
1749054759.8485737
1647056089.535725
1560777522.355871
1493029334.9032447
1392171805.319106
1368498577.9383821
1314491490.6577642
1280302909.106493
1272567657.7048311
1211351558.6624613
1220828059.753055
1184494206.8127
1170821375.2752585
1174940324.007227
1132153967.1907222
1079889082.2643657
1123438058.0903864
1100148546.2470179
1057221199.2721314
1044783333.244914
930062324.3305414
907010390.7573968
917302632.9256412
855822729.6318126
800895892.1789392
769199938.7000206
720003026.1481153
687436319.87762
640959549.7932822
550381584.482959
546890382.38447
537835119.1241751
489905013.59549594
462968707.2482356
383631658.78954256
428973490.53976274
372024527.9090312
366317600.66133934
358711243.68132967
275363745.8797727
287744035.57754976
292921155.0956749
285954087.9883793
251610474.74276465
235073540.06288975
228702620.7216439
236796427.25937974
168012808.51461273
194895974.58522642
181104286.5339182
140081424.64224896
117144095.90583919
178097745.6248085
159441277.86331114
131049821.54049346
111114402.0587675
98201662.63768297
153043771.41014802
103003361.44859773
97841212.23610866
93146515.27097705
131321487.94905114
86271045.34922376
69435714.05236617
45227405.09786937
67703993.28100778
62437409.030570775
72381256.55104297
59021103.936566636
44232132.98319584
73770588.17633894
38027136.7213618
95455802.54967916
53995314.68843748
54726367.23979856
57687090.1368115
66214962.57965812
52701101.68319369
29474435.734664746
71351969.59698877
53714509.34777632
33469927.507852674
41135698.18640845
32407967.09724965
43678284.89887643
42658804.3869615
21303049.97728369
55019650.255558416
31750700.856896073
10167003.45423411
-17073407.523255046
24019723.676016856
46080027.13289174
24596560.340888657
18458385.244306277
14545476.287939327
41442170.08925449
47738379.34666965
986021.9104123674
-29979057.34104335
63803745.44364219
12579421.291824779
21907458.51329936
13765845.623611692
10669613.200810548
12892124.437170267
13431372.24253569
60105355.55446408
9650637.107591324
32652629.176914304
2178948.2867607363
51034327.93561346
-8574152.560728379
4591737.1045363415
2734057.1421346115
-15195267.239942592
58966345.35599457
-8555466.434868611
-13170236.26806293
14392855.61116676
19662792.1266766
-10921854.862355199
46559297.96684672
4986111.334829317
-9300935.714028422
-14827533.70344686
-17970843.89489539
-32856999.011020053
-52413733.8211068
29589209.642922033
-15242244.726761717
-5346353.88471432
-24733693.831279613
16899951.077819437
28267593.42658552
1767351.029061526
10975743.692089278
11350618.830399103
-760964.6008899733
-24349501.002081238
37002249.5259615
11875903.517479597
-6201594.853585899
-5338363.745737867
19541655.90732787
23098892.80535498
12685215.177550115
-33399991.59410096
-34922150.086043194
44969790.092985146
27536197.92918076
45433251.86740028
72694739.91198102
27867963.94614753
36649862.15414624
53806206.55322158
45449543.13681816
45502634.852312595
41040861.89826058
46305226.810382746
48434167.56661139
21599409.07182854
32235842.692378152
34328082.27204849
6959581.298503457
32976024.55404398
24391986.05956173
39283032.50523353
46588534.80175334
50077627.73723868
51040825.61961136
68318090.92470159
57324230.51518274
37718933.12892915
51945320.26425285
81615862.1215158
85637370.95723434
93309057.37320067
98133725.99776272
82707873.83263654
109920947.79821396
109400229.65311444
129580120.15077299
81486277.12930629
121564251.79895976
139039638.9993537
137558164.64034796
154210379.0199696
99386853.86395484
130509611.64498886
186744906.7851541
219668375.06513345
232773397.75010294
237493224.02474338
220273454.43374005
228380906.17219388
230371052.21640697
263497429.9007987
279973732.677166
241778841.16543335
280053474.3379967
292998753.23387253
254836976.71940514
284067030.0892959
304846410.2614553
278512430.9444535
291767637.2146749
276156677.303605
336623559.5899656
346375996.34100026
307534594.7235043
345845629.16763026
296567485.3704051
289654330.55185413
289848916.29595613
320099059.7226244
287466728.8741403
278720268.5247184
307254991.27432734
291989232.4004486
277231922.7367947
274706223.90161395
255308056.1936422
255653735.0118667
259998931.1492936
232816500.94096082
237875108.91700897
222763428.68826857
253258664.79815096
215655517.2385302
242982123.44960207
234552498.3292472
224434475.83475688
209487350.04537666
195568976.34741744
239956345.07429844
213179652.97898072
181820303.42419797
175656281.53196725
180548075.12570295
175265741.17456993
146164276.62443718
172190892.8536395
196977125.22591394
170524342.1210651
144639979.17637888
91944712.5416905
113885382.16446738
113563303.33259821
155148856.64221495
161279042.7663891
116717251.3937023
101117186.21872076
110021060.92823654
94740812.8472796
72256217.348884
81214929.99403132
107093177.05075413
70897056.32904197
79028506.21222721
88007266.70807423
72675006.28494981
107214495.61943552
59930550.40973118
51775669.21806404
62929607.6244863
87726461.65198793
46607464.08471884
50792577.80010597
68647139.42672631
57621806.90888002
39660745.28236971
36423964.354656085
36457560.26768084
31454603.906669743
44102796.046698965
12368485.155457204
26514242.092942055
85497045.01782453
64767288.001856014
11024818.308196861
136377571.25936478
153045238.37388274
134372114.97416592
139157664.5307034
118669683.31699371
148150045.23911047
181653014.31752133
173368916.01184598
173777078.0701245
140989508.71368283
153448102.41699135
124141158.14512731
176015642.61280125
187235393.96337405
143418322.96625277
180822435.8219902
97409370.87584585
154200478.29392472
134509114.2471627
141211532.59020135
182127499.5352732
166681934.38593385
140933564.35034093
175936295.0121525
192271455.5246687
205903787.1102881
192334398.4693951
224974260.72988158
218954693.07531163
192869503.6066022
204552953.1867123
204093201.45895553
213982980.3061
215321055.85863125
279268583.2452332
187647346.09880856
256492100.12109172
282088504.6346588
243588467.58516598
282579800.72430617
275363414.2727257
267274961.0576809
319494276.2712911
305562542.6596825
312632343.3931146
317280729.669964
349280118.1299771
343227053.2869018
321429742.9337951
343231205.6758631
322427877.5480929
354160194.0295305
296093448.79237485
350387051.7904488
320387288.67862093
333298178.6904127
327925879.90890485
295772740.37931114
320414825.58628166
267282130.8734815
287357159.14627683
279311722.97091746
251758668.60496002
261607720.91049922
258343513.95036584
252863955.1937962
251194192.69263515
225963258.94480824
233663056.9811543
233071393.45162094
212299508.46511957
192240266.8966137
217570558.93880898
188637176.20220488
176815153.1658971
197865647.81843644
114704032.23775725
163679141.86256734
149710012.80116808
130537895.70112821
106366088.3949618
107587971.28273146
136898248.765917
94657718.70338677
137816611.34503797
104530345.99871077
119939431.64019306
104567335.21111597
94019320.43086945
47592622.177667
102855508.53542842
98740466.05306742
54836333.08544463
71874499.26386105
26649435.796232156
55865441.929961495
54072116.152833864
40953186.762096606
69440267.94718124
69124236.44712166
56325074.58938218
51565457.37273632
6648045.92589169
58801239.92121407
43464768.93761584
27010825.329081476
28126946.753263824
68056054.7650789
63674803.330388814
64043023.55956187
32764246.236259915
21402570.058581494
19836629.95873332
-18873029.70827856
25092566.18466837
10829719.502872301
44639223.6193787
38615054.78973164
-18240718.30111287
-17924387.880806573
21080238.104925007
49586819.007300526
51284225.01656723
32468157.7046573
12695393.824164461
17682839.82405981
54575982.628554605
38536273.31307574
25937478.520563245
3321089.182548844
35044255.812691614
29667842.45591663
43227905.67957567
17868348.266089145
8092229.4370845035
26689321.341496885
13686012.147204053
8257086.931998728
2044562.2347167097
8113120.437920924
-10614122.90797026
28167386.313705295
12396756.668638375
50561217.22519738
29468458.963566795
50091066.68355276
29007787.43394891
-12752125.346566249
-8174864.258018864
13107619.587957688
20240628.011332527
51409913.74409161
29710605.206529655
30509305.507003404
60149601.384566486
-6999561.205148617
50220048.08281897
22743203.47173797
35943431.37225188
40460882.909890294
30306574.11918011
22585387.273731004
12594025.403374212
21251615.42430135
18736844.312142543
55636527.35261236
43881436.27398771
30965436.136823475
55224637.06528182
46614851.064032674
37007386.77159253
48884624.07804662
32270130.905104853
82146313.75935087
58077048.74528386
59545848.23122753
74155905.48428583
38047490.25678744
68277038.34956516
13592464.380903274
65303830.77671541
72324617.33331142
66270193.516303234
48807336.98960524
47526333.45755972
123979067.64567895
78918869.27994788
101420508.26427886
88158905.25856684
105850426.27233717
125430042.82262795
107900874.41375269
134793442.47759882
142900427.8374969
111599928.59456933
130162210.04282783
167737657.18654612
153396112.71156234
178476008.12587517
189733481.56770974
193614425.61181793
235245401.30563718
229224171.44410726
296792408.99683696
299366034.51802015
335011086.28813577
406695660.04350954
436122704.2355659
525124598.723207
570439733.2984655
612303193.7525373
605072342.4301159
634652884.8565361
565010462.3124597
546236013.0100596
448033306.55118895
398640438.36244255
409155294.1164481
347853589.9789481
365808345.63892066
339539120.90697604
377587563.61478484
411693844.2397565
429372611.53754425
490405700.83857065
534172932.63894403
596541584.0778306
691644885.9119667
761656639.2513453
832965007.8954458
826744864.8853636
856040313.5416622
858011203.582902
816294844.6369586
801658639.2560067
795602375.5553349
790780109.288593
809917250.6714352
870727441.3884679
937190033.9154111
1033365359.2153375
1120251089.514541
1249271815.5736082
1482806122.0476153
1630803995.9128523
1744427145.4046245
1934032853.8629808
2072704797.5522628
2093364835.908997
2151620392.96598
2159141886.122962
2066507055.5172477
2049574617.5361102
1919953050.6002698
1840191352.5375078
1747707848.536646
1641853646.092032
1544370299.0148706
1504918146.6617055
1437206326.0531974
1363519424.0368612
1356637461.921791
1275072421.0774999
1290560211.2284646
1257119744.0764785
1206015758.4600375
1167440798.2821593
1179664396.8845246
1161578617.6874847
1117533211.8197865
1160190744.1842868
1091677468.6172714
1077476995.1667814
1072460810.3094016
1027366502.9824803
1005989300.6045618
933482085.1387419
919047912.1798663
851222915.8018099
814531753.7739968
770214569.171612
731290612.9522388
649802852.6554523
602707562.6439458
613418652.6222844
553439560.538826
541346177.0986032
501838995.4395855
501408175.97568464
509282500.2215985
452667051.7293013
402641365.92436385
399303840.69012487
341047264.8017596
328432630.2531733
332334213.1562533
320369796.72778857
300863097.3531743
279775071.62988913
266304513.34037274
242337630.32486615
262816664.07129067
230935404.1944766
240730454.42985505
244474648.006083
197900667.70858002
213301673.06617284
187272274.53047776
167994945.02650928
163603198.5069429
155184038.77444103
143368581.13578138
131174278.52828604
167705906.83496755
164711619.10919583
150795045.372877
152924881.57726803
102798821.71290398
127156392.42978448
164926412.1795201
108689541.92103294
103797672.50697017
102655716.11412068
143049000.55079544
87370956.49139555
109681777.82694712
125501511.7558212
115159796.86328866
99068001.22078153
38505626.33759617
116475391.77554628
80649977.45743401
51451839.079821385
87023389.23100889
106722929.79471856
52837883.115037635
65793362.39274278
90145342.02770564
62097732.70468843
21640900.92290341
84640880.93333533
72232186.77178705
66748582.676574714
98787255.2421119
32809135.176114194
74964147.77435172
77402486.99170108
47115639.054458365
63055329.703118205
88399791.80930161
17767605.259876143
86347036.37193099
53966554.65188706
40724429.77479549
83874662.291928
46740873.757788084
36428930.04074983
30078325.061769754
64328643.58945603
35467922.76745838
73042267.40632258
82875997.73618087
44918502.757792324
33842726.17208611
43735161.79022588
30432145.556094572
40438356.33061764
35757771.378250524
42056223.9601709
26013680.064056776
33498138.82480362
19915012.816783067
34431389.865478665
25082626.637354113
45530412.15904424
42529056.00876185
7260181.691176102
48099432.01277839
17803578.636778075
42898833.16003725
56424577.61403244
81340834.7683914
33537235.15812462
61776987.01223454
-18119526.529725965
29555771.08569359
46903143.93421668
22042129.229306363
48840039.807774335
15559237.51589522
65278049.92833335
15678238.755491728
57111635.31626445
24817149.7102117
45678828.51925206
45485539.92169819
52843813.983528085
49517663.27934848
48323367.92983566
57439560.40233537
80986294.96466397
47378094.47882505
61335305.4471469
79039419.56967881
31824104.092521224
64700184.837276645
45762235.96016138
77689770.77485035
96153724.44950573
118241433.5440553
77661244.21257252
74612172.46074137
53206717.36920322
72680655.6118736
83917792.5710086
70731625.43455905
74344418.23561256
67230829.87401359
70793319.59815584
55392859.50095768
77735537.48848535
111859350.5798203
78934097.35873857
34869243.10499975
69136896.86399414
97221202.52366403
80678975.3017717
88880260.17172447
113825618.10354337
105580374.35026364
98905104.31125136
63896582.98980428
115642902.68273641
95622107.64743763
95752037.80425441
81645739.84030029
114048810.60521719
144871138.44325745
159519691.47148457
226920968.04209155
129230063.45457481
174396635.21995184
192271799.97055542
180531426.62153623
219912688.39230034
175850196.96966967
217798847.05688024
264513575.23396492
236467054.92304748
232740006.26038852
278904242.519524
300201889.3212848
288136058.703314
312103615.2071272
311296967.8804661
291202923.73526305
301503120.1218917
330528924.60069376
338350213.2536152
323156732.5566878
326968523.68344724
328014455.71145606
316198709.795851
322924557.71886766
330499114.0598031
339177450.50946534
336739372.69132066
329339541.42854774
330610304.57050836
316918310.47428083
305162874.7924643
315972018.620216
295284758.9711292
282792627.6267286
282572406.77898526
264432596.65913048
289518690.99949044
304088049.33795315
273468603.276486
262471886.43780982
289702618.55104554
278602036.4411006
286140478.63659424
259682148.0643297
266184540.83017555
274505825.2855258
231624640.0919081
214384010.09557217
247348932.99629498
257764932.23797646
215835293.74458367
194933161.27602065
223186709.2874111
214157648.6498751
206910395.36939064
224611741.74884766
193091094.93225107
237171335.66590315
195239323.4535622
199975793.03651902
167373077.8338331
154000750.4086518
212173384.672777
153434728.25702488
148168729.64658785
172441440.2275514
113837777.71298358
145532017.3739661
133967950.22895573
130224753.86863606
195731595.72516727
79572861.17872085
139030689.30770206
158581311.25773352
128339294.36186887
111670939.00724491
85590135.11782536
131261805.70331976
79188792.56878239
109866073.95258039
128644939.41083205
117245822.6898247
84156467.75508195
57083338.30559591
110468409.93279842
80158647.03397204
96146923.53543995
69354953.37174727
80568508.52510189
100078739.94813122
56103244.195873134
92836735.50622608
52614572.67372907
48173761.02249372
68034009.95967631
50832164.180776626
130942273.1763358
46081631.32813692
106751733.57076922
72637676.18371269
132444903.70596682
112216319.18680997
98768319.85983714
113370868.84362662
108703956.52140021
85924700.18381038
130761249.2668765
103328945.60486586
82160635.96760914
126566593.10448125
73279381.38685925
144630056.60603505
119193784.98437442
77854541.92526309
102413836.71266177
112199866.15336856
92680830.85427582
121793581.82182351
141694356.47094563
186598668.2855073
137851483.76761726
154746025.24816477
135306458.72470248
156390635.95254502
198123207.32677442
159197045.19173566
190497486.66596818
210073382.91838253
250959846.93349472
215174902.10725775
182576522.08098522
183728570.72402707
214917460.50142893
187835392.867872
236361691.41662115
256404425.2726694
242940917.67573518
259314385.55011854
257594880.11099526
312092005.61100185
301424032.10656595
299121168.65509194
338443308.96791244
325122695.56147146
304576548.83836114
280860264.3703661
292490310.6948549
300108629.19244987
277867975.75165737
275789871.6859565
272444710.6052474
280585865.14903903
284061619.9047971
248052571.41464794
274628367.5323194
288231457.4215195
251692022.20539132
244741815.4475959
244515057.911798
251309248.77947223
210310541.45277077
211578024.88980183
185029345.9912327
224105542.59004962
197620190.93781847
220355741.96162236
199658923.29812208
163500556.9353529
190816471.0281987
158561593.37550014
142616788.9614973
100456494.22747
145774380.08227187
109311016.62277578
131736155.00490241
100091527.04255392
99641836.66339014
77386652.73629528
75061410.46044223
56564527.62138887
56470703.83393279
80682531.58744727
52960466.183766946
73265313.1471017
4449185.578785241
46177522.41882209
62631168.848005995
66818447.684238516
18726290.38764686
41676911.494022444
79713720.54077072
11754027.611970363
28099351.468672268
21384252.02863329
12449517.607572086
57849094.66659675
25770576.601995938
13457030.356178172
6631448.950575199
13062799.656379193
40065814.031156756
39574403.377006106
24485440.717001874
-8128631.716597077
24777321.0775823
2271028.7302646376
-20557248.82831677
-23322183.199737433
-17288915.150999017
12602369.73596349
29923539.817157067
-4047638.641215153
-11118916.936135437
2685802.8644889668
-1840339.3398155803
-10000518.289777186
-9330211.133681135
8940843.546210019
-7223599.826458281
37995457.13871851
-3151687.253835261
-16084272.74569618
33678672.17983766
-31984729.22976501
15291098.229471698
22393200.56191418
324044.52504070394
-13037446.529160379
-28062381.50856971
-10982789.80495476
-45693211.93213548
6726181.930571642
22801377.91017922
-7701188.055600587
4438605.253972054
27412691.397255957
13336979.907174505
-36508357.86182618
8738811.766913626
-4527187.5937104
-19936428.315417726
22090431.254956
-6837129.731499855
-12992381.200939527
-38350170.273658365
-11865780.415031955
-31775458.593203183
-10388654.50059108
-25059412.119989563
1416219.810977796
22255921.098816313
-33749452.87838149
-18897721.39258591
16343227.384592358
28462450.320940465
-20921492.03598783
6263205.785811976
7959820.835601289
46536991.06372446
-19350730.86470484
-25151785.1411585
4945050.675965313
-3299643.5268537253
-412338.34170361236
25035829.989936512
-18798321.738895394
15608391.202173714
23370931.047571648
-10754286.872980272
65734875.66655651
-28310051.066248484
-6404793.609490782
44554155.98448819
14978402.178090114
3747626.015141044
35427202.423751295
-13696314.762788355
29600531.738403574
16473927.119630918
23895732.862291425
51687324.77644909
46638094.9760015
88921439.23104338
-2520835.3457587548
52992441.6264572
77159405.73351024
45858388.92279964
77456892.0195658
85006650.1967335
91313738.17232189
105139670.10935375
122118587.51088442
84730137.3476755
110408751.0761489
128111421.88008699
137177622.86940628
142092734.2924109
185333695.4935196
244501044.26690355
172545716.2096654
241166425.71468303
292333806.68318886
365885823.045884
407729693.6630428
466955409.0403092
494501998.2752227
528099905.99132514
600381827.251534
588444643.2917647
581731726.3043457
512634552.7072153
453687158.8724717
351217464.55493283
339495338.115968
319783520.5188945
290303667.8019448
335409235.35229343
336082456.4533061
335153439.44609344
422713095.9245862
460088763.42693627
523748539.4283128
587386438.8872751
657435641.8387156
681121024.169749
752355629.9007185
834964503.8584391
814905199.8671441
824175497.6345732
778005312.8110027
740466340.7334721
704135378.5498173
715851290.2675601
729844513.9881635
814588709.5485473
935476875.2842829
989807876.4392998
1083919599.6798935
1216206549.61202
1342076837.21081
1540428786.9570823
1714735673.7110274
1841506064.0301993
1979628226.4302306
2052486944.7229738
2030850819.0529552
2003909558.9311812
2016584689.304553
1965536117.2661335
1828775393.479216
1749223163.804396
1620522968.8472998
1579820737.068436
1488285011.308365
1389707391.9621086
1370210765.0000966
1294822908.666897
1319583214.754919
1210550964.9928293
1178418702.7024102
1185928720.4158053
1162013619.0448282
1115950392.522879
1114606962.8686795
1105787400.872891
1065440338.5383041
1050011987.5033977
1075766089.0644698
1028484138.0071747
995253837.4839121
963168718.9714601
895126786.8375086
893546450.7810676
835187367.0257169
805506777.0961307
741342447.2673354
718803061.124243
641612237.0638152
636301390.6460041
581472117.4736606
534121980.5143645
535209316.4777657
515576292.7329922
494486044.1200162
434259450.6084086
406167884.58737814
400959746.20507556
331652112.8063066
343882212.4308454
352792774.92202353
272741676.3120756
292420029.8790419
236395436.36715204
242940048.67227653
251206430.27486378
240320223.83363277
230123862.70932
215300192.1305411
181592926.41356108
177022787.6690496
170210645.57253933
191739642.4963766
189942480.59645098
147416598.92301893
149301451.5802028
130277214.5591655
132299568.67236584
134462420.25660264
128854818.9326308
97152154.91507465
82420495.90659735
101986668.1227781
79123018.07183567
115009334.4732128
105517424.73049086
30911262.115713567
112498875.37861997
98466759.54906444
49759673.792097464
30941461.835670765
76078134.00363293
43524267.61901211
69892582.49044785
74547566.90202837
50295462.96873608
112759166.31472455
28266731.27751062
74834583.58792292
54993432.21282309
2390465.2831105366
50482645.17738262
46787027.04755761
38360815.35918163
34592310.06174126
18607158.85519486
57783849.22279349
45350297.8237423
73068971.01510516
13609681.521202557
1116144.3208454177
28153545.971084647
-24221625.31502515
63980272.15731299
18257394.78290212
6001952.067831708
19497822.18110129
24953933.895409703
37557370.19527149
25020007.630986888
22718760.455078907
49273662.05169676
31572905.533195026
6164841.609706081
15905362.584232904
-13720557.862289656
16376831.035092792
-1745419.2353378162
12480905.81760633
47960808.633355886
23053483.494003925
-6966695.550093994
20340866.074639484
35110556.691015914
8938505.526700472
4302720.776941625
43367979.57491712
32400787.512591988
42587641.62878348
20256216.290143915
-10803446.915748987
52573822.329937235
20859939.971261144
15154967.459380671
23713503.953175083
44753239.39947353
27829026.474893846
1303550.7723779678
10369084.80033995
17800670.590376206
8475307.040058902
14690522.191164343
10751079.9579167
13797696.781699117
16748956.164563982
11509096.672850948
-5655933.826281948
-36128874.332200736
34752141.82789855
-1821980.219122596
-24615295.22609637
-9651483.164928336
29087242.99221725
38941476.30445846
17492299.568374317
-1102019.633001322
-15327552.475027246
3282753.1523319297
8229880.688588783
1606337.0535459518
14596689.739483759
59216739.823249176
15556077.720385715
47794703.51337182
50805177.03352234
37686153.1539508
40975482.642161496
33023918.928692073
45994320.44687856
55633996.08067475
50973492.92997764
23344745.386161275
17187573.394293886
30963153.226247683
36480269.41680099
40282486.69077833
52584943.0154325
38845036.106135294
22843043.977636125
47846269.34577791
77924306.96632996
50117944.198356375
62895712.66122704
70802027.98333322
70823491.02873887
52923738.145901136
87888277.61090325
80691536.77266966
75634508.28620997
71196808.99117237
76962314.00662936
82427207.44304818
83751197.54227816
125060644.34745103
101724857.82200187
112870104.27386782
79211406.5945528
133218398.58911435
157076023.26378694
135707425.33721474
127318766.5191606
178835756.06471303
221095494.53208512
208297431.08872995
201277009.7019007
237147439.79941082
236228463.93674055
232829640.42519844
269008131.4890799
255348238.95623386
273541215.92329526
251637866.923948
267359378.26103133
272647776.2699544
279140179.3852764
295421394.6950609
308797707.42268676
278562089.6028328
275290178.4600289
265029963.2378242
336943951.9697228
298085350.2226777
288290563.7374166
321099282.44793236
293438790.29965186
348160299.0862274
285550599.0004739
285744227.35234714
238650931.09368277
314447150.9858497
290636470.45373714
255101146.2749149
275717493.7512554
225827581.69348484
269934134.6179004
225891472.0712063
249396699.0908429
237059112.380397
253841215.31608248
248853135.19151455
210257872.7670303
208694593.58121437
186502381.42221862
231841761.12538254
225565704.95874798
221933906.40133956
187963146.63271263
220989593.0511536
200266369.75022683
197098871.95106313
208415707.79616627
217324093.7092594
190193364.7912917
130356197.85720798
182742731.83330107
132241403.38700725
190969463.37125468
151382017.0019638
114847736.61604458
159548905.45441318
122841353.59304477
95707870.70886631
148553435.23017034
138851601.67828703
114857623.57467175
95667077.44368765
81919022.41094215
122614287.06168081
84319582.78533596
117334488.50070265
111321881.12555964
99600974.56624311
121639489.26072535
73039033.69454615
76358802.21016575
92751448.65057577
83383256.62764594
76521368.03169014
33329876.50184667
82492618.26076066
49951875.65772205
75809413.83284691
82965144.1510099
63832584.46506108
94631651.16267897
73847803.96469542
53765300.17074817
44356743.12547617
42806806.270739146
37930670.82314658
75591349.78723907
36564042.96629471
16977593.523571983
88465439.69071952
123115593.77715343
125750841.52731071
125535878.84491186
61999328.912645474
127924724.66858084
150843441.24808955
127274450.7832659
129685742.24834487
129807713.56098855
106209306.64495946
97823053.6893447
145745400.04908857
127895044.10120869
139699443.01869228
92228105.60440102
124710216.65120003
148163440.67141145
132126821.98751965
111456280.15000314
150626608.46584377
129696540.42487276
148169326.18140882
157062183.14880478
148018159.2468538
169400176.29394913
187521835.1459528
203264986.80877644
160077988.72891045
172780093.25202686
180084376.4835068
186424405.25422797
155987110.32413942
225739060.71470693
211378062.98242396
235428386.546391
156806512.286593
209355399.30176708
257190090.69277242
223138673.81394696
270549110.13137275
227711348.37824395
298779634.0615537
241699827.97239912
259457839.7156277
263455931.2252652
263939100.46035516
296679628.76439977
282012430.1784626
305984096.36108524
297554078.0623182
292563111.6656015
294517238.0965979
294764198.0507297
277262746.10224193
240314574.85376948
268412366.65963075
293985836.9161266
266108899.94953746
300934838.4861014
267569213.29832527
199636590.14081582
241856443.81291226
225629680.07880628
258341331.45626125
253796616.26653472
202459774.53515542
181185749.47706068
191482442.19190285
190177363.3347886
141834343.08356464
176261266.0910467
149348053.14786434
160979067.20759597
160701206.2275788
135333293.91452807
109042929.24283783
110323128.02326503
119725722.37804283
98200110.41330695
74253529.29875264
156626941.3303534
130470505.51487291
42441943.30677229
29192075.673901632
67474047.33378886
109194721.21697254
61798976.18323072
102149260.58858769
55630666.89629826
38786015.98743722
52121034.34679078
58924097.47170507
54256942.68569722
59565176.00771828
25972412.04498914
26072679.050276652
13144395.382796079
38913219.1341115
37861626.07799617
2201220.268774827
35037758.180392906
26842316.34099011
26259446.004970945
-11965017.761470001
52436259.87162546
-5109721.917890416
12800130.34441655
28232050.464909717
-11124940.297866592
25821803.659922756
25949954.304592356
2256396.70772383
-3903747.4910067357
3654737.9943564357
-28529436.770169638
17848698.622322418
6776602.172999997
1354428.8126895893
-11593021.486339007
-587127.9195210128
17857091.59532208
26397343.854095057
23838956.520941358
-43368225.96824966
636889.6246371255
6199289.37874135
-2416168.881311247
-6587596.581106594
-24294320.106888868
4320405.3621104285
5117329.81376378
4067593.154043086
13324172.584122123
16140163.459711343
-29238482.630741905
2465692.5689056814
16735896.587526426
-10249633.509855721
-20322384.94536769
8791366.079597032
21603913.57852296
-7449767.079145634
-10330804.978474237
3853310.429753335
-17592579.24727209
-26871567.451963946
30887093.027541645
-2264364.900230445
6998237.561447721
-33217844.475851797
-2855564.571943079
31910173.274373833
8605713.6378425
-3131748.517340982
-4950914.774253584
-790110.0374373635
-12803283.85108106
45519170.93964238
6558549.440916846
16412362.236662064
11978121.048753427
11574739.47680432
-24249143.16500329
419968.27619737573
11495219.30186672
-27507057.655737676
1082516.2304326892
-6874326.07806452
31875970.596282788
45773104.54873583
39784855.686807215
-2755121.0136760585
4021600.3533175876
39973400.50003089
60316913.48186133
6704022.387853129
20568417.126732223
46978193.8450174
48244709.01866788
49746057.7725078
30988817.900209777
50293241.639983356
17515641.55189567
24531736.12848138
11792501.275775373
51063946.57587149
91990209.33008191
48330307.79080227
54838712.27073255
80946042.38177828
40852198.22638467
120920222.50988075
79276587.18676852
40182087.606935725
121807030.80667953
84501116.17388085
130928474.53227118
146823314.1833305
183231246.0393034
184368596.86609608
154316594.29465622
232025624.6417957
270415791.047192
255882872.63340437
329910935.6644507
369515745.7595207
435024913.91554785
470938976.7361869
539768866.277483
591769282.885368
550613553.7037771
572080110.2486174
518072777.3839283
510365879.0385598
436431835.3932319
401395775.4764042
354735975.220364
322911537.71070075
278693410.5934318
298513568.27676654
349205193.32385284
333534641.06821346
426095109.74260587
415701361.0244999
472933853.98793095
575577771.4187136
632803867.1119882
694023566.4625343
735288285.6366801
739696661.1331474
779251752.9227484
794851494.780547
757285179.0755945
706846322.2591456
715441097.3134248
754261553.624718
766019489.427942
788816131.9062363
863588552.23878
949945544.3661458
1029303576.3156705
1203017344.272727
1351439000.9662259
1492323480.8330693
1677043580.1321292
1805426159.294925
1875628534.2410858
1952966332.0344484
1977580348.371622
1984339902.5392435
1931597553.2378821
1894133485.4210913
1762701695.3906238
1685113064.9511728
1675500316.8180861
1505384690.2739258
1434797350.7987196
1412320609.2138438
1347513678.2856107
1267448273.9405582
1226498249.0038724
1190709871.8269904
1168955355.8552794
1177796316.6246421
1127274305.298233
1099752398.5726368
1091595898.356079
1057644584.4748187
1069224872.6864951
1068202887.7240865
1037118593.3747149
999946828.7679572
989910876.6147698
942912012.3389754
927830086.2103572
875318421.8222375
827521703.7851719
805504847.28146
759719777.5293603
701550815.4081442
660084133.6992128
654496278.4850467
603950252.6759465
574038308.7913021
468687643.1165185
487536722.3813244
457793473.51919174
406132166.1336889
437936566.2431401
387426412.0670939
350626937.88114905
361238163.25386643
297342331.9520186
294087225.58214444
310174738.42882085
271800046.03913516
257489455.91706178
195718354.51505262
227113076.20154774
220353854.7752538
188679614.81556344
171784551.00252885
191136002.19590607
196402537.7919256
187329064.82917634
173425783.9614794
160412902.39759395
129508144.2126295
119695795.38946822
129944984.26822568
90399250.22131602
83157901.72863859
97996505.98955703
116077108.45572266
117305552.02895957
107956460.06220984
62679569.26707892
56647862.51936264
69262312.75063431
56462833.42817129
61989340.04263775
70288082.4078856
52451373.26196974
80248211.82391122
68421782.50419368
12063051.289957764
67387780.3515273
58924387.276409805
31645627.800171748
85459668.65132186
37170089.192088515
33882910.594211265
63521282.79606595
72057864.28358388
20467709.491282564
27288153.978270367
59985954.88341565
2253451.2249301784
12829441.517320693
6623227.417011205
40735953.43646241
71272587.96984881
55573257.60208632
25186912.719464168
36886263.77908682
31220042.58526947
5375083.823122185
54081317.92353135
72003348.09522444
45357792.00170769
34200473.98971764
-4089839.948459219
2894485.628538482
43570979.29673571
39495163.117819674
-3494753.2239905186
27244085.348918043
21153843.545519132
2448494.43514587
32274091.71765905
29281075.19336007
47792188.71909021
45246079.946784064
34549950.487982735
13625860.035701014
43064887.63523561
10660616.311126474
16741402.90072787
-11033241.891742442
11080627.977429073
2251456.159175586
-35581504.82314518
7122260.303667583
-16321958.626838882
-21087243.315711133
1601051.45140451
20292895.384487826
13910305.730770484
18284249.259287745
32894530.286722146
20636617.437336273
3480036.4991231784
36204504.36492677
-13882167.351479163
45551844.725059494
-3155337.5822961703
36102579.17268441
59409710.389917076
15054718.894400012
62765517.4690716
17255182.001487345
45155540.28143262
291788.07622618973
18010383.606054097
46108388.72367846
12112178.869846541
-5074786.328118872
23385066.774979915
36752231.559811205
45099256.37106184
15981183.426135447
57802676.59358041
41910943.68718094
33694297.52564426
5676704.381665509
-44732081.319096975
41862961.907219425
24949331.60687287
26467611.678253658
55221919.80354809
44848796.94292911
49465485.5499323
88419302.04748574
37924686.1684534
28424831.810570985
34620748.284431405
15707241.074966855
54378298.913875274
67644559.74136281
47715092.95144701
51041449.14900301
37011007.919736795
22224338.159673948
43890856.51831023
77647474.83753437
76549770.18878472
53540604.551960364
68780354.83842564
71777140.85457939
62506106.51278993
71945711.15367337
85440607.96024598
106107511.17019016
104883924.94507004
119466689.93056788
130879307.01881117
83765348.47171924
131700713.78774095
142402167.62869117
141838098.22703522
149102085.31352043
187362014.6166536
148954528.34131625
142812702.78172985
192604336.92732787
191331735.15462142
231007197.92560554
209164498.01257583
241023949.89493823
264551411.07095605
260230961.88252112
259139955.3346773
238546430.13694528
259306544.91030228
281372366.41311944
236653803.14999473
294667273.6198328
298360085.17670053
254082438.49404162
259609614.99111727
292570223.9868711
297551991.5467328
266945276.48302805
312402351.3687451
311212555.7650794
280485308.45310444
300630898.58901435
301557015.98005736
295055811.7323329
300164712.66109645
268541893.2496372
248830575.93722302
255668015.61203268
272798942.5765448
257775320.60163435
258368976.23238203
270541179.98170847
239923037.78430924
208653203.77519011
255749431.54619125
214286115.7084729
246701044.2170207
236693823.0680899
243047005.26748514
239492791.28144658
200240713.54498297
228996422.34109923
186220891.18374684
219581770.1870607
198722641.07221082
178115001.22653267
172486408.06271297
214045824.6460879
181069999.62114704
179746117.34231532
183106493.01577476
164510695.01957646
141903075.99598402
122686425.49905917
114463305.00129691
144144706.44443077
131504346.26455067
103113039.60337348
144867235.8320356
123091121.61056611
98897636.4778457
101264396.76222748
138722303.16154504
93739172.84569125
66066681.70477559
58353006.89340786
89915637.93609
66065793.13558426
83750761.61475499
77014756.68468314
85316106.88507439
82652320.38721155
58245061.05122406
70976509.68195486
67132749.10909249
96557202.93817887
93370776.97378321
83553221.12097451
39155436.422129005
41001657.8352732
58102354.647343814
57194648.32188438
51236614.84621802
61334292.43041429
44440381.79095111
62763707.67346191
69617161.82076776
52446110.99558468
40485932.292089775
54337431.851539165
74357922.12151997
92217549.34114566
112504592.49349256
55942072.28652211
149079763.4927889
120484724.3906719
138830769.220526
118617910.08116925
154368907.29317927
137602593.52796924
149843114.00254524
145294771.6628417
135205237.4203374
145417544.17718297
106659241.53545353
128678354.32909603
109750452.87218346
113845293.35376656
115173904.18326081
126207016.23476121
115196254.30821642
140988814.76678425
113776065.05326372
164858496.77935818
153033058.75472736
137351043.4624921
151618391.67413986
191029064.24591827
176642215.64830685
155964246.1712795
197046097.34914535
199095457.64272952
147500181.7261874
201790679.86803812
223154862.58486065
181527073.39859924
219200331.44141665
191910728.34074068
197978772.5841488
244360830.74203983
291224788.0536674
238102805.12432855
276761104.9589697
265119958.76635218
286746978.6323567
290335391.5599505
300610195.56650984
344989663.99789476
280570466.5309998
261292561.17958757
277633756.6685064
274941590.59823203
290952711.50615776
273312477.5018157
243021992.79610208
265043711.73646778
286961976.0736879
266780984.82884693
223303640.86638346
278120761.0872048
240745889.7324812
260862181.10544112
277704382.2893995
244052236.74560288
256108552.85245228
224045679.41147166
189877434.6511869
229741846.1575536
166437906.72485653
156359141.1696283
162188684.5424074
121631472.48885566
149446876.77811378
114473096.47369167
140699616.83544382
114707138.54609051
163900156.37412435
134283159.77658617
73943389.55739449
112212506.14123434
125329053.7156581
105584753.32509303
78453213.66567971
79805438.7890115
93441722.77723747
75591944.44034323
57545722.851715304
105244139.98514457
37814353.91736258
37661402.4885417
77426748.9894321
37556366.44579621
13090729.185588766
60458939.286629125
42903012.27811979
-19146640.11143685
16946363.664160207
28184719.105572626
56807030.77301057
35716531.92195941
31788438.443713322
49835785.95279153
47038810.90525171
25377911.254431047
26346674.68499891
20414224.037965164
-11499204.983690158
450682.01052892255
-10003769.519383565
41108971.49987738
6483702.709929638
-23990687.731168598
38616152.68049483
23945003.54872519
13108812.298925072
23391257.617041167
-16029356.082030904
-693230.0521911103
9487890.515434165
18546139.322155982
28719378.764159642
-12230301.329466444
-15830670.195533974
-14381279.417468809
-3700545.56049091
6400453.730458187
19811123.77397036
6864330.044129604
13793784.708917763
23441765.87866203
-27021020.71511592
-7996847.868150011
40508050.55654888
-27071570.65005321
8362491.9538425235
42782415.03246151
-6189532.075090542
-3573470.4790738225
-4949555.003667022
-12005589.209768808
-2415851.3556127176
8069472.0762954205
-15189176.147456035
19663111.586271312
-5641702.037846184
938552.2175557176
3702905.368876663
-31903573.45406484
16957960.252050504
-6810552.053887624
19119791.778581567
25631635.46099419
11718847.421306193
17399360.057216547
-24338252.88307105
10108794.605485462
29151861.19622398
50495881.05481083
19367652.67284473
-1834644.4079008475
12376516.520432614
-1460676.9220180511
-7940402.993533797
-12745158.48480891
11819820.907740276
2384346.659998875
-2917689.1733162366
20003590.986614723
26276477.6881496
26475319.019268367
3793430.482584864
8808285.065357402
48732592.47039688
2585328.654701473
23643254.995765503
44267093.137189075
58434662.221867785
71586869.64393541
29626595.879377007
34769084.21630198
28505110.357628174
42394601.60349427
52210940.085929744
32243492.01991066
23322332.123232402
27093699.130400006
39260244.67340949
22753850.1488727
65219602.92379842
85847776.04695936
62591339.04703376
114260137.20241925
108414553.82955472
106497072.56022565
91916805.80340652
80990714.00832243
93390178.31140342
117234635.75863959
133737100.49094884
152489851.00868198
169519370.28330016
190508921.44423237
182634385.25994655
168132219.9551251
220225970.58241233
273803535.3626727
348031037.2544332
380082910.35712934
447915542.73799133
489036501.3171342
539588702.444824
572933847.4143362
536246237.08707696
554334513.3951135
479126160.7406941
399353505.5371008
373530147.71307504
326492785.40914536
327727972.5238897
323766489.58480597
332635408.88271105
340660336.8682095
390936180.31005806
386675113.9536865
430487735.33841884
485807166.76038814
545619793.6939354
605553456.7824838
642037198.0191836
782195526.1618645
760497271.0894989
767616793.3507081
765405094.8393176
738276449.9519763
731008516.181489
725106092.3436131
679788497.7393578
735976271.2312338
786743859.1858755
817033369.4342313
967418570.7074342
1026863407.8863578
1151568717.9243495
1337074575.5067306
1482056090.665105
1599527437.6884255
1745422571.9392996
1857810229.5033984
1947969930.9995365
1927633434.9455826
1900121758.5870173
1886396889.4294147
1851142570.6839142
1748158195.0638537
1638010557.1987338
1542271549.081323
1478488061.8208005
1429822599.4690318
1323567212.0650568
1290165081.896023
1238032843.454609
1213873142.7238452
1191999967.7284305
1175871145.1376815
1149273790.7868824
1106684370.4594016
1055977626.8938141
1037569698.7372403
1030631031.8439522
1049330704.2288207
1014790488.0874007
973687191.2779318
967092939.1143198
953711823.6086997
935304779.0975112
880363414.8003125
853002239.222065
825573843.2721646
762066431.8930974
692505167.528861
690660956.3675351
650304992.5499504
616363264.3193517
549024417.5563807
533778445.7894996
523627100.26550096
486720543.7332211
459518715.7107416
427804398.8455824
376178799.24220836
362661197.1707173
357764652.0336336
294025076.5786177
293686416.8032418
261947779.8714909
269008462.8279496
257640088.27136618
256957750.78623685
223062804.48742372
249921371.6199452
222010545.12115175
186835475.5159514
200446561.6094149
142535204.77463552
146854831.71779954
132392618.97799931
135928531.36919495
139243535.73433778
149342242.0044468
135637833.26893747
133325627.46223624
101245112.05660926
125500171.61664607
103702992.34284812
108199590.7918446
110871262.99309964
85256297.02823478
139725796.7613617
91580280.473001
75128689.27604264
78579123.3134463
82196248.00646703
73375225.47382109
83508806.20712653
85779660.11319369
59514802.71135889
74135704.86280301
61830482.62870412
82583025.90392117
106939210.02377686
38828156.14706955
33573233.95765886
37214673.83337977
36061207.937933356
13687555.437060937
24679309.73441765
58590161.100410715
59249216.46041772
28280557.234118894
47214806.62570493
86105818.80845606
40984403.254675284
63686501.20297655
37535598.602258906
59083317.39255604
53901549.00418614
-14431570.00800413
1450373.0243574232
36800626.25912681
47706035.450560845
37516625.0569056
22057842.76558797
47015345.76189448
24598276.827890374
66663614.20600526
43525993.20669593
27296526.001824893
54436085.79001688
42400128.82634943
53081678.79744283
-4390979.803727582
12478180.35818953
4674122.817730433
16053826.173378695
3365105.7547183186
28971075.563736856
6287856.85356896
30037010.336787134
15002988.656457867
21306111.800860338
3320711.35257875
-1089180.8983416324
30270315.43160894
-1127279.2456406637
39894238.054476336
4826453.353633337
30020156.331739504
3395511.7561735064
32552390.364937097
3393312.626974592
30373205.2544926
32534458.9090527
-7528855.791813059
-33709868.41828217
22031189.40323613
54663289.40557452
-24239296.168502185
12314675.08400296
11796776.144873183
40065392.79065023
6110263.009425504
17480472.85353241
36810452.99005216
13575614.86753357
-7920409.124675961
-13043587.436864143
6436640.186837528
39390983.04288453
38435775.94489047
13637915.071113989
-7387150.985256381
22241943.653679058
62678617.73418636
60626938.55434796
44397608.86000008
10210315.963248074
9023736.49696972
24394952.799630776
31385103.290453073
39460747.565187074
70851432.8844476
47672744.592490435
42283405.91815234
29938086.567663293
61602882.94227508
51587154.38820378
49449986.87384894
36744549.92797555
55078943.81687986
66102952.36207661
30459183.64851159
68020382.0778796
25438174.38337652
86401459.71125156
48636246.80934149
57165529.65464419
76660295.66591376
69036552.99262503
82531078.96811715
42114415.82469575
100761693.1851547
74084294.72068492
77956147.75999409
124237322.97363368
99792297.65812577
65837165.886356406
100554207.43369345
89020940.84576274
104941552.10196054
103420666.86235434
90021219.5362657
163492897.1737818
166953933.35615516
117052730.60653551
160605649.03750563
215260765.884356
220920752.77886596
214634573.058977
218243546.1280122
233891702.83243513
241205720.68196794
252068372.16760015
208687027.04121602
225752457.23357487
240645414.75623572
273656964.54700464
283298310.3481179
275075431.9839057
245971490.91127336
276399288.50612473
296640578.94122034
242610745.25954878
270946119.7371897
287987887.87541854
294515779.1944908
298326380.18347013
278215722.4272224
269232295.83994895
279944790.31867355
269515252.63718873
293421082.55260754
238673966.20253178
286445325.6491875
277099617.1961507
255876268.49257115
274391026.2837096
218763711.28780827
261135986.39135912
244857041.86861658
282900468.6540615
249949932.51082516
214895989.0229202
260808167.81914756
268125539.66950297
222798218.6455593
204664444.99733496
197621269.214383
219473905.29760137
240753566.5647201
156391935.73666292
187835755.48851863
182136399.16529983
201455514.96028838
169470270.20138004
182149172.6897469
185301832.5139425
109560057.04431778
177798578.71476257
159096599.18812174
175221293.25404242
179621440.27165306
166863314.6394257
121211637.20241733
111172798.5847208
106890310.79490702
88426630.83500013
108132958.07960677
138893968.13081688
131845051.74956688
105962811.64960854
88310732.53133798
79631339.06910093
106284793.73443373
91945901.29863718
115184912.31916077
116372900.55443694
90566564.44417685
60288482.92166528
106799321.61655992
90198851.99566834
62575456.50433245
38149310.55149472
76925680.53287038
71604390.0330943
68651274.23781058
73574477.25946862
81497666.19288
113719425.19207747
48127743.24964699
91975579.91134097
73949732.60000554
48729672.53226547
40242405.05897801
75830760.3625791
55860291.36969997
36975700.45974065
119904020.37793203
117392055.64921106
106174803.2826963
73001920.85308573
100346290.72198518
117204267.02042606
133715235.07593758
163106510.5849889
135117057.23281136
137656888.39227286
157207890.61348495
138179568.0676983
126309753.78188603
127609860.3236547
148924106.43229797
128973453.32548799
112420477.57219489
133267553.29511626
141478807.54524326
124060540.46867429
124683412.20545581
165021554.89585847
189998520.36572695
137108843.83123934
194040161.00115898
224546738.10387433
139432941.52398056
189830417.02702355
201427966.0104164
186889993.4376887
204949141.77415687
178411683.6102541
179826144.8534527
187765625.86323136
198706273.18700752
220144962.61805293
192436076.03504324
180075781.9831391
226839803.31276995
293039508.33036864
244084674.31302246
249411001.62698436
287213240.81635946
279433193.60889226
303377626.29108644
291582749.1446191
261315131.4639314
277810497.49808174
326391710.2972103
283590871.8598092
285217390.54619867
291643293.21568704
279606326.368032
258475603.3263395
272068479.64616454
303762288.89449006
279950980.8652223
264894098.53478658
256971904.15435535
271527391.1977373
252094949.86991358
241268465.86777163
222400569.56285992
209153498.3462274
228144379.660675
231548262.82988834
201073677.86497894
170132122.6904693
215584968.46704352
182015147.62540433
167017535.2295691
183490334.1964527
166203788.69974694
165305483.83535984
153458553.74454919
159111617.08050904
100442069.51578094
123816424.08344549
155313981.37195018
143615823.25907457
105362910.34996435
72240230.63668074
101057737.93897814
104422076.04877621
124063820.87405547
88594274.37694272
71818728.6895519
77029656.46904364
47568878.70911605
51820136.26607356
34724288.72792878
40957258.27743911
56682836.516598
45314101.90811466
37967736.66072868
53801079.30498737
42701424.54181103
45356831.34147453
60538769.47584132
33625558.7861338
54552257.555778205
6341535.402804891
19166470.489323676
20528644.8797356
15008703.79301861
62260993.67217105
9855490.893240381
41469660.03586662
28301387.302400712
26270176.353162415
68295713.4676313
22284003.252645876
11147597.036100274
-30661104.844863545
-13763388.653831657
40611589.58337584
38877282.07598771
4527733.713771693
14360862.811078869
29729157.42873197
28267055.966190543
17262800.625912063
-9435340.631144969
27967497.8288735
-16192592.499334177
20313861.44170616
16909901.400364816
26221497.537142843
226391.47903265804
-3354789.863980973
31590333.77970264
9969461.464985492
25159438.596828587
-41230220.14875914
35007977.06769648
4003876.4096802985
34083284.1953357
29304728.191505503
-24153265.671591423
258725.10735176224
246485.3529598643
19775086.89441019
-466365.5055499319
4300333.111003052
-3276136.1261823364
26023419.785418734
-49196297.80452263
10004719.07489294
39655562.36457888
9868315.58010555
-7812862.808831146
-3082219.8171054963
37104675.23873393
-24277130.17314863
7287618.346437028
1225434.416405324
-294949.37743637105
2191536.301568931
17801795.716206837
17225064.225192167
24514175.19797283
50675824.176682316
20866467.680549134
-10944163.62399606
32552180.885109667
22904446.55950135
-16123386.779927943
-3841186.228388924
27896948.038873844
7128880.137006348
16078522.071125736
33353762.444932275
-2082172.7272939458
62224590.30448227
28702503.26002097
47318059.248967044
-3581950.504781243
14981537.574913684
49239529.149057314
65505478.26899542
49822968.14955026
42159464.444042504
71868208.21868852
32759187.08492913
62926918.08467249
43931379.270675935
97738916.85243016
66631881.11740931
49181821.1873882
64238485.5616869
92486918.4178553
65409832.04949567
67554888.40439133
93498490.50035852
114076073.27984053
89923195.38139904
130659195.7470964
117150576.06696239
83673027.686893
181217485.28244692
165095805.48244905
210798478.9451149
198748506.11115724
217645145.72194573
256339712.57153308
329923917.18025374
367042399.702302
428358942.2143567
478525656.30972636
515304608.7073137
584545142.748682
584666898.951888
590909628.321045
531235086.62020224
496411000.85071915
425749551.45809764
379173240.0319645
361225079.0087732
296818194.49642444
305362508.830832
327315314.1991932
341934624.2914239
345607138.37794894
419612577.7397982
484175514.809456
486853593.5374424
559752348.8111651
634182314.5776244
684546971.520446
686261360.7909405
753178135.8795348
763585766.9895278
759160496.5182152
729057684.2676246
696520579.6916285
716833784.3316534
708525132.7031852
760449865.3119401
770398909.412734
859575181.4873599
929502652.999055
1011760324.6060156
1157616103.437368
1238124799.2650828
1449231563.36268
1599509470.867071
1699338497.092721
1799180232.4101295
1857897948.4973123
1926435217.9649282
1936988816.8721359
1841909630.5674517
1751738204.874263
1732125844.182083
1576433764.3398557
1521251739.2430565
1453422837.017282
1362271740.2698262
1306448497.865638
1267499917.6087537
1237576906.3875833
1154596060.3317082
1185009482.5565424
1148239735.1992137
1050374216.574506
1077840635.7851703
1056797537.2691203
1028008576.4281492
1047219438.8281795
982651208.3098527
991992492.4702299
1024145903.5381413
981393012.051739
954980653.9950225
939519995.3561035
867525732.8962432
852279986.5164262
801295476.0476291
773160009.3638381
749694694.353507
642939556.2384423
635288098.5538417
626049759.3954123
571937695.8658785
541873131.8195257
494520928.8103766
491166372.6917517
446340752.16406184
409767692.84963626
403380667.6084322
390208348.9349439
353736742.8502883
345867617.56098247
312171342.9620251
269739723.3894888
284426527.86484694
218486335.81820393
259406239.5841127
232630773.89946252
228593229.29459977
238558441.29626715
209899401.25673375
152713428.70792672
215058704.15308237
204486020.0388428
168728249.36725518
196811927.9818833
138734318.4515062
129687502.7314744
91809832.46800557
142269415.9025428
134880844.26142442
75436923.22577317
103145581.52160397
100673454.92345741
52822803.38442386
106835782.6723482
75197881.18422703
79423250.72937441
63754655.425753504
95029966.70003374
90540937.26256998
106223888.35780895
81166292.22970025
78255281.3040609
119132318.92601258
72870865.26426134
78767839.08154684
27822279.00058104
59076702.29755777
56855028.42035371
51625057.448436275
28371352.62506147
74827472.03039439
86251822.82573111
70448705.09917808
31392997.907943696
72405417.78960823
62039898.988967076
34715184.42221109
16973270.294348244
14606399.64141661
22111428.211470857
13885580.955633894
39622905.30652866
35085232.35143413
38830269.26043141
12231221.1835756
47780838.55398165
-1173437.0730355317
58484755.45495862
64910785.80672982
62232253.75206369
43150620.87108218
27924763.11574351
36919102.40258713
14213644.417045198
34404095.04302612
39550227.96122393
22314942.819193855
3062344.944935851
39857553.77333115
19283757.808440343
38771044.94844017
15935379.10417827
-15809913.195852065
25709824.838211633
12290102.350979352
47429999.47148824
32655516.74057285
-5197278.619591814
15561032.225011148
14195681.610317947
20818020.67976139
26002968.859358042
45643552.21212509
4372786.241876478
-284886.63662124705
4067787.1799266534
63644714.14885602
24714868.859316252
2644758.879306712
70550503.71999188
8330760.967926345
5392589.112524815
20994267.492296834
21266572.12581196
53408865.8003004
45390049.10835624
30105648.36214104
26205896.91831231
30785302.12248826
-7911992.94338106
-5136578.62199058
1129729.416280746
18308247.06175711
69017089.01905742
15357928.081213875
11843723.174510028
33637704.459493
81127469.80803804
22973180.676291406
52121965.6003581
34114418.352974445
34483972.31436874
61959850.13652092
24870162.672265172
36932597.07684883
25467998.52028545
38525849.405006275
50461053.139786944
53764171.823052265
37583162.438622445
89019317.62001747
45452135.26054849
59720054.47759719
29213754.30076115
43647852.72910452
51933154.19100029
48420129.472094655
16484847.226062745
37169360.04658102
57571206.85164005
46395773.80627266
114415357.44819953
64385418.962591216
82197233.17895162
67008881.96915432
89294931.06066197
39442852.93034464
52269259.39859786
102921089.61461489
81177250.41714612
70641200.80895422
86241882.80816121
104480438.78021431
81678827.75003715
137033285.0545467
160518204.92130238
110670674.25427365
107265964.56689464
126042555.6969168
120150774.48632917
161440913.95960322
139412824.06579253
176988379.4070808
204313387.34745878
213943578.87874806
212597149.00670457
226262012.3221047
240602833.07891148
201028131.23939994
283860199.26811033
248724894.5506917
262893923.51125175
307693411.4270544
300007169.82393473
262233424.39766836
281147385.39221895
288643661.3815944
268956962.7359
298105645.84140843
268178248.25294864
314547874.0914838
280880774.07778525
299148664.0445453
284171876.7405012
295430824.3377923
290494756.1601102
299004957.96568125
301824590.9942394
277139695.749956
301090780.2195557
247832604.69822943
260854891.2025602
261803334.62009153
272539121.1897477
245133244.9161657
272035181.088537
280109235.67133355
271311645.3836241
250590247.91778076
223803902.92264813
240948448.38268253
233514537.93100548
208649741.98764533
213349077.54177797
205341185.16195023
187506729.86691517
236013079.03312245
234646441.12786955
204066492.05068746
178803941.16819772
225936012.86862013
210968431.7231323
190972042.503125
158218721.49279606
155869181.51001087
182734644.53175992
116989182.68340431
136281533.25000158
152528499.93240386
155702345.13067394
151503931.6296232
163814515.3793422
137545097.52427837
132803978.68517241
103298486.7273208
82715595.95694983
115486004.93643618
84688963.15708911
110855880.5053127
104849120.8838123
95950391.0893043
74858187.17327441
83077528.58441615
107986526.02598833
91834038.71782401
62830124.20359352
105256944.64323291
88626997.00212726
60944556.62806572
85418398.2713702
60459024.792303
41468286.42719583
52602833.813499056
58396358.56710585
33194485.297326114
84898332.09306444
36774178.66304348
38005712.323810734
46894782.67826301
78800821.17473468
57907256.688715525
39125836.55902627
54015342.93792967
72080103.84942107
108975588.6387145
106478635.60262595
82721678.33415352
118569842.87330006
120347622.23078272
135989856.1247139
96225983.00128867
153716754.653446
129195978.6909369
130795597.86846298
137873376.1264869
132011008.60075447
130351660.86013915
98579138.08843434
105567385.97319788
140106585.07399103
154073495.25961673
173738750.73089954
166629352.83284965
164283038.47513175
158026275.8524109
113543115.07725981
171605494.8271075
175774854.75796217
197369354.16447917
168002279.92081726
162492312.68354473
212131345.5957725
191588159.8737549
181946817.3724432
206258444.7008113
195285624.81749627
200121411.10198864
208073376.53884977
228524518.09564248
232683636.12847954
233651404.9783348
210614604.49888587
227529637.76812556
264051807.20000473
227051807.7625418
266209453.8576092
271441410.7319844
299188491.9972086
302369592.0356125
316819048.6770199
308743848.1082993
275941955.82812047
323565800.0212197
337382440.5623407
291679324.94969654
312318275.9481096
307989429.3051572
280594799.8356589
256089875.97704998
264426739.2399485
269104161.33908087
285795542.19848984
273792346.9292641
206779049.63444558
222042807.27191865
264300600.8260248
306740608.6129477
235434362.345071
257437307.5786961
214791389.71061623
207484210.81640035
224109367.19678247
183040626.52278027
169719038.47868383
147943923.57621402
168061038.65332815
177430147.53634834
171871818.90678322
109349477.2758318
135949961.92940408
117779305.13190868
103937498.78381947
148871818.6001507
96342371.10623324
94961555.97868177
89010107.2127491
94622537.73577751
106034857.11566138
52264360.087600105
95304981.08434026
91132583.21971993
78274336.06833227
42760156.62823595
93121496.21570942
90888412.99875703
60997564.89898381
59071416.7867413
22242311.169983324
11021885.995917466
21013591.354753587
82679961.9256771
9938945.978919454
68317594.26156296
54294898.67012246
24985642.533578593
49080189.167262524
27711738.141105648
45349185.80763302
-3747243.3919859864
7640830.618581884
51068605.21883107
33820236.99264047
56572096.765369326
4189574.298748197
-6027044.928559
42924809.849029265
39366029.41112436
45670733.170188755
19904350.813691184
41460774.61053841
619112.8363840245
36968634.81008217
32418077.26638233
5597804.796752995
10878341.827448914
9895901.68986348
22212541.857002556
6421682.072659243
-19114525.736532062
6796851.270847475
58897753.709436506
-3438899.5627730126
-1839830.3203262612
-3772283.7363930047
14863832.732350603
-4416734.122482691
21092744.259942893
26814262.70274682
-3594188.783769292
38129245.29020562
9983477.023506764
9606776.605985
18095332.933778685
50358780.36160183
15804243.763761416
-4243479.707910488
46463555.76520304
24188325.545296207
-13780361.147507094
35672215.695467494
36511545.41455871
35058972.75925167
27014587.81536814
8530620.204753093
-16743961.45719901
-11019167.529914347
26198027.34691575
-6798415.290587604
25804487.340424087
585531.4810059443
42469549.3414213
10559643.484296456
-6012440.539123073
27454357.935054563
22666283.14719129
13823376.326138267
-7087724.386603832
29945962.682242945
20667392.872431867
11816200.388059575
7162311.748080768
40113995.7271457
33124103.154961955
8834569.811632704
21291502.906966973
35448412.76629085
17300785.785747062
12739672.368504776
367638.8515901342
56658715.356842294
52688738.00561244
31198511.02411847
43637739.017906174
50703746.874289915
49440126.696264856
48844612.06174126
45015555.4638508
83047870.3645924
89500223.17565319
39905473.962056026
92881927.59586939
91319903.01435222
87515936.00733283
65536512.703807846
96381286.2534059
68144733.85389818
114710908.60312596
109782602.8139375
109752986.37989485
141486629.84704718
152216900.83344567
153098322.5164847
132182992.20847386
155044292.36949587
163037613.93243143
189413906.87421048
204823508.55119765
295481644.6785391
257836145.74033225
327752864.32386214
391630470.01912504
468514905.46318656
503437818.41942686
542219840.5092933
595435083.663039
568759907.2048141
541100766.5241985
491459663.60674644
416488981.4646921
322907826.87670696
352056490.6921569
343777578.95320106
357059848.4886059
329308696.7675699
342529046.69286793
387690097.7815478
377145819.2280465
424038516.80617094
507780339.547824
549831927.7319772
605193195.4984643
673308986.5895241
743707147.0352856
721753825.2686663
768458402.2239935
724292439.513171
698955862.3955811
715821168.8302873
643045650.6950337
692382194.4641922
703941534.3809325
794146255.5206268
812601624.9015733
921578952.1178608
980764344.645914
1125268818.1080885
1294503336.76307
1408474025.1607623
1565202620.769036
1652504887.479682
1796267819.0790074
1803762577.5477428
1840784911.8521554
1846859494.7392533
1820808973.6082962
1733730515.8285296
1692443855.5756946
1579478537.84583
1474588434.2282586
1445324118.196385
1339722230.7879758
1305085134.9309208
1226291035.7120728
1223421336.1616836
1167223607.6662424
1115533825.597326
1118611901.5049767
1057057991.3191838
1063773766.2808622
1067353544.5314281
1049592874.8600472
1017469828.3160636
979142573.751637
996648271.7531779
952752537.7197345
954851558.4411429
928644538.8523753
887083433.0010855
882239450.1175438
799491317.0814435
800308847.5039141
767247190.6716645
703534302.4272728
656295205.8390151
650612927.0369035
579490668.3218554
536311513.5900742
527517424.57964283
467397524.0628356
480486188.88320607
436641839.0341656
432773663.2974161
390526387.2625328
353700557.35009986
372405164.7955196
318532740.196625
319356653.2787855
329452419.8423325
268047294.34380528
216842624.32013938
260892883.32342523
260840478.4435612
234604025.95893064
212023846.65681344
189518569.70538512
183265752.00049892
201220446.88112494
199263221.27888024
127613217.36542332
148963002.3033728
125795356.73113972
145117391.36518896
142107388.93998003
154574428.98541534
137880689.10527796
123024542.19401468
147400180.67391157
116950286.75023891
113849003.2864589
88592253.52285397
98417424.24213254
85083218.85043481
99050412.83455074
93344744.69614553
114722090.00243598
65078499.711355165
87117160.72411574
41109641.2300223
47858215.9913746
79593453.5182145
62813108.108036205
105283479.27030596
75694300.89377539
57356028.2399195
52286663.71927879
73108328.51166147
20363852.988996968
60762918.037301205
32969577.872423075
52255159.5631874
52399448.40480947
59668081.86908272
34791241.53754938
47922372.37016532
70672293.93304381
38372953.134525806
50758011.12244459
6795083.744081549
31036640.117922284
20424761.998996466
34867375.92585838
30818047.89235551
60796093.561229534
26981218.281116802
51364986.54672377
81549294.09346491
29959834.10616878
17768955.443305586
31884443.764747962
19664135.547826663
39844498.19814582
81512409.478252
28735328.954196703
22623333.99235163
51157813.96745767
40110790.13683895
14552825.796451252
41247609.9348523
20296313.814192727
45050207.23398881
47404191.39397249
13277543.596125424
36048549.977617644
25130606.85242902
16862990.850810166
-1141903.2209564908
8107591.893234387
14755375.363293823
18345334.916839756
32548490.614978746
11157392.643259771
-1342939.4923392273
16587375.134869082
62230022.482822016
39277059.137885794
12679756.824500795
33691037.316331655
21033576.502774402
26325069.746662885
13589175.197277322
5674253.457239933
10457981.703023281
-19614478.81016726
6745340.810964279
37006425.47289412
57641101.709345385
37085035.868160166
23272199.890549313
46434951.80299771
20053474.60303904
24119886.884165764
46984363.899111204
43129164.870024815
17883068.269784026
24645265.452376306
37880058.73450649
41349709.06278154
6717664.373471696
43767720.28509135
33238119.381146282
5566077.095612016
18977714.393510666
14135868.81804941
44361813.827310815
47276883.38032876
55572640.909416534
40790537.44936852
80204209.27714002
63576269.365857355
64571712.75466854
56969861.571263805
48458290.726952426
88610398.49936813
65932649.69433814
67103871.85366072
83806736.27968153
74092119.70855774
79778531.88534965
90808508.66604432
90166346.46956605
86020451.88591121
56272753.991882876
100287992.62916005
100390973.51923628
68942504.8425587
86336145.65135947
114197561.7865835
104753180.2127546
118545580.53288493
109750224.43906325
97933537.37880129
149702231.04565847
97161962.86192036
118163257.80854979
149270426.0269219
147290307.00529966
144382845.47331923
187755570.51178926
199932181.06538603
179650948.64990196
236606930.96495828
175941727.99818587
198305262.49189422
224190377.67425114
257450806.65453637
267366796.58157858
241076782.35221422
281313001.21473336
250094675.20733565
279015921.984629
270537635.794403
254292249.4487426
261056649.50661695
294348256.3122789
343502053.5950803
303877258.7092568
281653206.04067814
259859946.91338375
284907537.4499924
286200376.07413983
259661587.82750195
280387299.5293637
269260541.367783
260981004.99775854
305634068.5027742
296573535.2828952
272745760.8590506
248071876.62308186
219937067.98557416
263743948.98844063
229817614.43974257
240281076.4535058
219121462.31905344
232574003.66089022
230540862.70471475
195106969.25147578
219388843.2851719
227283529.44384596
203012061.26517087
188015244.7198758
214868118.58055875
195013635.61199608
185866343.2085691
139305395.22821492
175749593.40453452
170110165.24763313
166845963.78226286
164697870.05897835
198868208.45180345
189061234.11143258
178453507.50210315
162881318.80298305
137930597.1090873
156458156.2254854
124701465.2383266
146574324.0561537
141976795.6721171
106223216.28778136
97070660.51342319
129527820.71107589
116577762.96209182
180482443.9900448
104573533.15311007
113224545.26693662
105170497.72223213
83400163.1096563
125896889.20862816
103077316.97275569
85848417.40071072
82365979.69905661
106270286.0054294
90361097.38821127
89537811.23537154
32719286.94134514
56712152.36255315
57223630.2684034
113302395.0543285
57151791.44468092
35334278.918999456
112329366.43810868
78838467.70445982
65077917.69392071
77500478.88942167
37821885.70982975
24403639.566278264
63840699.6173661
59146548.602146946
56781305.18548058
47735646.72331542
100890029.13091339
130136156.5205194
86187809.25343184
107457360.72397725
77839148.82863303
137200462.88555962
143124483.20373905
144668804.13281316
118046365.97637348
93927606.35109383
164663134.10934556
151702531.11629272
115435906.90546757
93733058.2715418
119055670.58832663
91095782.78467046
48320269.44907833
107794904.58714469
114814752.70619847
106146859.9919433
116349446.30484404
121869911.74531494
153149724.32956624
148214253.92481473
157761592.33523434
137986283.67118728
160995597.89118594
197695351.73204944
182475081.9510698
187247063.2986943
196129488.00222453
158905851.72962624
159024657.2869216
163386809.9006484
181009586.02069205
180975440.16037792
228759535.81444144
171301218.55617052
207260230.61309007
281927184.3989432
195655179.13475063
245169496.70149055
251053621.3105672
265457802.15824655
290003550.4384621
307832279.7709941
303237992.66868144
296247967.74458826
295132780.218661
282099881.9972752
282873112.1062057
287503659.3686619
263435407.23793933
251071034.0606618
240280227.70649442
270241477.76024646
252347323.06217027
233115999.46724144
245414704.7739425
197036370.07600027
231061182.64605492
212747620.86027974
167782045.79557285
229556844.85069212
233434527.1099607
187505171.8913781
243457988.3782604
190038534.34421962
168532861.79244834
164193670.2333005
186060037.32656837
197354856.31863147
126052828.64301328
154491335.74128
165323894.04884046
150016382.5093442
139678313.95078516
125423181.00951818
110553870.99265796
92637619.16701484
70475993.61526951
67459971.14980052
89843544.08981174
103751446.75399573
67423983.34002265
82367884.35860705
52364133.32572484
60660607.58225879
63014335.15664685
42914439.99874475
86205871.92471789
25635704.14251694
34488117.07397887
53578179.01766276
7253218.774908521
50396955.37662182
28023617.257878065
1300682.3339472637
36004498.619795114
22074687.986174777
63609002.69491813
33036515.360945147
-6241323.35421975
48061390.19684563
20940740.99034865
6578953.270145118
30327484.330663033
12916484.857006496
33447426.967328444
1164261.2644199878
4245883.372401302
-14037293.854351524
-15279568.408539306
17865858.087303758
8635241.572263867
15447951.03138053
-4342687.419832967
39005716.55319504
11459038.421165304
-27110789.613537896
26900292.59340491
27393345.797961988
-8813887.215348411
15415415.506361261
-471610.89232491143
26391069.851776578
5650001.236515554
10661656.811859164
11221905.979286548
17809272.476012215
28658974.387629133
2677729.651368208
11014571.63476438
-64017490.29560078
-12630213.861358058
-16056794.520355571
-17791916.744139466
9638196.887156358
-21487727.314690843
-28922388.955548078
9433130.315440036
-28111483.98103537
28354244.480575997
18926105.900544863
-21393989.632179327
73037188.7074783
-21529066.61255008
-5866378.346431259
2831406.5843987875
-42387344.666440666
5530982.7208689
1981976.5182145603
-21429771.711675204
6509254.491887312
-14923760.839433342
2435013.9343780247
25169073.067157097
-2814530.6396702807
656538.6733800201
-20258415.403611142
-30027253.65905591
-13716018.88953017
-9676439.765363622
-9268017.348296966
6633207.691506009
28508277.88160135
27669102.38081862
4048852.648732134
19389471.332212765
8365296.524774246
-865611.6351786056
36633972.68235065
-4815453.04385856
-1124290.1742166635
36495482.132579
67867950.18538103
42914664.6501828
32245453.589268625
46147611.37861799
-18352707.978720285
64127356.59172779
12208241.82523774
40529618.810105085
75841366.46205844
43256120.1886634
58302979.15793108
44312436.715548955
49196597.626119725
46826240.89750323
73645761.56075968
43121872.358966105
71204093.4855598
71217188.63035092
106044180.34433891
77138107.61210057
101175341.1973708
137855487.45803398
124792961.50777623
111841229.27078436
133543765.8515749
157617824.5185729
166836802.4274071
212153705.9260999
238233191.72725937
280154322.7390857
281476154.42645067
357238290.8982998
404727892.38965034
463026872.45813185
491815293.5704957
515280457.03770643
546906058.9264885
521997166.1387313
488723041.0126791
450028007.18086976
413018751.115033
346161349.83759844
321936534.882368
293112208.8130926
292122672.5799365
330993662.6088184
313241443.6634932
346124838.567812
389150598.35706383
438073244.45613086
461601957.27862585
504800846.5735687
579280908.8539989
608458722.0892612
673718669.9929951
690417037.1896096
694919215.1962706
689078177.3293761
672420818.4219317
658180350.0993135
690738746.4342468
710870299.7291824
693665487.4018518
737662258.975655
824540148.0287066
885438440.2199143
957063609.9814869
1096181117.3040993
1203527756.5748513
1351494350.305979
1532767422.960968
1601154144.0029385
1714881720.9013178
1786457206.007317
1798286930.7876692
1801584088.6217024
1705224233.881072
1674640766.6856601
1605145943.315215
1512536659.466815
1421309992.0353658
1359741632.139109
1283026545.7167962
1209139297.9547913
1195512178.8870625
1106310770.0394711
1097628517.3801706
1078956794.3341384
1044030845.6350335
1025918198.2908436
1024977346.3525453
1013067663.9494972
947925145.65793
988413625.8536489
941468917.9061843
925267988.2336552
964634382.6857667
916462413.0798839
907183339.1701465
863422780.0264853
799076014.5420914
781703437.0088215
703195937.7242496
647972833.1672935
636364421.9412158
588628784.6860983
557472414.420803
537264902.3251593
531787687.71596986
485397535.2561357
502283460.01636034
456178567.52338016
407814288.0570466
357439879.21882105
324548923.11108273
346932736.1022606
289205272.28157735
317036049.4759552
315991425.41832066
273666984.9737015
238122881.4579836
205088678.44032007
213721601.71723557
247154085.77251804
194994122.96290046
175215851.48683792
192623006.8804966
163748671.05303618
138661938.43817234
121390524.23935962
159813843.8926485
129442171.29577912
145949668.9487102
138461782.82650036
76536238.73433845
109559675.8906545
102562465.9756979
115369671.52082434
94391700.42693101
63267382.51530631
107623203.02596603
71223545.5359161
66747459.85207291
71008498.11037934
67184626.92492367
64866375.53871745
31090707.158635743
51757491.60221355
79287993.93277673
63165160.413018465
25064628.45815506
89239886.810201
40687439.87809794
40657323.028710924
72141928.74691796
49408175.8990845
36079199.03830909
3183441.062395703
50290433.28345899
21820318.6762013
41368965.5964336
31984718.84131986
9449064.850242529
-2098315.023140587
-2551500.067284895
24363743.430876978
20636836.215930544
5283180.726843098
59607945.0604881
45132470.67306411
14923618.154454086
2058516.8127908865
9372231.854888242
29409150.339121006
-123679.8485708423
40157582.91284633
48269279.322541595
15646318.260270666
3564971.52186675
34899514.82467811
10404899.08296204
46145263.262548685
9207708.766187211
15971213.92392666
5834630.447818166
6270974.761143987
-19207615.17758379
748890.6631571576
14876134.462179344
-17720510.91959558
1176014.7555455603
-26999981.577729985
17632185.53556301
-51936326.93661003
11222659.420406403
5685405.923432898
33868492.28595564
58619113.765242875
-4566095.610464833
-12143840.904852483
9453055.336389557
8112579.230713807
-8767184.725532275
14302268.212057408
24926353.45473563
42340527.65244994
17715997.280065384
7043704.210581516
-10071316.904095396
24334715.17539537
23946244.977109205
25916295.651403427
34558418.43817471
-26765107.806979112
-3232023.5357339736
43801109.89496223
24286791.303753473
42704376.97732686
10825621.370177828
-11394910.513231348
-11957223.611147534
26768968.271664128
6463830.867751509
-41860969.61290628
14998599.46122799
38260547.35000521
33687582.16070309
40669195.191195175
23791098.881866194
35010891.00185894
36314221.429048374
40980331.99932933
18807410.03746322
12394966.860443015
59804505.10770124
40143087.56781328
35276901.67547826
-18270568.36506652
12680579.899662998
48358105.1438892
31205008.386215996
13892514.552028831
48269287.20141614
20206276.173575506
-10015799.573471982
46350880.27319853
15321677.064568345
36662810.31942756
43865875.73764323
20282043.055436358
52859810.34661637
20250148.91962509
34143323.02976402
66682045.5107926
52159677.22888076
57679625.4168664
83564218.617093
109872090.17169286
52998926.445516914
98286822.57589005
117856562.80946684
93929439.7219533
114444158.56179658
134893420.00797194
124289272.71334673
150095384.46419868
138509954.3215439
144097657.23929533
189126020.4925576
140328621.6163667
177884362.88138443
178300536.39333567
177887354.68824825
192553441.5202925
186224784.22364134
233400616.53832695
218350761.1223169
269753863.2717424
260598629.6397886
219889228.56863108
250521718.6658647
251572984.72146
278098079.6010348
241161033.3693317
273147461.76765865
297044308.9110532
247537001.8856903
215826185.6580773
305337280.6439644
276406227.80868995
274343892.48386616
290432385.0062978
234460483.38577366
269373126.2276925
255571778.24110806
275655331.93557143
279644747.88927764
275246064.9669471
236740772.34209993
252167422.52269438
274116070.2231912
244142678.17639083
210630921.95055503
260898364.514254
229543807.79720965
219105811.63341075
247738960.01954585
226811175.948276
212799626.69962537
169122831.20160097
217506370.45170426
169545808.1385826
157395265.61921436
196961863.66336876
176614805.98185533
193820015.39715278
175694133.49754253
136655339.43766955
177989906.993337
214931409.07727075
166007348.44344005
163907270.95643756
168820129.5262564
155553975.86142635
142002911.96466357
134375838.00191668
145992513.66960868
129090666.55060445
143175664.14298192
141800607.41026077
103464844.26050332
78075777.09344405
90138776.06258228
97482936.72703414
94564078.85451378
79317210.67433515
127715596.6189284
94503734.99555698
57398688.666841224
77244193.92301893
93174434.89673516
89529848.97605145
66920634.038587384
78375287.18438324
57915444.441405565
95712604.61790591
88342624.59606892
69543170.59295373
41858979.14182228
94365999.91342391
90895795.94262925
20015338.32071814
20493343.125243124
57757503.34142942
14710315.27494524
29666938.4672281
56658848.97794533
11985292.920578774
20194766.36842721
37868887.6326835
75758900.81477535
70294209.7436974
117066449.66740583
91485821.59867117
112016606.83089158
141677116.2509829
97894998.8936322
111258087.0868418
115946091.58164889
143681313.2839871
143493732.96984327
141968332.16871914
107425191.45341793
116068521.59969829
122538846.6270278
98064626.74681836
130707123.44168314
103308122.38827048
108782025.29815154
117582228.60420232
129186878.601377
129832696.77661586
117831081.68876328
182878528.57208565
190917628.78568426
128671734.81326115
167453491.11559317
179661704.0764446
152425223.7369021
170787855.41610703
191884481.99235252
207396408.22391728
204204213.0124646
182687420.34913608
169168268.82962987
222916510.29179132
227844966.7480566
214555566.69179437
241644469.58762857
219523512.61905056
192594104.9462283
264488589.37645695
245667364.66018537
273724261.4050675
271688127.63011366
250809702.19032693
300773419.1019745
297833475.95385855
289611140.45231396
284995854.42531633
314578770.2981062
287288541.63478583
272053637.3399218
273281443.18063796
296083416.32525164
272184946.65434265
303682463.4204424
279649300.77596384
261161701.09173357
270557511.4647393
229523418.80367312
249961233.09439144
288837038.4268906
218582696.2976812
240518222.40115738
215039638.53021136
169449219.91217592
221181021.40327853
222905121.48033676
195130974.01355195
133969032.75565182
192434980.35643417
137246022.66099527
187346163.1635315
153311427.6059947
122643975.14936635
131076294.77735823
169131451.06512436
136835243.90310976
107100606.88059983
105886463.91868956
118171639.94971356
112943116.9400542
66607786.881687984
129502735.40225571
43965851.03442591
107464125.83900458
73828433.51276046
68207882.14532378
48047704.16712262
85962504.17249916
56406939.80722356
25511439.059863847
54330145.6875212
36437804.5237166
63953960.60424412
27638516.97226848
24215395.765252978
36355531.93929887
75809102.90061978
39025906.310899206
30434407.968802113
7444186.984863244
33068441.7658502
66219523.76519858
61730173.32747206
52294939.26752299
70584359.29829851
34409892.73593956
-10716135.228558745
32161638.236630727
-2113131.689217069
-5756814.376416355
8670495.134884007
-23342305.329832938
27803754.619373795
6299720.9577626595
27343553.82176391
13351917.780136708
32091512.94816167
68482379.73054373
29561753.34866149
42499337.74113322
29398894.551071033
12109515.182721267
32334226.853907827
33304597.525934193
838326.6500357767
3875251.7702098656
-1592743.1658722071
33906386.13737727
-1439065.192193958
15125684.164846696
6891298.197028457
44402718.60178217
33464442.804626048
21773895.521730617
21254534.811664995
39504658.97839865
48049648.88773551
20075656.17573226
15178553.522512041
1417233.8406338652
-18639616.530983694
-19817732.35791376
17808741.308615044
-34007759.811005756
14364594.757894373
-30884814.557478633
14564703.155759936
8019960.593807232
5115183.616973844
14870895.127158267
14633963.816295957
32420183.688330658
-7045909.510129463
37095369.57228545
898049.7536646219
9815676.060955362
27922514.108641077
17603554.466036092
54623459.326696
9266767.23663573
2034827.0649594525
24021802.16687512
40926181.374135345
62040139.3464651
34104291.25385702
29481824.33312828
4484704.109270315
45955596.314014204
18647136.674709782
9479688.34509788
5767489.922094452
49226926.47432628
44627518.2446581
15213526.504222509
50190624.84964481
43886589.379648015
44435688.61705549
51209528.12503912
17963020.022565395
57826292.53018329
46961641.19772973
4051522.620177571
79631136.09193823
60972315.37994623
66748489.88425119
75302101.13604556
65389038.983993664
47080896.45726729
96301583.41498119
70909731.84883118
70052356.67089818
91086503.09522657
101957748.32344171
105235732.58609682
97944812.59473103
115026088.60424274
138805777.18512478
170688081.9447491
158479494.75294077
217875779.07735348
186024751.40795657
223182788.7059627
293727687.95277005
270732033.8072572
376727444.3196822
438402067.9281847
455217555.7202867
490341616.01018703
518227436.76422215
558153403.4345402
550147293.435141
536077262.92451835
476877362.6621605
387261797.30066985
351549715.46396714
347264631.0088514
303971412.589142
343253202.2253011
306776915.0632554
339721203.94254833
363336018.3908015
381569674.2121924
434908638.81988335
469171676.6753017
498440567.0318166
584960166.0466121
693367589.816849
678357620.0688126
704542202.5471302
677352084.9430472
727625639.7013834
630536206.1710695
619460092.6886305
620472560.2483356
651679629.2006369
721129414.4264239
754946318.7101663
800280032.5515974
846242824.7720001
998980611.6417673
1060646990.9490037
1236365409.4176614
1373029399.9349594
1476216353.6425087
1629703236.5179818
1716581069.773042
1731760045.2729747
1739158815.0654273
1752161038.8457584
1727480968.7722976
1637852852.7739577
1558427558.792466
1506638881.9211283
1436758276.4548938
1359544046.8789575
1282990254.2182932
1216148975.9502442
1187841872.8662224
1107239453.542669
1098512328.93131
1092255212.6749434
1021038630.2507218
1060247201.3918138
1014988076.2666644
965927572.115893
992727740.9245546
957821419.9302901
951311986.707984
973180076.6634107
882818524.0788581
897131316.1209912
895380449.6187435
846797955.555758
852198637.7121575
777285599.2837869
757722628.1259128
706885356.7135245
664394364.6300983
633919602.0212506
592556772.8949708
557721118.1816212
503243306.66094834
471460346.22030795
429151346.5170156
400492139.1775072
373639181.5176782
405339071.3239608
347877486.90841573
334285403.03735656
328118206.19714826
305762070.0098961
304297866.8464098
262663189.81117448
272929291.14098144
249779765.25382563
210581779.7964058
200137316.7468646
218494401.41427025
213487513.12115392
191456935.5347267
148840187.30667517
167842067.62950444
147974566.7662411
161763444.12185815
170649094.65272528
136348114.71757323
110605110.74178909
83022265.15004084
109961379.97488566
125893985.12352563
73309341.91550148
106598153.98680283
109548619.75308652
86229190.31369233
110284183.66680527
81291617.77600992
112818108.69792312
49315512.25449588
51510209.420459
98053401.84669915
86078598.87962528
77917986.55735292
87188725.11355078
108653963.61416867
78536128.16853905
59376523.64423931
49023615.80614235
10108400.990776876
41377250.66996111
16542136.529285155
56321438.6394467
89705354.50963037
91529300.51876369
77643872.11892346
29950464.200323142
59771702.83151784
39559612.46430003
89740901.6658532
6760582.34035534
7414558.312647143
71941522.06246877
42909739.60998268
44429563.27903413
39546859.060270384
31590314.03393779
17376942.790974077
32300269.554872513
44455129.1718432
56301254.90904078
-9712943.297587391
-18403485.70857283
44101005.836295076
55525482.85507097
54273223.26075436
13021200.108979456
43828642.25384157
33788494.77014767
64279041.668512054
28571531.7074101
-16529103.885972887
41807071.37974853
24187563.37865306
4992236.931192927
10833417.786961062
60175370.08414636
-3722718.582679147
39651675.27187971
24701740.75182529
3928598.0679154214
42628169.524884894
11674228.36982773
-5040896.85459946
8875473.947027769
7272319.411514509
28406002.995855223
25474213.81933315
-20676751.372766435
3865173.78300274
36418155.436517805
21297949.264632087
22077831.052656367
43293406.28084276
-14153245.43322789
35160107.08330038
29577110.12445727
37102381.52952795
-2974474.009128956
2421021.370113676
55009285.66869405
36422834.402006224
19946805.819001585
24121638.45521845
41723408.21569112
34700974.378410995
50207285.39157432
18718565.594597027
14384988.99006597
45757000.754267216
18623126.493015196
14751066.942030435
44406168.83090386
6946650.188162849
25259188.799816657
31924996.322971776
30818305.586935215
43698826.319797084
68374244.14106716
48554312.03884627
59978030.897531986
91437033.92956547
95810482.3996478
75762377.94394022
55290597.70968067
48715341.63691855
53942560.82212481
43398943.52574096
64080474.3196574
82683680.90763932
46860370.917537816
69992619.18752192
71207926.9363742
64271810.212538175
26650553.863498993
45030797.03741113
72094514.86817975
65143902.13683999
85190273.45700875
91672037.784617
55721489.98534492
65668430.77798048
94664396.76739633
124263802.36882722
78320058.37333015
76352535.78243203
122714622.41161084
132877252.57999255
113499550.82672474
121854729.2170457
144887854.4657285
121991933.2670395
149469336.48537418
142452366.53349805
183060796.91469026
185551015.42211327
203689337.1047039
179109346.780274
221328917.43100882
236460592.6384797
216221974.96083373
276280846.9669842
230552398.08255088
238509813.6412245
249559817.20129818
277157591.3799209
261691449.62786618
287561882.1163145
308815152.5664572
251731756.449023
259604189.00297457
277945293.81077135
306387137.95206577
275595360.14750314
291876208.3712508
290643408.11680204
277566864.56035095
277295809.09626955
253447866.39943638
274171869.9758734
277387324.39532644
270035380.3685935
266674255.45444095
250824852.7871731
255668480.6840384
263589422.3715495
234029367.24894986
232637863.72970948
221380651.53830788
225362359.5478457
199007255.7998862
197046986.77221632
189906007.4164862
213158902.88660157
231092161.56159648
232489335.9584008
187682499.56819758
175321009.80947518
224836831.49362943
186717277.78507614
160644884.29165363
193016773.97321543
195647190.8185975
149521647.17586768
182651764.60351264
150899788.07057193
172623775.42733276
191507403.33803636
166673971.3190754
136145361.6299271
134341667.17218015
103256022.34564848
146420075.76691484
127221009.26313113
114014572.985448
194618534.68079975
130720040.50607856
120738448.77436364
93692318.09267719
107586741.34695454
106238403.52980481
86746518.60000065
82349609.78981
101492855.30392918
100768147.51196635
106063505.19645916
86631893.8173507
60898944.41080444
64591177.5561356
92441247.46754523
80521336.02398326
53600056.04595366
48625198.31024013
36327565.78897226
59994715.68280404
20196316.860557992
47060180.43389377
68631823.12929185
51125597.84474142
47305404.52806036
34416361.60959127
78779059.78282732
72582794.73206554
23274896.068963736
73680109.30203731
92718722.76275997
87560665.01219729
99650080.37997265
106921327.04232179
118186127.51893261
94389648.95282727
97482960.61084467
105591390.58004346
103988916.2874434
76584447.80624363
116050563.06161964
127339496.4865959
119140158.14795706
120066162.0940159
115140024.103037
79560169.62590416
82745507.94226131
128611885.95546028
96542814.28298013
104425929.2070792
81404513.33307794
96383689.34223583
132167828.13568579
93616477.94267373
151136001.7573316
119889987.653826
122185956.38143915
182815395.43587038
178170887.24458307
184038085.06863022
164011293.02824217
148568251.80720365
151669656.31710923
205643803.16990596
159066024.1814138
188205758.99980438
172333367.7350242
209679499.75986755
205407303.4758867
200573611.30273288
243923196.7773617
211659984.55000052
250633626.97091568
240865003.84005165
221786503.21890423
264292725.80584228
258651099.76830718
212061165.76806077
259731179.24444777
251139256.74463916
287931238.277635
253225642.0033835
275082356.4133712
288091579.9428996
272520797.6789014
265681079.78280023
256454139.4135803
245392429.62625426
227411655.44442916
256840388.13110346
242971195.713406
265695862.1314484
256041369.643067
202204437.2631597
243010214.1925705
223119454.8171319
200105033.83899835
231063635.27564165
146875655.9447733
199352948.5912023
188918423.23768276
190770195.5632385
142060265.72476617
142836885.40180075
128175858.05475849
120872578.30185886
164742672.71773008
107205712.77749738
124579009.0419289
123756108.68246357
133972370.08197038
93718084.71670432
59038453.67522975
73624564.68118748
105287639.90236735
44658077.72428031
97977160.57933499
88564162.1813246
39737906.62741033
51516810.36827789
47086150.05410314
78553627.18499549
46593082.53604908
53315101.87842502
19998191.563646764
24005958.115027692
40233084.87479079
36918015.8265763
15651632.018399447
-2133271.4044150785
38993339.54740241
34400648.221993595
23355526.24148044
840770.257514013
3858212.065211026
-14670826.74608919
6865106.131204254
-2067010.9416016284
-10240598.713589057
32968564.390358057
9782427.996365968
16646707.611986488
-23988452.21556882
-9422656.87231296
11689142.053049201
25034921.037196893
26330278.83242125
6068406.884541737
-13104808.45724073
-18660458.97862477
-16636106.475286972
22495747.015462562
-18379146.505976588
-19055143.7695063
36837682.01605384
-19358866.119030677
12699318.129579347
-38305868.61334455
-20550156.50136444
-11746336.5402993
-2461817.847950032
26776777.524387624
-9264934.708476406
-34814352.07958913
-41637738.90598684
-11190632.975684494
-38504706.644971326
-22471602.302908957
-4671297.800415823
-2182089.3693858385
-36702239.44880108
11027244.76982693
4397827.848975651
-12222123.68559618
18389237.847440735
-46256041.43144987
28682796.236917567
26405624.47709713
-6958410.643873103
-3216131.8898039125
-25392986.64619472
3561255.6394794434
2294102.626355894
-22410222.115407374
4974534.6118576415
50531719.68257967
-1354276.5316424835
-155027.1192168258
8488602.340265814
1796863.204400994
1118223.4754872099
-11536224.790056411
2692097.1355848946
-17366088.319623202
-35979911.89370027
20240982.5039647
37273210.554932974
13137543.50315091
16209321.554405011
7149597.955256119
-15900095.924186565
4067220.9909206554
51012120.85645679
26533311.277104437
10175354.148899235
14784481.79310453
35656732.21232458
-11337381.19590693
23741643.88149798
38772118.70608444
-136522.12355086207
41611374.169208646
27336009.147348166
54205515.26111381
30726469.297057077
27666328.956684843
38232000.75702408
38656231.34733401
40415623.54119179
63463323.6694593
91293428.24506815
30203140.65861988
50042860.569939345
75497847.89978349
77259983.3885651
55656455.374151796
70611670.57153395
135153034.35617992
136395466.77693608
116983216.05483276
131997981.28700563
163035212.99502528
170797374.14770746
195736566.25378597
221470189.09548807
231648659.4538356
258834365.86113822
349207800.5027808
388265549.240188
417172112.1922184
460069999.0591538
530497135.6159115
579646912.9110832
506950914.2264104
470734962.5219579
430556255.1427989
376395689.4621842
338061359.90789187
315835494.3216075
280648032.1576606
275746994.30674696
301056746.0967623
314854960.57928467
333908834.08597636
362520219.6192032
418509840.5042691
456080739.04435265
495299311.9248177
544562975.2493728
600969483.3217363
684842771.205085
742430083.274651
692988916.3596795
678351078.3906841
647566046.0969143
613526195.1023965
629127016.9252446
608588998.5161421
673888395.5545329
733289853.4869055
749280371.6825435
846243938.23739
951585986.2972381
1093793264.812883
1229521227.1730852
1309708983.2329333
1471153346.6733608
1549536243.9211054
1628352450.0351682
1694743452.671348
1726376821.171639
1725684381.2737846
1650431347.9776387
1602098465.0108037
1526980437.7359495
1454936225.6891298
1396502035.0815
1323456911.5629969
1233574005.039308
1163437450.3646653
1127654198.5231
1124133035.7342033
1038587240.8845026
1012553870.3039258
1008511572.0838835
1046792973.7770517
973808952.8231416
945846766.9961734
983934260.1558774
934480799.8989642
930371981.7214086
871962927.2426562
929213822.8136213
876774314.4917073
858543550.0335038
807484328.4424133
782457374.5976663
774041589.7271862
691154070.9670932
671669530.0148149
644704098.5249119
581276309.6345583
501923803.2720587
506879706.85865104
466058942.0089836
466997393.58522344
444980271.8047042
438124417.3257373
430093463.2657199
346765248.7698621
325104374.61910117
331378854.89226466
278165726.8154875
254854653.11862558
236206103.35581285
265324677.67364842
241758125.32503682
235806464.3110987
227728460.9222265
146097067.57844442
185675849.42531544
151422331.303516
148743087.02329236
157768755.86591825
142557923.55577222
134612271.87228322
143504137.24448404
142149435.70989645
157144339.29104182
123460080.82095912
89060742.60442677
155267234.8743464
73200998.40149418
62911817.983710855
72342024.74626283
89216986.11586359
109879895.75781554
56689836.02459128
81940642.91672006
60000588.29385579
103967703.15243655
91663108.20330003
53599454.43713167
64102217.363175705
42110660.47321546
48773421.84001586
39448479.51238403
28617658.43864101
24598659.868912265
48951122.848857746
38450081.73673126
58919033.08950104
24116978.46223647
26460672.993104175
15211462.282372303
-481911.5649974197
29518451.54886374
-1150039.8732231483
4436361.27321697
15688293.045124799
9999246.639104918
15297111.802750334
45893776.67569138
32055221.87521282
68017397.88583899
26812240.59071842
17200479.026100434
13047295.48960802
-5252995.2998516485
3039619.8850767985
25484722.574553713
9283092.838318799
8994991.96461749
37291923.955717966
-2694806.4082237855
24943788.262825847
1030121.1469287202
39541074.553517506
-732096.3201508373
19169657.21995159
-5236226.657630503
19890584.08481325
5874763.7301975265
-45837495.21183619
23935596.018161114
7143892.283557838
37677879.69570323
-46040627.77501764
-29123108.64546373
-35059946.20752478
-10215440.347294584
-22809280.45366578
-29168315.054969165
6248634.618410721
12055389.224578254
42762254.595453106
-5896953.110916132
8658776.414515566
-4006465.9781329
24381157.044037316
26275182.218082104
-20028012.799292736
-44404912.03035626
277249.2914115526
-4669045.339938324
4797469.984516431
-3626746.345769709
-12354214.567945499
839977.9795969911
-29333823.58190427
20650348.408025153
6225471.207117751
19998165.468820322
26012037.49048937
8227465.833079124
-20364715.013520293
8865140.791594652
6785800.692832362
8544408.512618056
-32473211.731482897
-47905033.04650355
26319919.701691065
11898090.966110006
24559018.659879852
30370705.005403202
23261717.476173732
-24108122.447449815
78603823.08817697
26304033.402020082
24742246.103150986
39194320.4275225
15453167.689993523
55876751.31088188
3737703.6309787035
66904235.12498479
3591002.2685405985
8262743.930126198
59625673.632599585
77243233.1104959
11321363.170184717
11269820.182473764
81405657.5491287
25732183.666575387
24663226.067979515
40737703.22193407
34739159.930052094
37893596.626375645
15079319.710592896
60760744.87404613
62694081.09454951
55700834.28312722
67469390.9403608
68492937.70105542
80329799.88679878
59382743.42849775
78055620.38218343
89962460.54612747
86425525.44753796
64505785.72674966
117962667.08854274
74298578.92100176
108805351.96403989
94697024.70933829
144783993.98676068
135036040.25334018
95838708.10907617
202974623.88102704
119740946.51166546
163403144.00020796
200611674.52516496
208000262.40912122
224236555.10663363
246210074.50731304
204843054.9106112
204649481.71476063
241568582.25791314
220005996.96836296
249126925.404249
258741603.48679486
267356229.70427743
284719002.53311783
271162858.70473266
251921249.36083812
209238351.8378056
209984202.50763917
268322800.6356449
275595527.7349144
248388556.00739604
278371132.7937982
254052852.6067014
225193356.03539085
265830102.8945101
246468180.9899864
276054870.30968916
230529784.33243948
219921869.38570315
216298334.02375245
252190854.15540636
236687839.29641324
209796628.08012307
222834860.08883893
223089438.46320376
255505434.08342046
208138898.02937084
184472636.33656508
133250861.40918383
207960013.34053165
210554441.18809277
179634721.83156317
191354413.01256493
160919898.41350895
172757189.7679365
169254367.99779063
135585841.16755152
183946570.1210384
178246440.63337353
117125175.28186251
132714186.30061007
96664432.2030451
110662274.98958388
117988324.53570816
126507478.29386143
127060030.99220258
112471210.59589204
100828080.99549007
123491548.19776256
64671513.595755026
62178783.96861552
105623249.59221971
66807176.90348036
95880607.79494475
104297511.25902683
92858780.85806733
55875163.63678309
85293596.07560745
50576670.349335626
65362878.32137382
58026826.14592481
46918387.47854413
81462037.68264088
33421115.41237676
71292817.14029717
55071706.79884498
51132257.14268901
70412427.43419355
58074673.50492992
45399308.05932355
33927435.46564653
7669611.333640039
19865196.19980877
13811847.501386404
55528652.61461506
55611531.19125651
7021717.477745414
30203538.345905907
21751144.105345026
141137.4880534336
109211308.77936281
90405957.53411491
51056365.16008699
92722381.10679334
87254119.16398951
113646705.99508576
111536663.50230752
144631192.38291198
167833458.42159355
118796770.69164601
152938561.56475344
141303080.35026455
100484894.30402833
130544367.06048858
126020673.69355224
129736590.12850292
147500335.57935983
91386724.24403046
122982649.09970884
124313963.03160848
82306102.36205459
100944917.3939373
148684944.81575805
162771290.4718452
151210661.88849342
185672460.69614404
138748896.07049996
166760562.8441906
197685521.3399749
159019233.99336505
171104188.48440003
192132239.38037494
182287656.74330568
154883854.49779913
196159202.03764886
192315225.85514548
177337649.03069034
213902934.96155912
250286755.29434425
226048690.3256824
236799906.06103945
220174126.02959406
233252484.37884912
297879365.05414474
276024467.9137511
249553866.58333912
267265862.05113128
283815201.82282275
293435342.28526723
259031018.78326854
247307755.35417044
271545864.79553187
218888797.2438606
258265925.9927132
223598267.5962581
220512531.45485494
264859464.73623928
245501689.48345476
225008012.50898087
224459931.90916875
233759760.43925613
224857126.6862219
233893003.39246824
238354222.11152694
229149208.14226028
239163723.49915275
191322339.08059812
171305074.49681988
156324700.7636302
140161308.41468233
191041122.51587307
146028334.63256094
194566832.7716856
168395714.6140833
137054129.16926596
118731147.92550091
173227154.81547073
121401174.87845075
77700076.94965544
140929610.18167818
137075291.88967282
113949442.16683333
41993836.26390702
84298877.07074356
119602488.31382446
121560510.02225621
74232123.6536502
131213215.84579341
101867596.12787496
104074940.5118981
78332426.73413476
56209115.11077105
43730682.604457326
26275831.188806027
51613258.305181466
27147679.212388985
63561040.8884375
64364020.59309404
70138186.95974347
40844307.259327464
35993992.59561533
8744922.018544218
56221606.864123434
41719283.28484122
20727109.5148723
59909002.4399419
43855985.230752796
52494532.09973597
31025071.06257765
25412210.99917929
33746390.13303983
14035018.165432129
27690542.179235913
31690673.121997725
37579127.6064973
25461205.346582137
21433701.851412103
43388849.68292014
-20012614.965964276
4291793.606243309
19605863.188961003
-17247026.91102713
17514535.920461997
16619647.808450958
27132091.118587427
1675681.7155925902
-12713713.672331804
22834274.852535874
7261916.405663677
18009395.34793964
845041.360659973
-6049234.979989337
20861080.303058825
42065597.882174
10513318.524745192
20311239.15906047
1127913.3825346641
-5535556.417241288
-11159320.257805815
-12794547.350611974
26143377.35512642
-14611115.159719657
7983622.804935025
-18155889.604635164
42000963.758245826
39959146.10659714
-13206479.013398478
13994577.00804322
4325186.587986573
53752877.658584505
40637503.638337016
9325802.634231588
35470947.4150746
10425211.552151054
-11220547.71308731
27558240.489304934
4897851.543918718
-23748716.695313063
-2134183.3720376603
-1226534.0987357013
7400536.05730737
40160488.97980513
26112619.263893843
39630225.31416703
72183634.27431035
9094083.617033143
13937229.40485635
42487585.459034115
37297540.61426973
22361654.45123677
24261490.196855083
10992744.85486633
-2138122.9481413662
60002562.14880705
25933920.997494176
27633388.710250005
45988943.2298319
25241908.980847515
9030325.955131285
49253982.59311241
53772865.46534292
28428563.04860924
48068450.180468015
8066367.887208335
26411536.2912623
50256990.34111107
48302204.04229504
46550211.9313506
65113747.76372135
73565526.40674879
61598597.09458786
70368584.27584848
84708095.80745028
59240653.6743729
64987123.62372883
92813626.79039474
83064541.97508761
115877067.61544141
145720298.39168897
150105166.6789348
127959840.3372083
193734663.0629797
210371869.05373198
202973743.57052618
267509528.58076376
267553255.20548397
350181578.3287282
380396616.607587
449914645.9187664
489663043.0595201
502140864.32254577
536811379.55455494
516123566.32753205
520489491.0179794
447358270.3256774
399782752.70458007
326906395.90095866
316952755.29373276
286024011.7532917
299577664.390018
331082350.5243087
290322236.72613764
333934757.9504999
370903095.0198562
429133347.1411667
475910891.6424564
507852726.568993
601740003.538932
629781302.4555926
634180575.4856671
696611594.6562088
680067107.0035722
667631816.7924984
660258561.6869274
646960663.8070389
633701883.2032536
649370887.5885243
685438186.8350605
727933497.8599002
803200354.4761915
868349549.5248752
967794046.2316597
1070919570.448425
1208768791.467895
1337934535.5565236
1433958223.9202223
1559313227.5835352
1668571884.888504
1699816309.8533802
1686840184.3194685
1706326830.9659977
1653757156.352541
1548250911.3906493
1491959204.6233935
1460524012.7417316
1373390588.6417966
1298216129.744764
1227377234.565994
1162336659.680412
1152292691.6940045
1117330715.143135
1078528347.503662
1025234538.0895846
1013572458.5378902
1029653552.0483391
1028448211.8616173
992662689.3549814
982561604.9634168
967949649.6513157
921826852.2850807
939174155.1370635
894942000.2533629
836846539.312971
851879627.7326615
815287571.817116
798523024.109421
759685820.9115207
718580997.9727932
681984807.7432693
620944046.6709192
604682436.0825208
558673368.1499999
533255479.9141017
490426221.68688464
461685856.3128798
474781988.9416194
376553481.8217632
368481192.8564324
371335490.5426454
324615266.98244375
352013054.3085372
310788403.84764355
323519059.6866292
271585450.22521776
263298728.43166602
279561025.2730804
249096840.5731946
192918679.9225284
201373273.69487828
225586360.50491026
198530328.39131945
146855918.68008217
178942671.25398844
189524118.97597852
100658444.55049863
190392315.65082633
145776762.8061676
167420095.84141943
132921479.23983821
135807277.46668768
114479513.72590335
106102124.03873016
125319191.01085484
65243123.61748256
104327494.84822366
88262862.26081128
114492925.7554067
76904836.36986609
124171545.89302392
64496400.988734186
46074115.40990706
109423423.66813108
35267469.28044082
92098877.73754692
134169749.19494006
70482551.77533805
48633226.03922561
49739949.93325008
91814187.07597464
76220271.59719326
31796718.985244468
61273561.64921073
52825111.5547184
57981298.234104685
70859742.43238184
58715860.13292201
40803323.94994746
45056097.19556528
80897886.48236173
32825742.748593643
19075198.532090023
46541053.72186525
76566204.93592161
21940147.363767266
40431598.636661634
55641304.411198094
47652462.44229455
91213757.49365966
13483089.585325688
75410913.49220169
58525491.17859657
65006057.62355666
34867044.363901
8772002.82501819
17694547.708226167
33618095.37109192
57616995.722842626
8505455.572899502
2084177.4872221388
25717483.350421082
27446766.733470112
3214288.3707110584
33000702.13337152
13467918.09743833
34101023.9689551
-3962666.818930883
48589246.31712026
62837671.63528162
44501731.31277971
46104163.44839094
-5256138.354265932
21364728.25175675
-2464842.2895848565
23048051.567926906
48603247.17515408
31832979.298266593
22761399.447885573
41347589.06969431
52091457.30711147
-20992601.006066516
5214207.808091195
38908667.20695471
49567984.44431232
14799866.30408942
3425600.703462988
26835923.70379771
51946720.06270407
18183202.12464211
45873077.64886571
53571225.16942422
-35166553.479024775
62720536.19301223
3332454.852519747
82714670.60597716
33951723.65833988
10508590.652933704
41638452.354285255
1516033.152718056
34717241.949877754
39819377.95814141
34795667.246794306
-23655087.110541873
45330097.98297335
784269.2780090421
53413573.80246434
57366827.737852246
22503632.763150167
27463726.35242214
22919528.993669048
40406943.29672052
80669563.39978653
43282390.34332026
30276719.9185924
71722793.2820898
56310926.82845722
52384071.30099617
18539472.326991983
51879709.42314436
71279160.56342155
61242071.97563175
58336441.99426872
70960018.17437425
65820051.206043705
77740365.15780564
63050506.23416429
56502400.25084691
76452232.44455408
47797615.53149642
96429181.87356758
126797189.85856482
88284544.09174138
105612868.46898855
94524996.01352945
119054339.37792584
114026065.7181934
90598332.51123655
99368134.25840886
108544618.79907627
129866050.87465173
142569831.93310925
118304977.48010129
132666563.45232359
146731063.05774498
110009677.96605396
174547674.94080472
179119912.33068073
188317342.9913215
190671274.25468832
173781000.5831908
242150680.96728927
242129159.63483703
218963459.28870296
246413269.5667529
257948378.48928225
252305144.30754757
264579843.8277047
261023561.0986349
248042356.2876255
256907806.61481577
263315739.4794666
271890605.3181568
275376593.72782314
276311722.0189724
270346182.3030951
292981454.65642565
298129071.2033616
310835387.17289674
255126980.1583647
274629442.7467185
317139034.1243601
262947147.39020306
295334382.46180844
253495232.68112817
232847686.72199506
269082308.84892714
267816911.23694623
243186571.74328658
247155804.92634302
229783888.87611693
214078973.86105207
170557082.03893432
205602093.37419125
252857834.82540306
182213224.28719592
219283691.35842705
218476042.2856558
153849264.11060208
178425618.32380462
191406372.48558527
199086671.03660882
191292828.7288619
202047706.72799996
188599102.7885733
130417355.62114865
137767407.22589937
132574897.85036887
173868262.5417577
134962470.21815568
153933946.07647452
183979633.67349535
145297964.46319667
166215221.23165977
116064680.96240011
139262075.51800776
163473221.89696124
126110974.48380269
140344646.35271007
131793009.81049335
93322908.63973692
96918659.65084127
78770386.54913072
93740888.85249053
112127920.50975114
64415640.80865331
108923700.03105497
92472153.34743077
115709823.00536156
120364129.46955939
45623874.50113418
87324153.34370708
101179128.9129919
58320732.01797476
77224270.22554438
79655209.89798622
63428778.61765955
73882427.04875556
26112981.68012455
80607755.92836227
58826422.5972942
52906394.42766474
62124433.086958446
84776179.54057606
64784944.73634072
22370345.34949623
70378243.90030836
80513369.09514022
78941659.23653966
99048923.46094508
77066156.75518577
85559652.37891331
114508900.95181347
144840073.49082592
98786540.38380724
132926342.01674935
146055938.3064564
141421098.26341304
120362622.09368241
110291476.61825243
149064310.70099053
165420294.8191868
121994495.94666974
93469671.2018738
126590178.18373768
105874933.6422302
140188140.5720017
114827216.82350142
153595522.50107467
149153290.57044095
160736958.0348717
157849184.74707693
152558522.83413726
144175584.72288692
176643619.17959893
150081501.83687666
151761503.30760378
234809807.93535417
161901014.76139045
157537745.96982002
191399601.54195988
198979850.454709
174323175.9907097
211719013.43690735
223194074.98755884
207864953.53543985
209227360.5216964
213349413.01630384
205910221.79074764
239516951.54263553
238503905.81444138
237915392.4595545
241086131.73853922
231034351.98791516
247397444.56968185
279132433.4703332
257020879.02548447
297696545.7621906
262170260.28720602
223523634.20885503
286663143.69021547
243040926.97342056
276357736.5291606
265817131.80739683
250748923.9983309
248150553.7438165
249244460.05034888
216895615.85763636
209165264.75891712
210353861.3523966
211065025.7172239
227287899.20733196
243213147.07107815
224125047.5540117
190107242.96218985
180353301.98742628
191387348.7494021
182500888.99532747
176431517.643119
169834116.89920685
153266826.64166373
153105390.87333834
88780265.44002075
130177531.11162929
147668555.13035625
139207182.07090703
110104421.27904579
96231607.39312518
113264566.23413455
105653990.3070628
91392789.8492886
77337840.45697519
71779835.43243216
32737794.386001416
51820010.1391231
52084978.737404555
46217586.75422743
64205356.36908954
80129764.76992159
95520140.11660436
67629346.65080272
62137161.07687992
48148232.29677115
36837664.3803028
4691174.324073058
17057137.143167675
24664466.444449402
41845008.52333659
42563836.632798985
26739185.952746343
34437316.65450762
31959027.436760727
47424084.612674855
12969725.001153842
29395204.26643268
6758019.909664031
7918930.891122891
11258730.026931744
69750662.12699181
19288967.254684463
7633964.47974043
17654691.212242123
-13286955.1427815
-9537025.322311878
-45421134.01526962
-4402764.961237494
-451533.35262364335
6338750.027728478
28624133.657313474
43061818.8372247
1474142.398646492
49999434.40973799
21786618.167931896
-23349063.01609148
101098.57138180826
32378233.085879095
12238308.53134601
2121357.8108322844
-5582456.346673124
-8877285.60028676
3401500.8061577007
-11757917.836774854
-15985713.619354593
-4367633.412862258
5446843.687726958
-22153153.072420716
25884923.580965787
1035904.3885678835
-6564753.166907605
27348337.778129652
21831160.296957612
-6554619.211447109
24819143.42757704
3736151.5235224552
-26303579.070231847
19577459.937887266
29608609.16276014
3595694.9220157806
-3140430.765257651
-18461079.745207034
15263776.536502067
29575447.457912747
14324772.118799802
18308524.8514536
-8235877.819239367
24518202.506012276
21161407.353500012
15585934.82654658
-7204673.997434959
24850394.46127487
-799196.5970284231
-15547605.001336299
23190351.50977616
1742836.958841648
-428754.3736593686
19986861.979578763
26990808.54918828
-15728031.591170006
29723615.456741616
57385194.24170324
40158706.57080665
44769431.351886995
-17905283.590930607
-17955400.590760946
-4000714.0899255723
-2684546.0133503526
61348690.21043585
9969155.116739593
30960570.713406086
57042200.87876055
34739519.414587736
58225674.66617589
35985312.756811425
54735560.80965647
37876290.68511842
49015208.29320976
50604752.75112666
57879801.50081396
41378958.1331173
34993936.75523974
71719640.73872541
66796016.343274996
60961320.36727604
100211460.52281478
100779399.83919498
105180009.04765111
117162534.04355597
102843777.98743951
179143998.39376327
132433649.82773587
169832768.26423576
201332610.59130508
286408115.85840786
265999294.076796
290264368.52326256
378477839.08045024
391932781.6434027
479603496.3483702
483405688.2816435
578028386.6998445
505337658.13427925
505956817.75340784
468396468.35572207
383809958.4421221
343362065.75377905
338615649.46169746
297804738.0438171
283414181.8517965
331309156.58867955
326298355.8793292
338497053.3949775
324565094.68376404
399653744.6969373
465092949.0123756
514207389.9192157
512343047.4195069
637950429.607616
690461974.6222854
658144138.2601156
706243109.5394396
685010077.1128368
667125481.3602101
640473952.7499355
640891078.5255532
627408673.0145679
615569452.8542991
705137565.8663756
762260283.68017
839157315.472903
933287999.6682539
1051512692.2920053
1175883956.6427011
1332202792.3436902
1450892073.3734586
1531879698.4978695
1630927656.945756
1671072596.8437858
1712154570.6105194
1663406547.8360715
1635416479.9133143
1600908636.3701725
1536566375.1361284
1414815117.4897928
1329572775.6137877
1309650386.094366
1221572774.7951586
1200372210.713472
1135820998.4258416
1074726765.4919689
1100494058.9499023
1002717811.4530325
1001490407.475683
990424442.7859943
965606954.0371594
964327072.9949145
914263146.0068767
912949421.7415895
910731502.7202303
919091491.33976
897644646.3017985
893761932.3272895
851614661.8711828
828652334.5116735
813628149.6242826
736991056.4843916
692755126.8591305
717790598.1081977
682897756.1534207
623282877.8762926
542304786.1013916
519547980.18639016
485178114.5574181
486589034.90124595
427376971.2676664
423383112.98402673
408795563.7718113
348536983.98509365
385817505.5761489
323983661.0161798
323168369.34522885
280412083.4646356
280750987.1448413
253098680.48758176
240006828.36891147
202607480.3654045
250577717.53528664
231359178.11385673
198839945.87579155
191854725.78382063
184334785.3300431
197714979.87230802
140641578.21201926
176850642.5057568
143980223.57804763
145025274.8551104
115795289.0020405
132555054.97239316
114489483.13905394
129651272.62480551
128546451.95816655
127307428.27595505
124640613.1348368
85805335.58303007
60786146.562021405
36376194.47649266
69154639.75390732
73938378.59921385
128101363.87944376
91343267.92732404
82661907.31472345
78593649.23545206
39307387.099593505
48766090.681581646
27835596.119611777
41371555.52599939
46788553.48365217
24137353.511172466
58594969.862410665
85910475.12547937
53396253.783026844
68432069.82435754
25357573.062005766
9626275.127375938
53675606.68439327
59715048.74810639
55801832.02732401
-28294981.059454385
28408805.35072553
40317018.145876154
4160552.6401497684
29122251.192256168
41957368.50264218
-9125257.25942541
-12450465.069670845
62403958.628559746
44552696.33925652
29688901.52102255
10934786.99106938
10901416.116426703
36168817.83679673
86981343.26368853
27058436.957041472
26670790.052974574
-2957915.447936982
45968628.864159696
67944180.55363864
4995739.852982961
39672893.75142323
52893344.32519622
53301049.49156973
20916054.590119377
38662687.3586171
12991153.228453629
11658505.72012401
-42644769.545469835
-19195230.605806664
-22114895.44487111
-6225669.828194946
31616138.764228906
2771996.051971242
-6309966.755980011
5663785.697263863
21473834.209353067
-32111496.93210083
15622923.91534639
15373379.427503817
-13080777.260578822
36963808.66931893
14722462.1482905
15314958.564449538
40661732.66957304
1937711.747412175
35621645.91983363
16947155.28424957
-2271048.3983894996
-10985237.478281878
38517194.34468165
35284054.71196687
25789235.858518098
20009642.476515073
9442428.955676613
55460173.760900676
4561248.932829585
42823474.24140504
1914846.188569746
-6388464.414158046
55586302.32102612
34960679.89014731
38340329.22013295
54636524.32917009
21657990.208607566
43411342.36426656
42741355.55439764
18796408.37265568
44746841.02799471
28648654.588935733
38330215.17184448
54375959.491346225
30080749.622812763
47970177.607525
30747250.767258592
38827172.802923545
75589167.8462129
49156357.624822825
45471289.963521115
41168992.496716015
20837829.00007903
-3932207.1183949746
65626040.91542241
77853970.77798158
38370649.8607093
2459226.812199384
55881498.41072677
62350253.38636665
60566186.40932562
61169304.21624936
47723607.74555539
95204655.13481745
71471445.54519933
86407785.38109854
66071927.88155736
111475039.1235947
123347953.53195606
108039090.89824706
96555252.75223906
118099196.66867256
101609430.4051019
75236610.60942453
133838859.43742523
104588306.54655443
152419547.85273963
154123885.2323501
154959245.0449508
191653954.91712087
123869899.30700748
165992434.36590412
213313801.50734943
194678312.90486658
230619718.8571952
255731113.4491742
200836572.66921926
188817967.89017567
227375754.6804503
251234185.31943163
247633092.5706449
240552215.40685058
240570697.2194841
268822053.0350151
285063342.98960817
238132154.3627078
248893239.41772723
229936103.55909157
282816057.2461077
272900688.6255975
263144955.09866697
276739194.28583705
255460496.2037537
278507427.6218771
232594138.62347102
213917032.9735456
229956351.54292715
273177338.28215605
248195454.98083794
235462050.79816857
232222703.21800196
194725159.42840677
223112559.741237
245536365.228854
241169819.25669253
206960069.16404617
200326694.94135445
210108101.78710097
162766417.65970033
211460865.065445
230023498.6705718
187238405.29450807
186924639.63991192
181636059.1740485
143388535.60020024
130428099.56667507
147623247.50435758
211028784.400256
177766264.569446
130261255.63035819
140050212.68990755
108223645.04850605
159268654.6646818
144739015.5509001
139501072.60226205
114280750.33354291
102210071.47062716
120959210.50610796
122338874.73292498
85147959.90907943
106201285.73352487
117701292.31942254
86563804.72701924
115384372.01695082
93411275.01630864
61777414.20703883
83353539.76344024
125146371.47602302
106981407.99684128
89162312.5475822
64078804.224902004
40751470.784365825
61233402.72827594
65586831.78918014
50087444.84273035
67522047.7206139
32143386.740011953
57717609.26988749
70053704.16945004
55394151.50560987
38255568.87711045
19316866.483859546
17270680.919694416
36129236.17872776
49493565.90899498
45996332.94089785
33669875.68060979
5273630.321493696
46284453.812895805
31592312.582731694
73841522.71185324
109074833.23448434
98619146.76859277
132270649.2126328
108106276.67746612
129822376.87868346
150534634.49623817
84800084.05735998
137205358.13491172
135727924.73211062
130396042.57138297
146768325.75567606
143530300.879999
109289760.65647115
102612057.88623443
113789087.98071836
146016775.47874779
121485054.45342517
80778205.0314169
129893807.18588749
101066619.40967797
129203218.05142812
151782295.62811774
149633732.75667888
164930029.46434748
171310047.77606526
159447071.00681153
206631217.88094062
189792880.9959672
151881954.8557765
201894920.38834018
152480760.64392096
195082999.42320073
208397692.7960884
158545813.90671682
190906548.86974993
210870096.48800907
188776593.37090525
217248433.18007544
239504024.6433776
214049746.27550614
216919779.22811806
262749501.62345406
259956077.6755928
262297932.0098502
295819062.8645333
253812079.17192817
304372287.87273324
274497601.75628763
249806738.62199724
261285301.89141494
247492337.96056762
295056270.99942625
277155044.6142496
287014978.0097278
271535299.1347279
230178338.41595757
240396944.80536962
218500333.11040387
221023190.82364595
250649907.38627595
203467978.83978525
211106154.31296897
215874854.2841673
194142535.32980478
203904203.22435558
198764292.61544734
246378212.96143752
194717370.64016926
151343634.3140522
151895678.90151465
184098986.02568927
175167969.06380805
67892392.96293294
169051791.64806116
129007751.72854011
109505246.23291819
134744494.96355084
109875093.7352835
116216143.9182697
55368113.216652684
114767267.14096683
82764053.77632251
84361091.20187251
97237146.19266504
113863794.6537978
95296604.13391721
41627375.16866294
67738914.48194453
51762063.26453842
50018290.54308468
48728989.26197782
46980561.28945084
78800614.64002028
56772582.595092334
54908447.49076956
62780326.74760753
57788417.64165794
85684260.03016976
28782713.652432375
51955792.11280152
64521113.384524465
13376466.620536217
4598664.046448163
888332.8831687728
25393898.532989908
19883023.32554604
1974029.259422941
26497493.677103564
11270723.892191127
7199645.435804613
27218771.86365092
33240067.06004022
-10275670.078444725
7757907.261200662
31657352.73797714
-4118554.058355015
31121161.761871513
21022776.238312773
39103753.11943893
2437729.0507955267
18706041.82447651
12035988.88191568
-2517001.7964256927
37619412.604879215
2320184.479685559
-1613433.5358190946
6723307.785275215
53287749.67416166
-38324220.23336983
-22971488.986264933
56270814.97823252
-12454187.857290167
-3377267.0887472127
4766008.880685617
2383238.2126380727
40051587.01133411
40081980.54472922
14173176.06771204
14091098.549694903
-7191230.930388376
25826977.439566374
67057923.531120956
6511300.382140921
-18410079.569564886
10280335.633945044
-5475748.369613729
-455072.8310545087
11507871.415312782
-7549244.604414344
-9871829.01568041
977980.0969265187
26135905.012456264
-19715170.159223624
-13867829.815556347
32731343.47844615
18348884.76687
25560829.90147023
39742029.74234952
52338315.14889211
10558729.28990988
-7195796.131757999
2263761.216351185
15959050.58222706
37032407.88952611
28188693.745108254
56709947.07067528
39694841.100204825
16982518.858047366
39375944.96444009
11547096.754801715
29349310.76324835
33392344.847297713
28628601.623715915
37582768.70495278
-3639947.0237684697
46542099.77549061
27626185.219088584
5557614.012037918
44939104.290811166
51947459.48057908
48050033.92014873
25793804.77881158
64829420.73433985
27439701.426055014
7970517.107042626
32079055.071429208
65796641.075189635
100073098.25833511
43281217.89481762
33902985.891200796
73324678.67458138
81321708.92299522
61178799.45281334
68281526.67281304
91289093.8667347
109173722.17619032
119773943.77753577
127455118.37892345
155812229.39718485
164721245.02963877
181200947.36560622
168173169.97743613
191769760.86868942
225118786.48258203
258586619.1161989
329364648.3047793
343406220.4125676
408299617.97285104
445569458.6420219
515169534.17440736
516046491.4826292
495892535.712414
516442772.2632817
429100526.622038
400787526.0023688
350896048.6614289
256556631.39660645
271551323.7595133
321994806.39973885
283655252.64814335
332063526.616935
353287976.3860189
336064355.7219564
383113120.24690187
429742674.8608835
520461472.1094923
550426078.2455673
579750199.1303369
645961421.8799254
676620403.2062237
645461576.5272187
651014133.3175987
644420142.3745804
592540615.3413037
623972394.4967928
605722160.2311608
665721936.1236792
740684719.2820238
760900190.8138493
826129615.5716727
925352137.1146684
1029266646.247633
1125665191.6881137
1254641336.749613
1350820965.08795
1502281661.9018793
1624429447.5207686
1676872413.5149994
1659344577.4793649
1679288937.027995
1665885656.6372418
1549193617.5862322
1420389164.6041756
1389876388.625382
1359293722.7544785
1254457339.7791934
1196597075.8646219
1128669195.8291435
1114281954.4022963
1065349630.3076386
1070010550.0611019
1024812076.1885567
969070194.8247261
1004783867.7835871
959141480.2288033
936538934.2847931
921662150.9296268
911659316.1863898
924758192.3677919
894278934.92471
874864184.2855343
842216502.4963855
825287151.9166343
822642452.2465292
787300513.5129961
707825888.2048973
706047792.616925
687162788.6172026
604914256.9719009
605747809.1109854
568130860.3905721
518907760.73178047
497442001.20784944
453107034.0825666
407538696.34091073
373512262.1242962
370425536.66840076
398032574.67404526
320809495.8622235
319345820.77118474
319354838.4246673
297545319.90661085
246463582.2135177
228568722.90037808
225935524.88328055
257786921.9032961
231112789.60882646
173356513.09959263
217523155.55121794
153154939.79711214
226193747.0209726
166246001.3966542
163392785.2108276
195456413.96558118
152360028.96589443
140846546.0553317
132603818.64244416
106096785.88441849
104763144.51625119
111141874.5442688
102876369.27258399
114009102.08090667
78396706.80563359
129928187.23107508
85533683.62807214
84766621.42951839
128596492.11327027
108093643.36434236
46108847.40795103
74742592.11766984
81793055.58624656
69754811.02649814
86123194.17981191
97065588.80900869
79501731.05607854
65385638.792311676
75389772.19533291
72814569.15749672
54044687.872304544
43056429.341575086
82520490.08240503
38992096.429803774
47738912.65511955
38356200.78507303
78715357.58367237
46306827.77767336
32849552.123702183
66508037.15317238
33934532.1729227
64106857.45774337
43801548.35206671
34438431.242577754
35670981.79207508
68928753.39128469
45687184.985915564
-12835147.560444236
9115108.542436987
17315532.28230562
29235739.410579994
5567826.1668019
-6998951.672554668
18406101.975012194
30450539.66169628
23889687.90115349
50037878.498701125
72616321.03548552
-5657274.866279915
-4454951.392810497
23468071.46764919
-3972416.3127240054
-8266672.863092536
18896623.840050533
12588199.778706871
36183044.89660124
55270768.607278444
61845185.96694187
59025992.4569791
21843958.832210474
36680362.78822601
17339632.20499295
9518487.05037066
41491898.33503491
-3014726.277441941
24846683.40303446
41243226.34963534
-24645052.614931423
37076353.54492426
7065225.5966448635
-22989170.355025273
26038092.1617158
48377728.30890946
25731807.430799413
42104166.30653967
37608196.96360193
-19171380.836258233
41522234.00366629
21060996.336639192
-11113677.582255255
9031480.243476609
29712559.649048097
35513386.48225105
35222390.04866582
41045303.55685728
24511182.13784574
1753885.0747937262
-18176843.64805843
27760272.657504566
26111751.337086543
47867857.39570601
20529503.381670397
35734243.06961606
48486062.87934674
-7692295.267832607
66089721.62715975
45209877.41357206
29232254.517737333
30061670.68339575
49419730.71916177
44906375.36597424
39373022.20799944
27505324.617853776
52954100.743316785
81666288.17827223
61428057.05894147
55854645.289784215
38788010.82922634
85155899.03519991
39172963.1706856
55817441.76206024
58001521.552286744
4831674.469857119
53356952.07444899
106611854.05657452
61130209.761863455
28514000.27394004
84323286.6928818
68164374.98454773
25184140.145605147
75843351.90068297
73084203.26333538
97988906.12381579
130838597.99893455
92549457.6750955
107435778.48710833
104107123.22033617
94420066.18778904
107018135.9773288
111229735.90969424
110205694.12581372
150159546.08957544
97589245.41528453
103723562.69737017
174971319.2287892
162914435.58155814
172423637.76307714
169441515.2276814
169321882.95692903
181690880.88405228
223870492.89794987
194389324.48656172
191585981.925659
271547646.6759732
195181308.36754292
232176463.45192066
279210749.8579128
258735087.36630774
234884902.98489562
255423152.70920575
285288034.11943567
256870842.9832433
288901825.2034419
236503685.14021376
270215106.14320505
271366770.66153556
278935825.33089936
277306725.60032237
221917342.94344908
246056547.6814003
268496997.93893254
269284460.87997794
298375249.403255
254333378.49862772
231060459.44593853
246828342.6167412
241837287.50112447
220572102.52077925
224909353.5089109
263083647.780762
222749626.1740185
219237125.86228096
223085917.86693627
220008580.32794565
171604367.85410213
218694152.25028384
192576033.9444562
207663848.8632965
210567805.35738495
157188981.00882655
212588640.81119972
233264941.19617498
183975860.60194373
153144072.50089428
160910160.88456672
148445464.27435794
138041887.83006555
98659346.76734279
152500437.36727566
113051415.95084147
74252987.42395443
142144434.9794276
127424301.64325783
119457321.88098285
150393762.68042722
112692829.811138
125076370.63151634
121423351.73599896
88656301.82128203
79442024.79503454
121960846.92557946
116837934.14858016
104003186.82765988
82211909.92884606
72692855.17472611
83102264.6032107
43615282.14446478
86037573.41064313
79192793.0754391
78300839.1265197
89174074.84973988
75535986.61328235
66803403.32676184
80322972.68127024
89751706.09942934
86116211.16449383
38897081.99898274
66675513.07494986
38796929.36977964
63315810.12412511
71504933.53971586
41209978.86821735
61551244.47559244
98576839.73726898
76018599.39203429
16048431.354012437
65810104.4959338
62909027.92585296
70010033.0998273
74833977.99398842
99234940.23628977
100972861.6078676
122890838.5593064
144943441.12358415
117987981.97524725
155262329.42823339
110622424.26535624
129883123.2136294
99842978.88659471
109468134.52862117
111758993.47623819
142609308.6225565
134737801.32485762
108547755.77128115
131732315.86832759
66824771.34384657
137787129.2709842
114991865.13803063
120731810.93958318
126877954.66035292
111318744.45379315
163148406.66600153
143733955.2327869
190692940.94547266
181518586.00785047
207341362.70335048
230674009.8407281
133560766.21146105
185121796.76665932
164425708.7124895
216674564.7786648
243421104.81521428
182173585.0563889
195912357.96243054
158918099.0431788
219144263.76995087
228584097.68011177
210610928.25540566
246184679.1638802
198490101.3000252
237705452.13749322
253252310.17170227
244425420.08936137
292159825.0111977
274862343.5491359
285999645.8577266
274484570.3429542
283185884.0910882
253644823.23664975
282147158.5045158
254472902.9814578
227893765.2649304
269104478.6628086
246855162.13180712
218683418.4674287
262782995.43096298
246298075.2197522
220892904.22820625
279671914.0711093
202838209.6090119
220481667.0497244
227937219.48958427
208972426.3006831
194695341.5041094
217812791.76882148
190871177.38002202
165725443.71393698
194688948.0454174
160699734.76478088
196082392.81057552
141756271.1078214
130376478.48616728
160583540.16719058
108638722.51665315
97569408.03513402
155993123.49835646
122229154.15319231
101633441.63982378
82431933.05241096
50370086.31098883
101377565.96009842
78890725.17912573
67071171.468735054
68049435.78018427
81108955.62995312
48072045.706069805
96885359.230013
25622064.108155064
19176879.802842673
41046511.11654016
-2563865.355438195
68173048.13577506
41257547.48732938
75867766.51277155
16000083.094955174
36878887.60010769
9677001.914757952
12829404.92558891
-5912419.2163302265
34526134.29994499
84045034.1165595
10905441.587832145
32294175.14099462
15541398.132508144
26476078.429087907
8347804.44300648
31214151.545091234
3708345.110440343
29924958.13645175
21201053.58272712
-1938459.1833143048
-4266359.416741207
14633422.031313531
43308543.253145464
-29985317.293330103
13404361.636034051
23124132.470664494
-7500486.032665796
34823402.66473428
-22493871.872644633
7784897.462152984
-359371.60525408946
-3616442.7253350103
37082603.70531639
8600883.011836955
-39399818.42693293
5626952.552572209
80462102.78570253
17195512.342006207
26268317.570810165
28369586.026294257
56803931.61263735
1367609.557747501
1544429.4371184297
13396446.50649059
12253760.44352952
-3899572.0142515954
15824159.00042444
24427771.90279811
-6083104.345791448
-2366524.3119156547
-1905246.376932755
7620211.395483749
-5315629.116591025
60994853.23349932
-6723952.676173654
-35217651.92597092
754511.1225741515
13288610.904996188
30514760.56371901
9178669.525548548
-8800491.475004904
36901494.84636511
6959394.329239011
5449341.11259364
-14988692.181437192
7452545.313747831
26378710.513401106
-38705071.29546404
6546201.6678145025
14284842.27350751
20262371.685278457
32063235.46643886
24200250.95935584
22938855.545326393
23935839.47645128
25841274.89960554
12042162.539877824
11525202.012881529
20536437.0533875
9924101.312073518
32762207.94971782
28017605.443593558
20657886.339756817
26917834.729587592
76336564.16868731
29015480.288809434
65149416.86803826
50216609.30068929
29497588.199589
52643338.49732612
50522592.697840616
85117454.37934819
60198761.64290005
35963966.4721683
-5809167.4302989915
42888754.35945645
12142563.82322792
20764063.42418301
18686140.885237455
63766743.720410824
71837091.19286895
103289549.96869448
85846206.97408646
93788868.95632246
75005855.06644803
58384539.63676202
143232091.4397377
108490402.04202521
200705919.90949023
180303233.4581846
205151004.41349334
253674267.43949497
291765718.4581094
345042132.9910967
368683927.57204884
427316399.59872305
477219957.20155406
525882374.6785693
528066413.663283
519472568.2137649
484114107.9821358
362634164.5251971
334592297.0083877
346295296.20383173
308701627.53085196
327674827.49700993
301643437.29090333
331274973.7420023
349888080.07278657
326901037.26013684
399052269.27115417
474375262.81241274
491821471.85981774
553286017.1275055
595257024.9294798
610231031.2672827
657863642.5336026
663758943.0935674
637310569.2657425
637537740.0973928
616887114.3030903
578178533.7610325
644059719.9688883
678449428.9674945
681638238.5592804
758524329.3826671
826552445.2189691
901690738.1132197
1014217292.6222632
1139361249.7354944
1300624901.1813588
1432476043.3281722
1486946297.7419906
1583599371.074109
1577611307.204866
1678310205.5408115
1676993538.5298462
1568249270.304995
1607481048.1185193
1508245664.1347995
1435542001.5467486
1338528532.2970738
1270347390.7535481
1219025774.0624402
1191604880.9294226
1152812308.5611022
1113364643.3773434
1091197116.1791277
1036939871.8554511
994104587.1472698
935795183.4635538
905078196.3312331
952020271.5327362
971621423.8371191
923199842.6220778
920008212.7983071
893349227.5925997
880440293.1165297
865281049.4557065
842684121.3412061
809453136.7806252
788736789.5604641
727981544.7255007
707039158.237805
674262092.6065924
653708618.4875401
592064958.151056
513768675.2349063
533909162.94951504
513463003.0510544
455543941.0931684
401381861.7591746
400251454.00741166
370629290.55025125
358103779.7067684
320167700.1464896
304769071.09017587
278108241.70933336
307404515.2412313
288784930.73900664
231252982.46623656
238609688.83195633
172434944.4227441
199498594.64788812
204831874.03389505
199185552.57596564
187387701.41784757
157646632.28211692
169956511.81228262
132914926.47772357
152538523.92554504
140900001.06231046
132677621.15785135
151117419.85510898
143932438.45595065
153708968.352458
93611824.57463284
115310142.83363801
110502096.27942325
94664857.75917023
115611233.38045043
67511037.54436259
83876329.26557139
91010921.5348294
55980532.53667432
82297145.22433612
94541016.23708327
47068280.34704127
85833181.51828142
72986326.52550545
56130832.19959076
86782965.42397405
31774960.175981775
54935546.28368026
70679014.31878291
58040960.03819182
62286692.712877125
49261010.635467164
62376006.89775105
30873849.382326603
17409492.91624511
55331663.51364545
100712322.0355143
65634957.91797744
20687296.765383035
64745087.71873039
11992475.952074692
32324555.187419362
48248400.640613325
61833003.8027541
84354939.30078602
26067090.432602838
61141723.629361406
53956150.26202636
88617778.49749437
53567059.20197112
14478574.953142375
15458691.398406476
41815143.518242985
59891186.87271196
23342290.56305221
9267942.67272044
-12715353.646467514
32889682.75873881
30302281.182445556
26881467.360613853
33095832.502176154
26262782.034328885
20027843.47481836
27049786.832010347
25564312.299738534
-244234.19869613647
-5047987.654839173
29147986.48306177
14912011.392676603
17940621.036017843
25731710.10779881
32002544.681585047
16430983.129320681
-9418333.57816616
-4600631.656447101
-52910809.30680087
25882259.212962918
18373050.48136217
-8862006.927703004
51418100.04191782
6549966.829123311
29439727.240186278
56375130.47766453
38615104.63056068
44991596.769472726
20511258.022849478
15739926.821663108
42232163.465539955
48683068.60579627
-20036416.180220116
4006471.525734799
-29646125.344846092
-1421051.1275471188
74325301.24087167
-12123221.179280594
41801826.919120654
18214699.68531921
27557923.16985786
56699801.0544982
-9625702.156056605
34381937.33874268
50015917.68992362
24693921.154407725
5693374.169853048
24586076.25919194
43489613.51173675
37735340.60880407
67434974.38442722
61606866.21014636
17744538.72658638
67082488.16791035
79298971.8261055
25627110.249159113
72760747.92754072
52584912.7317921
74267690.12641498
30108398.293107755
43717790.349060826
76117098.97057708
76602847.01083334
65736093.58721948
17684959.266335145
84022638.00144273
10490157.111341774
47616645.74716656
37505425.04889948
49246292.10657526
45684952.50699883
88219305.04636723
98554422.11824262
62679067.23514598
93618886.91916557
68665120.28442842
104235840.6643202
108972260.13669518
138405903.71414426
116237811.85477713
119508208.73758574
125214012.24185827
151835821.39189577
127371329.21231708
127917337.28462596
118383356.65317377
111906802.50811392
173805613.91099364
207009507.8196134
168475206.93864918
202236445.52328753
213673656.10319406
190381687.52166122
213228918.58871385
207754340.02386665
234486672.68003017
222424336.96778986
225068046.7229762
234503439.50276187
219866387.2947982
247706792.90887803
280758894.2435906
266980896.06635496
278928553.2492274
233913347.91075128
296780961.9297893
264728709.85088986
250378536.14327824
230386099.6564768
246331302.61595187
306744699.35605127
241730950.34416777
247974572.38645405
283268191.19563705
239253405.85070443
207180407.41610438
294820877.44883096
265969376.05830616
234964105.88616803
228725290.5627387
254814178.44939786
229244331.06883234
238007095.39877957
193047213.07129923
188586207.02687293
230369455.42178488
234033220.11439124
206715509.60891983
201629981.6007055
202758281.47715527
186194651.54100865
205740641.91939595
183527611.64051455
198288005.35455972
173744396.29291913
165552060.05980688
151906300.8578635
200141280.76113898
176985599.94497904
167964083.96200538
139363365.79613763
152248822.98543164
158543665.29446885
108422959.71994293
124929773.28409941
127456602.00257766
152413768.29583037
136427682.90618637
91512935.68746111
149510624.5878084
111969247.80151713
75304044.99908677
134482201.85195768
110171519.39050142
124756418.47912675
80696087.35698228
106639791.26478848
97052715.90663543
125784408.98242351
101239162.52259749
72720944.77846353
76730074.72520317
29663032.971432652
52521414.23054969
48214120.50405073
97221607.80300672
48826251.740349546
22099479.113252684
79728794.32093534
41588061.96167042
39956834.7591242
34192969.87926726
42422754.0896838
49360892.83508993
61579682.093869
83119876.64344874
28328120.72531054
51729819.047159225
21551957.315174952
96877941.76809652
83964364.60569689
143607190.62005243
121574655.85272817
123741724.83308516
90778290.51428373
137543702.57223734
163727836.79953992
106893903.66519876
111734739.22117017
125108981.5789831
147348890.00985277
150845847.84246486
139790086.7340114
101929748.57993507
111361378.48838003
146654503.84263974
122286917.35736261
118640436.36232685
132044440.97474267
132295099.74321984
132579728.83737656
156173118.31535053
177960062.69350356
122754986.16941008
178106070.083184
160656296.25407088
163969716.77803117
153055651.24260113
142143844.0845756
200737627.941522
164134207.42463154
152968297.50583768
140703295.2988212
192184376.88337433
172637684.85784584
153367145.60894293
200132764.44806117
191797806.40746307
236126101.5997153
224143598.5735229
218589854.59513566
287720056.86831945
224257019.47737905
277492303.9950864
269417219.76595867
229151188.3214302
265528311.13579595
284504714.82928777
269884548.174467
238983674.84857994
264149506.12962997
241748675.6365918
253837646.43711528
262357586.54304573
294770532.0962206
246766050.13736826
251579538.91079634
236033202.05213827
228866287.73993072
224826134.00914216
202796817.08987454
251567751.15613455
221458429.45437124
223741824.85369343
197095032.89476976
230353258.53086472
256077827.4059282
207176830.1080644
200660414.90172336
167908650.42213887
164525598.4978743
165575024.12215406
179260736.02180108
194178044.80827534
135635138.55775064
83256449.38046038
119759819.82112005
121453776.4318538
88746305.10375342
140613389.8817305
111653252.08324166
68646157.98230156
99562701.76234834
103313992.23186922
92611993.33635764
105409576.26315346
99294563.63517696
137605249.8749575
79233950.2313849
73756709.26458585
101288722.27861287
62195191.21126868
98603090.35570492
55678282.29738651
36338485.95139585
51363287.90335334
88184837.5352178
116126827.08911875
56465625.5190219
19953947.42589047
51409073.78325114
31282470.337708488
47576756.58166818
20100935.014042664
19197998.319119085
14166132.027926274
16202196.988757297
35684912.493213914
27854392.09763658
63968796.37563628
17128542.928934023
52403101.03270356
19246961.794138633
15492921.25868445
56219378.61791442
7391635.510083115
27395165.872499257
14949096.90346957
14193884.943935178
26292844.807099707
-8239016.223065885
-22565863.360934414
9870516.980777798
17375345.216929317
13595741.141336637
37020460.065216385
10348960.03302745
51191888.96613392
29706790.535044648
1711665.5396243068
37449059.48817849
6814538.88652287
-1380691.6226337403
6686852.249290375
-4771771.897351343
15385775.26494393
16260624.371181512
10857474.520414189
-3345596.381984357
-1380260.0579367066
40502879.994197056
33790864.03737924
23275432.95122851
-19372395.26109342
31092007.605852965
22566020.245781213
5364955.849461466
15963766.572065718
11536097.584992342
-25837104.24872806
-13755407.880931897
38049717.50330332
29048842.862053193
45184242.09478901
16628913.965704983
18064664.515497506
20217818.250389084
61152181.641040355
17731834.384463374
-37925980.80123656
23092620.946720403
17005228.09639199
-16673286.067416288
-14573150.548562275
21793613.774644103
56105936.89202248
-6956337.283326238
13713332.555717453
28911089.298635975
24611939.47436084
12716678.418179423
39468843.54050322
45915115.359740205
29500281.150689155
78239100.71235523
33536979.821419995
13619671.232158419
19944289.608217306
41961657.74570084
50737848.25536262
49235533.639402896
19972870.215787917
56494479.31429772
52300119.247440696
43554804.00626247
34843424.0187747
42688383.76467014
59411977.26991293
43650337.38170613
86717607.16372052
60039037.540669486
49429721.003832325
91650920.86905085
105586911.34493491
78225473.5176653
110091839.06519502
130023575.92202163
120171209.16362622
128600532.97631416
126089799.97135174
154701843.84820276
165796478.81671458
220114882.22240955
226764426.40520126
224092587.70189136
262633901.65021104
329037190.21297884
431748306.930071
397165691.72668684
474791773.84628
504234315.37820685
530204971.3271222
507757022.18879414
422193606.38490397
404714721.54985654
364957029.4958043
302235860.1853306
320189008.0031793
311464251.5932062
269952921.0635999
349883971.2746893
284773400.4529387
381356307.98255897
409075772.003497
464425850.05636275
486910815.502805
496310749.3108499
584399849.0308179
613554050.7289251
662934991.0830892
606573438.9994905
639737882.6268516
636240531.4403774
586105564.3969308
585409663.4163966
663320590.1119324
632908553.6244011
673258068.5633031
755609291.6133974
806317481.5145047
930738628.8752522
999055415.8918557
1118582000.221467
1240329979.077851
1360613036.8633988
1494059016.52146
1617402407.9856238
1646779828.5682616
1619487638.0937366
1626097793.2377148
1615371389.9045863
1554951803.259256
1450412812.113963
1407274164.0928142
1335195940.1976783
1281928578.8692498
1214768663.3211792
1138969103.3466282
1105728396.7326884
1066040500.2941974
1053713856.0612057
1044133506.3205334
1025442399.3426987
973351693.349268
961893289.6262411
963799093.6332462
944213826.2360584
886396287.1727555
905100318.3579654
909468746.6075708
890233166.9423958
886208477.2928596
836659087.2513118
819387342.0907335
782547160.2640613
719977259.7160367
740961162.1377324
696838230.2318771
621486468.9202586
607168636.0909767
575519401.458498
533248622.94571143
481223674.0219418
462074805.08649874
454304604.676702
391338461.30250716
369930707.4662678
401265097.9878908
317332071.498899
340771323.41885227
329461020.22094524
273077982.9736053
280280792.646716
294071058.46009296
261002041.1294632
281262176.7366393
223688641.2942376
179522401.88165557
198246714.53763345
173594536.9848169
190175583.4800092
143844413.4894256
170786531.87333423
148683665.68259868
181836454.208872
128365145.42764258
130795668.57326941
139736769.86657757
101924877.04964425
116225780.44384934
114989241.63660847
80704601.70132037
92746390.31264387
107513751.15470402
105240018.02857764
153565806.78655037
85908254.7361024
109493082.87541488
72607423.76554021
59831584.7731852
80740411.97022623
69099008.25101948
54622910.76848947
73258353.90959604
106066888.4321105
112207735.78174278
65062578.91664997
48930069.493526734
69015739.1029948
64432892.2747972
50646663.2060044
58210949.79406121
69389163.19961157
50228354.09995584
91104103.38649929
-11819046.72266043
49486306.215006314
59179353.20483751
17544058.42637234
74256217.94654
58589973.56477082
63406321.90309875
28612913.329930574
69713722.57025681
44629937.02232393
22558925.238897353
-610855.5666605234
16376819.015440688
50416305.22800641
30799449.392674617
35694818.39378992
17994885.60429368
35206962.26288253
27222017.895063635
14606770.448800307
44767732.69917028
84378267.44071451
23462040.519528892
32905254.97764965
37468636.4650493
17398690.329813473
57693090.2199149
14076495.515900526
45330902.507638425
57119661.06863976
29039430.599894352
21986842.64595806
24620448.207464308
35341459.15890594
591610.019445261
28194624.161487572
30612346.653691042
-27882552.14023755
25595635.39684886
47216394.32006826
18292277.788909525
14307163.27275905
6024800.14237437
32749163.108077586
23089110.939825602
-15129146.76885885
11514511.786918422
26132057.47986021
18300003.16789776
20094699.907342423
5501944.981654897
4232687.731360968
16291873.97421194
980801.0569131523
17723229.97204349
33673929.44596795
34149902.5450352
52519381.680273116
12551120.634813286
1522493.1324503217
9875259.501987176
5865230.988818962
-23835278.2126388
24062261.478470884
61353283.80014278
48831361.4953541
56300719.08552805
70580716.19232409
39872058.04511096
33691111.06246442
40757662.60648236
38836666.373443425
71734981.40411735
34459121.19272339
57657119.42222164
67247971.98550266
73415928.10954872
30615374.31607748
34143216.7257722
44709564.31916755
77628819.53310582
59495884.142795086
10832123.321054962
64932643.9057648
18563643.59499483
54236363.46413069
88778569.59181364
56422089.4204002
62725776.64178958
68228137.19028813
94361833.7024146
84889967.25372618
46628714.49121587
82206349.04707292
77613434.12651211
118729791.60902275
115848841.28249685
74585922.27777897
104946410.32195625
96400780.57092088
83308338.689605
78003605.25352779
94641870.92129515
110314182.97921115
133794024.15344289
130303081.06118637
144817417.117998
174929139.99803
169175462.7894822
175913380.4362571
192646187.88910568
183622747.66127843
165766323.7632406
207932546.09417075
211024982.79929143
225178965.0415734
226282247.99655044
222472323.66954368
231812239.63167816
226488184.4089024
276454970.4603858
193594488.9981213
246639957.41252798
235500795.95666057
229019502.5084707
277219693.55921966
242464778.5882058
270854498.1646122
277837974.58181155
301143846.9955187
264676621.40163952
255909482.65835038
236470075.7952491
299846290.6691486
225689164.52063724
252368531.51909027
262161105.2725904
211899952.50374672
265581133.07687938
245134743.9268812
251675180.51860756
240022389.84835216
231577613.40957147
186042512.7891659
258393767.77693546
243678059.16303578
227772273.8842249
198091485.18615094
204238869.15084928
185707587.20035288
160783395.07621086
215745696.4195738
185461200.81067193
193344603.11833245
145364430.01542628
165139113.0121647
186280906.0222063
140391817.25358573
175549573.3598302
192717974.76710644
132343812.89869094
117681748.08176063
132642720.8179983
137035869.85234508
91665473.51872355
126489949.49472977
110337239.56688006
83444011.55329722
96716205.61887665
116157647.04850006
123892610.4603145
61899835.589557774
122809397.24954866
120173849.38149123
112014411.7289652
84035407.45212798
94239747.13008054
120911227.35128106
79353075.37612706
54865623.8130732
47506938.392192334
63640416.82726503
53599225.91586836
87566655.10346238
74157905.18610239
60697031.23308709
79596535.54425417
53372946.090900846
84525445.72508821
29034141.76821927
48197013.25051631
88902814.67093591
9797309.152949207
58542203.08864548
57726334.41252743
-671521.0107361451
51881581.56751495
97626596.78996445
45132633.96064381
61359817.410410985
77676805.01668979
81328940.61803597
95404592.39397694
101173771.5998523
97225327.16205342
114295478.37229942
141154855.84527433
116923474.19664651
182939809.5297007
123148426.47795099
122287665.87820703
108197828.18367884
91875637.9214251
128409723.69792703
150882768.35764524
100689932.94939634
131205737.41110934
101953276.19371793
96480332.56314223
144845233.74780902
128334625.91749448
150205652.56047058
147251861.2452802
109834745.59464848
129371226.93096931
141381231.0314144
159875735.96516973
183554893.94442824
152043890.55430257
188908776.32378674
155469161.1576528
185317640.01661843
185947251.02246675
213634163.082244
199309842.14305303
183619399.3403242
216375457.123057
210605168.76610702
247606976.39522415
232859126.02679908
219770857.33670497
247887106.87839723
261807837.3276911
261980871.48075408
272052923.709671
283571115.3375393
294653606.46650445
248134693.07051814
266257920.09195757
311683146.00750405
278470656.9760573
269789728.2168653
261750722.78085464
260480446.90636918
260939667.09434626
245347455.60272908
289246260.95220155
269260866.42914945
208919256.9451914
218884562.46213472
226598300.77929512
231123863.93965304
220372271.4867091
230273580.9275567
247505351.2989895
246789016.85667995
195192269.28503913
147194680.66535765
195891717.64600396
166091217.38344994
226087984.88425624
175408045.41179538
125344803.55391078
177400237.0659058
133947598.92473324
136263825.63786182
122119133.07231046
115518845.02613008
107111279.31515788
98512146.64779697
90157134.45543611
85431776.65142728
60681970.85716605
106683304.83228672
79909148.19988829
28377951.855942577
60875683.85375667
70571817.02367438
43629260.97054945
45594677.08931041
68470793.75873885
82789368.64828506
49663968.0983744
77582621.76463963
74301231.36668321
53907345.75241584
72647537.73430553
32965085.77585619
14703196.778705914
42253288.35178313
56026602.83770826
5419053.603095155
70629368.01834172
33011284.004903924
34153240.9732891
43754913.763015635
2834210.8665900836
20276903.84020317
24421526.914415337
15272675.36003019
17767162.077910237
12561550.543694768
181620.52235511504
44776353.02962092
-12714394.107143104
23815889.909344595
49985425.286064684
-6758906.0325367665
33427404.330385808
31378704.476462584
28045682.267100897
-4764479.989251101
21778748.227186047
24849292.32895602
-2826149.0628645
31762716.727011472
33054877.147962134
32484337.537490323
-28056424.929389954
9247630.960160505
40596675.436186895
5097274.047571408
-29585080.537426658
-11872619.958690127
-5755420.865425484
-1049764.710002738
1432470.418132294
17048423.991024762
23106459.01844874
179161.6654055938
-20815756.12019906
-29615460.863688447
-22312947.78315377
1854040.5089055188
10639037.205237448
-849546.1508923769
5938470.1508086715
-5315489.112913739
5498926.748866089
-15481334.723241214
34979786.140656084
-24327933.976947118
24422071.43955125
51264168.83998039
19377816.621739663
34286312.9557175
-4327167.58056703
16300647.164679877
32983987.54210224
15942391.936085764
56396353.985966764
28635207.067756925
15416346.321919808
20619869.780406058
-6410593.913610471
33593155.67147237
-152569.45342544094
31500753.492116604
7767581.3170892075
21241429.258601587
4531553.824890591
32655125.100272264
-5592131.482097851
30186170.220851026
42324652.14049438
16427624.989226293
22008908.974591173
9607107.729852106
62735687.639241956
25615367.551237747
10646708.54706041
39537046.48497801
39945008.123405494
-11730396.955508452
43850225.80834569
3607594.650373876
89670931.60827407
53228766.8006749
23409239.167466044
43710783.30318487
24042518.351638153
85774777.5575359
57027663.89915833
87802455.73218912
87160194.9818466
112120981.67836258
73580282.7070945
91000731.18906483
122285027.40835676
65950641.599680275
125928330.56625766
161747966.0793167
163084492.68563136
197699416.25632742
244857264.2589817
260253299.20176476
285649691.30935174
336460678.9943564
398830857.1375325
472884294.7074331
487739127.0417501
510701086.6320076
497954001.5918766
489199245.5189748
444101167.2674206
416702926.7582671
357824211.41843176
342702597.010859
302753001.42098963
296288736.53703314
337719319.8429234
301124529.17023045
332143984.61006176
291267663.63727903
386090837.524078
455601911.0846003
466100597.1787913
544149356.6593019
551440421.8715276
645952583.5403405
659760225.7040913
666626840.3760223
680486329.2405618
589860346.4514939
620119824.8214277
620304883.310545
625817476.6603658
654631044.5693351
684950007.1328669
745201268.9941379
813903470.2972492
872947230.6271703
979445529.1442316
1143553198.235623
1277476486.598806
1353696677.5869408
1481507647.8647623
1579455756.0309856
1591915559.5754256
1639732094.3569572
1632980199.6031504
1576789164.6810677
1534006090.5172102
1514375716.9624403
1418519666.385221
1350324656.7917743
1263897734.5016444
1166272117.947599
1137606308.2246494
1112159626.2559114
1063305181.6707848
1043331168.0495708
1031040868.2905209
1008059260.5130261
949691010.854868
959072071.5574677
926552542.3455834
910597090.9016956
918009039.2528988
883060379.1648959
888410093.7202915
852439728.9825683
831690089.1310049
801099967.2703841
806195847.0469589
788637977.5792968
768096011.5501406
711776842.6124098
689818516.7321479
602210722.20717
566017449.9848979
558183401.3784099
533321165.79659045
499907882.6486795
440528436.3711098
427369174.70356977
406007427.5118642
386014726.1409906
365075141.4867959
339587370.11033434
340753312.0198973
308612214.2918515
258655894.9637178
257797787.96250004
206607596.475631
240217239.1923577
207781890.94373077
204165329.2532136
201428418.5335625
194669702.12937316
159755446.12885848
170879465.9507839
147699375.46564394
141654980.62297636
173320086.86991397
129973542.71496114
152755816.84109512
149476816.12455088
151707222.46399516
133926849.14340855
124987252.65307324
135130654.84595895
138568073.655389
77249435.28075033
118322719.94219291
106701801.49645631
76041286.99419993
71476062.79050636
76930942.93068045
87643910.63605472
109960021.44135025
77476467.45874193
93464381.16878745
99951483.07997118
52981537.81704286
66217500.194232516
76174597.46070257
85509788.29298118
-2494022.112413451
84403160.21376571
54526814.57618555
60361338.91042795
50373031.55379721
3166765.9332354665
72564244.87323017
28935083.808355186
59508944.269758195
57432191.22977109
63550240.3861953
103585613.66348958
34520758.14252932
32694158.600826897
37572201.53854481
47257003.982679226
53611159.601715304
20381864.098863058
58386667.43752564
47430770.55613689
83454086.61257263
50404470.8128376
53939634.070729434
23428926.169608973
-410580.2030035518
50424171.228549436
40632672.38479069
58082508.02097517
21650286.003208525
30655135.727972988
49363163.176175684
33903875.66342372
-10103364.225492075
-10353519.436759192
20962245.74120501
33846993.371221974
54608589.917466655
18285790.103276454
-11439107.977888258
36646381.75442863
32606066.26041193
15586985.273893677
64275024.42670932
76297920.94378734
10451308.915789293
71743299.46605861
58953960.99503538
41379845.25218618
68109645.5671837
10940154.180737313
69160002.31614734
27784141.37285279
31348311.535158664
27070321.34924778
23700810.82463677
35446506.18542938
18731828.056447513
16324286.685985876
15662280.423127294
29799054.330485843
16624069.814087616
11036581.50839103
55627709.256336495
20650847.064089343
4597039.53921988
-837778.4761472009
-17796775.202417083
30926723.9271416
-7773423.317263026
27233145.362301454
-8236683.77523612
40603085.407117456
2109031.1630805973
9543706.88189516
26342095.225445777
18695695.07317426
41160122.84652631
18724058.35452143
16690529.245077573
23726747.20841463
48473196.940630525
408019.146453714
56516925.58526659
55188934.176649004
108627627.26986623
56135101.92413232
59490662.327037394
46755989.81363793
50188591.53905283
42579717.83662951
64712432.747601286
72093105.96403758
30561627.314334087
47597858.77508179
12736319.901853263
72828788.46920684
72958574.2686214
77236798.74025467
18958760.949916814
81965309.1860308
139005935.45193893
81100824.96762508
61708237.390896946
116471091.10195637
100782285.39146034
75979026.94177729
74893924.49129173
102605117.7763835
87116869.70552719
101389751.6517497
125676243.9846279
132192218.6399698
116532977.9405274
105701394.69514358
183694569.19405586
142835723.81586927
165799367.3534581
174218884.208646
204419512.22708446
182098864.44533357
214522806.3697769
187488478.37809393
227607597.81014633
232347772.88211662
213392567.42659688
238796519.54053998
182023044.86660513
256067693.69727337
245047704.95368975
275367171.2772599
253351857.86110613
251862361.8524036
261681793.459925
268586672.3547629
272956493.9163138
305666364.52353233
246383932.03421432
234346737.3641057
323240991.02184236
268986354.10911345
298211304.5360254
279683624.50586915
244935099.55966014
245175605.0371204
299582816.04459083
276158594.223169
258725184.99097487
244168477.813066
234726266.62572968
241300359.97360078
189246202.6590312
261643178.94626543
205895271.96892372
221788351.9570888
220653519.50721806
184316099.3605829
228289568.26474714
197092691.81005234
187385877.87622285
185264918.73427156
198808833.5814434
162669898.81800485
179112112.9188441
181582348.97372043
160447087.61204556
171760534.01979774
161864312.02322888
180494066.37034565
188542654.9235379
161585824.41850194
154973530.311214
125265017.98073228
94010262.33170229
129292744.78658357
136922462.3822503
133853718.72253853
145199993.31452933
134961277.64754707
120376657.02679509
109609602.55091473
126956704.85562691
93594240.38145335
71956204.75378135
110275816.88435695
79406557.82094073
103199555.47757874
111137057.01066561
76591450.5264028
66535779.9978496
67064527.22541173
65411072.80346115
54258698.33765906
77608761.7074344
60623645.61828708
95622486.53374624
43059307.077857316
7700616.989899151
86053913.19940715
50074297.04054464
52262271.2255224
63498563.25940913
51940738.75426257
51341716.65200116
85971521.52878642
56765814.4657903
-198299.69440457597
14237998.54605271
15244949.445951506
66096686.89944048
79201185.22681421
90688933.11566167
104642721.73001203
117326416.74499668
74728240.8431358
123325003.20479426
109764709.52438173
64893497.965959564
158435247.0977009
118490114.09346183
129998724.26366326
150415166.87735835
141054758.77437854
77475043.80997679
103929738.47118583
128577771.20555075
147191591.54900768
124480282.10412718
114623114.85907356
151722449.30811167
73923449.42711732
129890764.71094164
151847544.98299205
126487181.31355259
150672516.96594524
177690763.11626142
137103414.45782202
142904440.06756085
182608982.5851685
167785008.9949456
164605232.9904612
190928978.22155198
201774851.96892303
202537316.14904928
149058564.05264613
156312203.377748
209489124.17659995
200359928.8932393
205801270.41598624
228973629.11254483
248338642.4628102
242448410.42445207
218437775.45809793
234953837.24980366
238287237.69121853
233871173.33686247
244729898.2932222
272564245.3961326
264555014.51824102
232383634.89286083
275774239.4659574
221640754.3545006
256617432.0880586
282234782.4550074
285699173.59423655
270617185.870518
235151558.23773718
228165056.61799845
228892985.02162853
254919692.69395846
231721155.0571681
226042891.96530017
180184979.549001
220254146.81386322
193323365.99147314
182691258.68720552
217860657.04805535
187821246.34772044
210403439.108198
157433483.1135157
142505139.62835443
166260697.44481254
133979428.49692944
162601012.36833462
146474908.8281487
96349221.77765395
148834672.67741922
117454324.45684454
85936317.05543105
91219469.62945122
78125327.19572407
106142176.52460462
61280726.61418424
56850704.22665547
87485107.07601966
74057765.83430201
82893417.51145202
70388961.87141716
42842843.014317535
69392503.1502458
37352279.78144149
46570383.53692524
61226026.44206124
73606115.8145166
44758463.27560252
6727674.638614666
13267586.772965137
24102501.73082893
28911677.436255082
-3213265.1510582715
25828942.960863642
43952309.04602183
10219161.817615084
5864503.788447982
47360709.88189021
-11506129.200006098
39875623.12986164
-2136469.790791897
15445917.95707525
13976969.21371277
-6967416.360999727
10787985.978752553
15154034.050974205
54187346.82085363
-539007.4460160481
12453865.175933944
2470511.437627919
20840869.729113303
22557655.777025558
33181139.63256866
-25024218.91524309
-4826848.410178076
1154643.9530151058
-4324132.350342167
11541031.384099342
12359523.008434694
-5219534.207256209
23325606.854957126
-2997065.9939492536
-8049117.181900978
8998261.327210605
18362326.356915444
21869319.693323247
-17151894.41228485
-1436050.9454317912
-31770599.309089985
26885407.953406084
-2806017.1358924415
-8618046.602719493
9776082.909344211
30449085.42038031
-14006839.648172677
-2775619.0668131355
-2474777.9287225753
-11422127.948058717
20974720.749733243
15807007.704590466
-4001682.530688241
-17610876.7735712
-1465958.8005549684
20186021.730459884
6265912.640551366
-14527554.011315137
-19783342.20094997
-22136885.06809638
31335925.302486308
128761.38333215564
28714077.045036893
7035572.716754239
-24577420.518262625
-29738657.75275783
-26906744.848091263
-10275912.931279607
16366278.846830685
2771206.68680406
-23599781.269413054
-31422853.528798446
17962548.085305355
19359387.66675528
14971911.126128063
5951386.765943296
-2231021.6293510012
20755774.94167306
-4200857.3365784865
29492885.98113434
-12736138.484315047
33960295.26034157
64999689.127549686
-2306326.8905358817
10490464.870887361
17461807.696923584
12786546.668619882
59343752.58188335
18749892.648120016
25692256.31904456
47377243.37405065
33459157.592072085
51034002.93637086
68538108.39656302
73563000.69386362
80577841.68856503
31503483.273342445
61486235.86781755
68394299.33041137
42517742.54862669
47871193.92806062
72330715.87440567
115333467.18933734
113526291.50024801
157456963.35316727
131356867.05892995
178476546.3919636
173790766.01605302
213310651.28369963
230949306.45538354
294547266.7723074
314602065.3295692
373640815.9369737
421371688.0254284
436184335.6888745
505145699.2304393
437152087.3620037
446534770.36357963
430967608.4105309
401490094.0799213
353954660.02226263
347628655.79596424
316771852.198458
274635405.66618407
283099293.4260639
336771292.60649174
292340929.05729336
337428700.03253835
394214041.63276863
389624099.7798175
479563552.2371918
516093473.2425089
548072418.6815734
615324371.841944
665345066.7382083
612970522.5121958
619340906.4676334
640682207.0670218
597167883.456995
596099406.8744555
618722484.297332
657937373.1360416
664293869.6227449
702854256.3730681
806618077.3594571
873760854.1829522
996695803.1027513
1091990562.838939
1203275120.5231972
1360011743.9834843
1480548482.737556
1553268504.936371
1597789690.1804116
1617349987.2325475
1601502961.4052954
1600598620.7459602
1539362330.1897757
1441389090.7590902
1380789041.4066234
1319859517.1511524
1234543709.7553892
1200494014.6923451
1170079035.4967732
1103948253.0136006
1086391883.2641134
1021359110.380012
996284181.1363878
999290665.6173584
975718578.0921662
1008109182.0266598
915958910.6131467
891047606.4734136
941613180.7018914
930083246.457065
875662446.575911
829824449.0778441
859539893.1631391
833853497.5883261
761213092.1821058
736015482.3376067
691094090.7715724
622215661.0206355
656242975.9334377
637186290.2768824
572999575.9402046
557073967.782547
517368164.5372353
475828157.891507
431519255.40058136
384772190.40416014
386499802.67583394
408511520.32648134
352522895.7640605
310047321.73436666
324089415.9686041
304534270.21614337
289955465.0413944
258117677.99738327
250929563.4715964
287153247.80245507
217382384.5589205
209877381.03764182
195734828.13829195
168053886.91775355
223601666.05839735
163297908.46077973
157007821.74292237
168729958.21788552
161063345.07896212
149908986.79185015
109645108.88300909
105629727.374851
110820056.87107036
140407625.1098172
125510194.09551643
109589694.27424636
114595701.37056574
115272240.58223437
142724228.31704706
91377666.50640357
82175207.3873308
61481225.67177137
90181513.95815851
108065472.95077313
22973587.10928487
124410364.99547085
103868684.36820358
50343609.05872916
54254331.803001024
42162718.23452315
51994214.46099609
53041065.3886282
37507491.72937692
55001179.87461831
53600627.49657264
40192735.97648996
87733844.00939274
46732773.13292383
23217188.46878577
27640595.199308243
28764066.73621074
29365930.098277707
36729217.516092956
18242802.318296425
26981259.442954183
36021870.94865217
46566656.76197529
58569542.172609225
43250912.25352992
24898265.649839956
10718879.371630289
-11089661.832360614
33586360.405615
50717723.92662737
1519537.8776987568
36906002.81309377
28148822.921442628
35364357.028891236
32553295.38738154
-922518.1662491076
11257450.323912667
23309113.00751444
27598215.915106803
45503743.46654546
23856314.02229535
903621.08527706
20340330.229495443
46212327.68329593
10152791.016700432
-1251238.4787575267
24261087.08747673
18879009.87696989
29011793.763992503
-11473149.703027662
5871286.198865464
-4337914.919025231
4954427.311777007
-6234627.198347882
-17344094.86825657
47369225.511100225
4472661.547415869
38312695.116545066
16830336.43283531
7286588.108947065
6590749.590579193
-13003057.014493924
5513394.363602212
-38134699.74746285
3919550.7442051796
42492199.30467428
29658388.580859724
11058384.564784393
14694985.963084467
18846192.886626847
29337143.96607381
28052303.765120618
5254574.754716184
23101359.481016435
34367497.88871889
21484398.42377049
26592427.094221007
-7914623.256099133
11178446.129548337
26934521.873877846
10375545.60269126
16888338.146903083
12090522.418890964
16832360.064810757
58350658.81490772
7941345.556945076
24399669.86433196
61929832.91403049
15297762.21566708
23859082.90967265
14931612.782639515
76994333.48455167
22435984.92795581
37071517.57245256
31680088.83496578
46168267.226411656
56927285.16319959
41025638.67608926
48410880.86132605
31358349.19248322
46360286.385179065
45227685.829677194
75548763.83823505
20900763.325527415
44446377.4097083
67041343.67178311
108545036.19920652
73856088.29865828
50179845.432940066
105151850.02117203
101241082.9979136
91342255.529019
78353671.03299043
87006155.46268237
85913931.75409856
95173049.91877154
151652062.05824772
116045246.54670128
69551042.31015214
102445734.02081369
148448907.56894386
131838903.71754166
133087999.55110773
124300946.12330773
121237583.27836597
146764321.95506212
120443159.62149008
196691042.00296032
217203272.15585488
215680994.8665377
205354592.08784002
261523908.79185703
260161008.2162924
248307426.1413288
252757059.19182995
254770179.3960156
254191634.6979145
252404044.64791113
285033792.9677355
221230356.40646097
220794353.4552982
258913934.1430447
271036128.37453306
267299889.07777995
265388926.48309624
254927746.36837834
259470945.3268264
248137432.7282097
259173728.66185567
232464324.8814145
234656563.51723415
248822848.3820415
243179849.48597232
194005093.1019473
214026527.80094108
215025990.91044813
223621523.54676884
249980886.07375678
169081094.66720086
197934507.09546903
172042663.66445285
181968031.14058954
197736686.54964823
208942279.90959585
173185000.44831967
164129366.5274698
198884508.42375717
189202012.6671841
183851774.4773911
182390212.38544285
187523432.09249955
171634518.9523
187277465.28538567
134430304.50239003
177478733.58030814
155053857.90381524
128909012.4386827
182323317.69790965
128902377.0945404
131497040.38131443
139790382.83434734
124122653.88207102
138027622.11232147
106893405.48114552
91062024.42130733
102941838.24129486
63246546.475133814
107190588.20141587
90283945.06021616
122132682.7647148
108797038.38458794
57884392.07392236
107208240.88190693
72563355.08769721
69477632.27037166
56118596.76522716
49877815.088377535
65518621.906183384
56161824.59820872
37807974.07483562
71132200.50980245
63942515.27273519
33845861.14732267
58494455.4460026
82301292.39015552
27420509.886464506
64666756.81414715
56639319.2039518
8918602.905835107
59162464.93987101
46628688.27841999
21731906.872403458
42059291.38784558
82987056.4976194
66779447.17044331
55571249.41752425
99098815.15445617
117829990.28133991
101043495.01952122
71906492.22771364
83605527.17025338
123078618.54725939
133590722.25619215
142591157.19794893
128921789.7541802
119331279.0680792
119280006.41554749
102537304.20990407
69711902.22551486
89193651.47251931
110725723.4065488
85384879.6302225
134456770.59154886
107847489.4510068
77134979.0827912
110600974.69348389
101572500.81293495
106419237.81825511
160539204.71988004
131855773.88526388
140095647.6957494
132125595.86986542
139342358.08553332
174015500.11026746
153994017.21654302
177734031.7750498
153836603.43507147
180712718.6560142
196974117.2556002
148302708.16455355
151519116.64709437
169474034.36353263
186173970.7134907
172675074.10974902
205958344.66938454
213105082.50819385
215580450.96606082
218598933.36567003
242716276.98879284
256295517.6315487
209848332.0498615
259585364.55865723
241673953.56619576
263296214.67709452
246727540.44354862
264871722.03075355
288115792.3811376
241342070.85542858
255359526.57936049
239120191.6180114
235629695.27649197
171673881.56627345
219823866.8371241
259395336.9124357
212608854.6298138
230124960.89330733
213325362.8194814
190302016.91941646
217928303.47959507
240821407.1621539
228634222.8852783
224567962.63318756
183977176.60381946
175814469.56200296
186706403.34265417
164302656.3154903
160414093.8744179
145281501.07489738
120717877.52685802
107052448.61198632
171145274.57911047
160831421.89041454
99030101.91944341
82504469.94448304
119340201.54498878
101682456.77860236
40454462.24143322
83667791.56345508
92512880.46772276
78607188.8456533
64375788.68540903
42027467.89915799
51901100.09669076
57877419.90695984
26794598.48226397
52693322.119685814
37854612.14885689
39403220.915289104
43255103.74912217
18931045.440957047
2840303.701092016
33149779.936592415
79038437.64566308
32144175.797759496
21576691.81626618
11693680.276681772
40507045.10430966
20304853.958452076
5155609.758957591
37268770.62834146
17779383.98156105
-6144470.815615788
-9139304.804289263
717944.0507984459
26075144.23241128
24681470.08069917
34777316.83838682
49729186.651654184
29789233.56899468
56008287.03271222
31891351.333152194
6286291.729387751
3044437.0927055953
41732917.497814216
38914122.294240735
-622465.6576536489
24093988.41640109
-47781291.92547242
2807188.403138694
30788267.30404774
-3307459.341131538
7756689.166497111
-6558508.039043877
15639130.441327274
-7704090.334383494
30384576.056003638
-4198637.889495241
6705721.815079864
-30842872.792898457
-22852578.214591283
42823388.897113316
-7567403.643627587
-31941718.878015775
-6390979.439530678
18529718.380693965
2927228.742059745
16428670.813100778
-25571398.99157585
5975638.510206457
-20107282.28176339
-19903934.66141444
-26684408.609391015
-2545522.18632048
36599550.85203416
14662040.658242075
15526579.498806981
3834675.497199579
29986886.24310565
5772178.07877691
-12575481.26870689
25919485.06544267
31415007.417375263
-2915759.2979121953
-27226530.31109775
-28445106.54950991
11986123.239093278
13547039.714876944
44678501.352815986
21647818.957505643
25770006.505023673
8229477.984401442
42974293.42412011
33760208.30267216
6463932.324542785
5226521.925403837
13316786.386554584
12496747.269218069
-7562910.880561543
21980064.861276247
-59147851.17354266
57214301.702863
32255274.215202138
49665909.53808618
53862962.79150504
9504345.246388275
36720172.38889489
-27000476.57359937
12737799.978599861
43322753.472372174
37360308.43479082
37262286.656257994
29599384.730546758
13156490.977684677
41794246.04701262
33243748.202264503
70111376.7767877
24755011.369994372
26521128.118095487
49370285.04216248
56186122.00483701
71991440.30300671
70252529.13923936
128375651.1632584
81669644.22120416
60446986.60198976
84771485.2763238
110031250.98098658
138800351.0545773
143108307.0393867
189015779.4914636
222640851.17415744
236228828.96144253
290740912.2582773
328182269.5617142
377053058.6588954
455083568.1624159
478007440.29052204
507538942.1591339
537995836.9505795
464494270.82435185
434406426.91341674
387124136.30043274
342297798.10509336
290587624.6382144
293397730.2864865
298395280.65973496
252356206.90078807
282791963.6374642
339590117.3705852
368782426.564855
337393737.5163413
412602850.2968855
441728366.8266596
510833197.2930806
550167823.7028635
607165077.2582202
632403770.9409045
632641549.3837076
641323571.6561706
585586757.9522043
638580290.4025434
586651720.5356421
605506401.4293611
584606539.9609449
620861538.8077751
714992585.4618593
786943978.26781
874245453.5142522
989656591.7630955
1140873959.6752024
1193053208.961665
1334401863.3752875
1473250700.0058813
1577555933.77497
1606235102.6308243
1606409726.6490705
1610029088.545114
1548675395.5592365
1505932354.8017843
1444670941.4036036
1361341742.9877157
1323755664.2914844
1205276835.6786284
1173954166.6724148
1119233303.4029202
1055097582.7490817
1071753717.3169612
997821684.0534904
1002168970.069216
974945093.9450827
941630296.11604
931466350.9390068
910745627.3888243
923828917.2048748
894304657.8924129
845079920.7353594
924061300.3990074
864216576.5210075
826055454.158838
814305704.921632
770426936.905797
753235425.9031198
685227884.1391633
730475736.9876549
686487260.8808516
636667262.5038385
594897485.8680266
559768022.3629811
528809609.16040325
512536956.9093231
460248653.0221237
418136375.31698436
398648984.5728395
383337607.89638054
377332742.06558025
360979576.6088098
326195345.460145
289853074.6375387
275361589.29411995
266658921.2194922
272929282.53139603
227187494.83769792
209993156.99963254
217541168.68057555
246439415.80580646
137031011.9630863
160125328.29589352
177702182.02674216
105381636.92725247
145710590.43310457
155850246.40427044
142152482.9620282
114084875.92135827
125411828.76713826
129519471.64757413
81186227.08333789
90300122.00619403
134024667.23571713
66303707.647058226
92214370.21598499
73744498.79777838
87116221.73686764
117939024.35617858
98719943.47576982
96546317.96457285
55231083.30942133
68521637.84423786
81913234.49689147
67990835.8308633
47379360.86969742
50736624.917004526
62031137.52095333
84508189.66700359
29429438.91591011
55825935.12002342
50698534.52255802
36662941.63628879
64891691.15959169
18525629.68719387
22604468.093481153
34406071.14266139
51842043.82086018
59156447.27328105
26698244.612150393
40714824.70646914
44205094.88864946
28478488.57503494
30145479.337966137
1749287.9141692482
54811908.68077184
-978502.0104251802
10079539.585883122
19193773.023446906
22262021.36218801
59278613.61163504
16127442.933403634
9636992.03593186
10884774.943550743
22305434.547433738
21162592.453148387
65152718.38663377
23620610.59637332
26664578.68763799
17196435.077534333
37261959.00683206
-14063607.991229381
14276509.28876725
32764906.50617706
30180480.836262893
86182146.1874613
-2054326.5146750943
11819800.860379543
18252391.020105645
11379123.566359263
-34813376.08109459
16643239.829368262
25673661.251051743
36743580.35313093
50523603.14546749
20274395.62368811
26401347.932250578
-31277323.14835602
-41327371.748022586
-245521.75000533042
32047685.225291427
-7665622.632014604
-17380932.244281612
25252353.03442408
23898849.78919707
53932283.614924274
42112308.38526683
9603326.000413742
17053048.006442867
8477855.811712703
-56322545.63047499
-10819884.060332486
84664458.70647499
23265477.074460007
53350102.05330141
11708658.795730948
2599282.629121514
-10025377.111513259
-2193479.1629831195
28376564.302929983
18185654.10509839
42016023.26975043
25726921.149046283
15385009.985284278
42094842.61077845
10633898.042443827
-15183424.604925396
1519268.4439615235
-1172141.2316532359
35911951.72588507
42395539.16208363
87338152.50347544
16762795.21852655
40850961.93851227
35133414.189394206
56123988.49311301
49977851.61380784
38028569.94929818
46148930.843509264
40703452.91172928
80770804.97106569
53331255.44838785
73596847.62559254
47658800.954084724
48732517.493509024
61970322.11838922
63550751.28287276
37391375.8107748
76762195.28770529
95531576.0081231
111827809.31872717
59402258.44143173
60994630.69601376
77871542.25740801
129361227.94004276
75046030.671983
78485982.28575468
103053471.48041369
46188494.78049448
114597480.3818658
81547514.58726707
86749282.90044428
97896473.33678839
114478819.30353291
88912092.67005536
153074802.21006453
165705296.54859084
185230531.9253413
181063239.41193673
179486036.42907673
193841801.0358737
212585354.27505845
216151008.79774404
182040656.8965409
194083500.52956668
195838796.9172839
233933570.1423853
226775443.32599306
217015049.97173595
244621557.57806754
262289875.14259374
216883770.24064153
285337373.4797485
246017157.64245364
270444009.1100309
281464385.3557128
259958811.7832873
276010726.9191468
248508329.46723604
311558625.6226021
260665918.79872835
241051934.64998642
232789496.80122572
259545019.3684841
247697490.06151602
219156031.004945
222800124.68988645
201884567.22526827
213616097.1481968
208992261.65225944
233147162.61074692
234124513.321335
212202480.65708035
211162921.46714792
207066566.0139372
154434507.68817225
212603264.30252248
241638199.40196186
206107908.63446712
190559788.1802847
161034460.76703307
180539100.82415125
190696464.0342946
181705178.5594319
184235719.09210142
187129689.68860623
124228760.76002261
162602068.8796695
125673912.06301767
143222119.88777196
159425630.4355873
111400734.04612944
101552510.36273417
173039309.59290904
167806957.08045772
72066319.67766759
105194367.94903192
80920034.1072212
127817783.5642837
117052103.45455238
110798528.430208
45261026.74010389
81099340.04051957
117479284.35325597
45455677.66706641
46843244.01945575
88908664.47512917
81394505.96783084
69703115.59001182
104600843.27522826
68754949.16357867
93310198.35570928
74883435.26246251
69776885.0559349
64077928.45736964
39487082.90028086
34590895.26402389
49884860.7561899
82491885.30977309
75856786.08023624
50215090.56410632
45367353.64402244
41386956.21244291
27213589.200640246
20991461.197813053
66198865.470884666
40763918.71574491
48089897.78691096
76238155.10382098
107904941.37005576
76632490.55977626
90893202.61820748
130492946.11188258
92141489.41949771
43978961.17963043
82124538.12288554
100156432.70220321
131518997.03477985
132260237.98072721
90874438.18983296
119465749.20913039
108446354.03221631
56741440.824122556
122164655.55931982
63796258.96647833
92584629.15108787
107019631.55866511
83210397.58065137
141392073.10071155
80548874.71053717
70388328.42679328
165202615.18094927
153939676.3003991
77671148.2047615
130288535.23826696
155019502.6619664
183189600.95911732
163968477.55046317
186529203.99172524
169451072.48476684
136037660.36513638
178811840.75633174
196358957.91313553
238091954.07961786
215463550.14305145
170642926.52319258
170024841.73485675
236891569.2786167
225934162.38774604
224342222.3835842
233000475.453566
266327646.38132545
256556783.72884223
244346958.37934566
292027706.9243483
207607755.1733985
271805777.0295477
214558318.76223642
185435270.98566452
258428678.65700454
219359170.3346203
243128645.75079346
231600260.60420847
226311445.9916207
265175485.87376073
233454386.92174658
152348446.7806389
218229511.58768457
216486047.91641778
202924167.84017456
186187272.09868297
231359558.87019777
207125038.33770123
141782364.92103654
205664163.78042758
170992876.36031342
139371818.28926775
166420064.85448802
190274976.33135104
144084214.74308163
154977908.23794988
173160422.9294044
97402517.10132118
72421057.52396518
143944666.64208257
125659708.6518607
92467431.56441307
150293221.7146312
134472613.39575183
86250975.9310385
104008901.55926795
46150653.09919471
80699730.47595915
100651552.78558023
65874769.43393117
61822738.924199626
67229276.94891423
39712754.01253294
52776055.35076036
95953572.59411047
41093153.705919564
72727740.17809871
94514682.36593181
34161449.64400648
14895197.035575636
66430871.600312516
-16692511.303596986
36616300.30528228
-1903954.1946065444
-15542114.4555589
38939809.060291655
41968623.04198074
52812198.87733401
14826362.363013435
25622431.587892048
31164524.38065923
18727082.071801674
-43991022.52749537
-25150868.229299434
1331545.8104322637
48284144.63311863
-23720811.36585366
-17473304.15303267
-10026344.60854268
-1525958.8539666524
-17881057.345964078
25083621.9909854
11168685.517417189
-6687489.535084842
43077316.337648496
-50093458.32698639
-53176097.596588604
-54037093.84439957
31693596.23353248
14747497.112008292
-24809189.907350074
-26213231.813568823
-27347508.307734117
-33271944.121961355
-41275800.26398808
27840017.99706699
10760733.939572103
-32655187.58415115
9897350.847961899
-4644930.053008607
-6804518.254649209
16502666.583056051
-57822607.963361084
-56187628.63104983
30197879.117135152
-5559576.76482464
-10702654.737488331
190061.98556292895
-37183050.408387706
-24059077.625134237
-3729213.8705850802
-21461670.21775591
-58307574.1111318
-66504171.345089644
-5031141.193194037
2077903.2018394466
-44944490.02318627
-18412216.757952623
-64643472.01754987
-11098492.430071533
-42033410.76046539
12427958.470164254
-18224308.062885135
-37524539.18195061
19066379.69080113
-28021456.209871072
17688992.321132775
-49593169.14320682
-18272810.330228627
-42256656.87144285
7057267.032837335
47937162.98076062
-17531106.03822732
51153126.73238619
44174236.69131127
-3529033.5333514214
16044918.88459162
-57779011.03876565
21210665.340382073
-9299381.490072144
-8284444.739488503
33337714.3706302
-35570906.94223604
45233134.84872556
-23607638.807216875
6091076.286047701
-8252846.603514526
5121855.10080738
70771182.48181856
28852832.621671513
28852960.113556497
61617440.862127304
18097308.327395327
79982917.38966456
84845907.64138222
34440606.43252216
105494467.83002137
24032814.803972356
56008180.00661515
77768240.54248881
66554036.80713476
51666492.58048689
87963143.61789593
160064362.7440869
161542966.40713215
157807292.7024867
149453867.1722369
178405303.18210307
196520287.98824823
279252827.43765616
295835394.3371624
355097600.4412931
416115242.34810144
462427175.1976417
516921174.44466674
458630874.8332887
523581542.93601334
501077099.4107175
364339765.3154127
354273723.81838995
345427087.2690234
275107889.359283
262183700.80006373
277874319.77624834
287757831.82835966
302428765.6510069
336951167.0076908
367118984.43249124
392338658.71609473
526888165.87303853
493696333.3100199
481444930.73018044
645767909.2494408
666454874.2777356
627062474.9218826
616194971.5999641
594060054.0525848
559662288.7367517
582708919.6320658
588209905.1492991
584300448.3843756
676872206.8369253
711764167.2374215
830786289.4268292
930116168.6914802
952567176.6587768
1105985543.6734533
1200040701.1573243
1365000256.7228985
1465453640.7409549
1503685527.5008707
1573472019.8403828
1597270597.0820148
1595411762.5925207
1585056706.6089065
1526253797.2779982
1422967806.780962
1368856318.689535
1311124982.3267064
1253163353.6398258
1203383533.4921036
1144456177.5277638
1042540011.8046296
1045274292.7160602
1022933674.0193262
999701821.9421077
997390079.265853
967293477.4388971
927570852.2946644
944395344.6249087
908679157.9915843
931562111.5684328
912720666.4547555
844955560.6352777
913600779.2885041
863187548.2775085
821483733.867491
763659042.8961524
775077832.5787867
725240899.5647224
644071387.3565717
597029792.0122756
648439171.0955317
577835360.0977854
494345919.32792425
513182911.4667231
455171616.5473088
446634313.8451055
363240621.4293295
348404787.7881032
388128535.33105147
368293999.4348865
297868882.57816315
260283677.70587808
320419787.96849847
302746134.35730124
187170877.06682274
220111361.74760717
194591837.05371457
218744141.70740795
239016208.80773115
175062107.64489788
180994434.93701714
166115735.86022997
152520491.06798664
153086454.3865319
122697770.2362765
142428655.6512825
128931724.41077182
99557076.964475
134740210.0175346
90138781.30318883
91241033.24579525
102590632.06784812
95134216.99068865
130326406.19317833
109197840.85474068
107248439.91715622
132422521.16918403
37889981.25760412
100376885.34563567
51847044.76073985
11583203.346193403
61283397.53919186
100594625.03140754
96177939.08015312
66154759.27173005
53483471.89092464
-2821033.4915076606
42026605.84694264
42476027.65671024
55572655.77481687
35817531.13665094
71965703.24703757
1145096.8204748183
62984691.82137372
111864612.95160735
12713137.281180233
27191062.317806218
-7160073.832275733
-3613619.2018029615
31669373.06350179
-11013281.424922943
-5176104.007086452
37642615.01418848
94618770.28329092
7017935.360141734
46135632.52823302
142121769.40065354
31984694.60956742
87649401.55089335
10801348.787273241
44925848.97115587
87080498.02968228
7352738.071361182
14743343.701384183
25680862.935460187
-6025184.004487753
34166302.92010306
40407472.131702155
-58124518.9492046
24184935.07849124
88123656.43215261
-21827041.984619398
-5076853.626161613
-135820.72588523664
5715029.939516317
-10847312.00820158
-7976003.789743399
70651284.73618373
-27390852.396877903
44597989.75349593
-20254807.39823871
-45361567.536650665
-33359175.44323635
-14689991.862960976
36842095.84437768
15963807.859123504
27403311.50744825
22089084.529606827
1595419.8785776217
-33090018.288414232
-4381009.487814314
16869767.14482236
55003543.3262036
23961418.632149097
1190613.9635264566
-60257966.76227654
3206635.1426260583
31771609.463867422
33547755.875752073
40583602.8036449
-16440348.246359581
-13981533.133303272
-58438191.012613304
-26169452.709797755
16086177.544517955
17359147.15676474
42610020.31251811
18220648.839706868
-5105551.13699889
-22224714.945831176
50820828.64370178
51163123.7158205
-17640319.66425825
-1107946.5020468188
29212414.147286326
-238572.14523127954
-13362765.365695525
113666631.48419061
55089931.43685615
25652186.655406125
29335259.699076973
38148572.51822759
34875006.393916324
31594431.83064578
51069681.439624146
25733770.761566296
13444863.368332967
9247261.669040602
28410689.1542127
50170440.09608918
10818199.549086917
16451091.114785656
22906214.670285337
-17086814.02010726
51589357.444940776
29952601.06670165
59673052.3046597
73105897.04303688
93121228.9640068
54332421.62340389
112273482.99010941
115840953.81215791
69221401.44296552
91090366.47852823
107852606.62070486
105410674.07148832
115542829.72644445
144058407.24549416
55948439.35691327
126132644.15202814
100803162.40527679
72003161.0919883
176846743.04704592
181602419.7150336
69060969.27616608
138706542.58682567
108940839.98848148
179696054.36011806
169925118.14253193
160401282.07275206
214593444.95284438
138284299.86957747
260526287.4497596
220624652.8567251
240050584.3322556
238654354.2843389
216164832.87907666
165604149.26139987
255626741.2242935
297948338.1073828
245356645.00479996
202876604.2209667
230482118.18299913
305528469.9781544
224660161.53049353
297813718.48221815
258555764.3519073
250257570.03504354
271433833.47322375
248908331.87867635
237106143.61118874
258754800.56319508
270537479.7729108
244001985.150948
249130925.90961713
219707473.89777118
218553520.84665185
208001786.65477094
251430017.56455195
195715417.72550496
164522694.75544918
191005939.24332815
179024587.24010795
195266687.57111892
240688203.62487608
193000215.55300865
172581413.80056986
179692764.95910954
146044446.93859503
198740997.40780073
141750386.9899436
159036883.87633032
204377286.4809561
135974736.90843242
132546114.3515229
187202197.4111989
133414682.43245618
163374087.35575643
115300383.51090458
79295132.53703165
157217699.31265134
152833760.867853
111259448.15808927
158030813.69211692
118838253.8331075
73196089.027824
99988853.1019276
64656466.97799037
111069237.08462007
36236487.44970859
130758056.97704434
108082183.40806125
91242119.80526333
80900787.83234245
51382939.086139455
51461399.08137573
127603173.35994533
95827074.6699431
60622943.67297424
47100393.24110216
-3256333.501720667
95536068.18864004
15340723.799367204
39609160.617140666
-39824837.07911423
71104296.96618891
81266772.98518503
59896384.41083609
2525467.686773993
15958973.38024947
64557048.774056405
42974605.65891505
38710526.96704221
-7018126.905083295
37668523.55943309
30211063.577018514
66932578.426892385
